Read	Volumes	involving Numerical Expressions
 Read	Numerical Expressions	involving Numerical Expressions
 Read	Numerical Equations	involving Numerical Expressions
 Read	Properties of Operations	involving Numerical Expressions
 Read	Patterns	involving Numerical Expressions
 Read	Areas	involving Numerical Expressions
 Read	Perimeters	involving Numerical Expressions
 Read	Data	involving Numerical Expressions
 Read	Surface Areas	involving Numerical Expressions
 Read	Realia	involving Numerical Expressions
 Read	Models	involving Numerical Expressions
 Read	Numerical Inequalities	involving Numerical Expressions
 Read	Lines	involving Numerical Expressions
 Read	Linear Equations	involving Numerical Expressions
 Read	Statistical Variability	involving Numerical Expressions
 Read	Distributions	involving Numerical Expressions
 Read	Populations	involving Numerical Expressions
 Read	Probability Models	involving Numerical Expressions
 Read	Sums	involving Numerical Expressions
 Read	Differences	involving Numerical Expressions
 Read	Products	involving Numerical Expressions
 Read	Quotients	involving Numerical Expressions
 Read	Remainders	involving Numerical Expressions
 Read	Groups	involving Numerical Expressions
 Read	Length	involving Numerical Expressions
 Read	Width	involving Numerical Expressions
 Read	Depth or Height	involving Numerical Expressions
 Write	Volumes	involving Numerical Expressions
 Write	Numerical Expressions	involving Numerical Expressions
 Write	Numerical Equations	involving Numerical Expressions
 Write	Properties of Operations	involving Numerical Expressions
 Write	Patterns	involving Numerical Expressions
 Write	Areas	involving Numerical Expressions
 Write	Perimeters	involving Numerical Expressions
 Write	Data	involving Numerical Expressions
 Write	Surface Areas	involving Numerical Expressions
 Write	Realia	involving Numerical Expressions
 Write	Models	involving Numerical Expressions
 Write	Numerical Inequalities	involving Numerical Expressions
 Write	Lines	involving Numerical Expressions
 Write	Linear Equations	involving Numerical Expressions
 Write	Statistical Variability	involving Numerical Expressions
 Write	Distributions	involving Numerical Expressions
 Write	Populations	involving Numerical Expressions
 Write	Probability Models	involving Numerical Expressions
 Write	Sums	involving Numerical Expressions
 Write	Differences	involving Numerical Expressions
 Write	Products	involving Numerical Expressions
 Write	Quotients	involving Numerical Expressions
 Write	Remainders	involving Numerical Expressions
 Write	Groups	involving Numerical Expressions
 Write	Length	involving Numerical Expressions
 Write	Width	involving Numerical Expressions
 Write	Depth or Height	involving Numerical Expressions
 Represent	Volumes	involving Numerical Expressions
 Represent	Numerical Expressions	involving Numerical Expressions
 Represent	Numerical Equations	involving Numerical Expressions
 Represent	Properties of Operations	involving Numerical Expressions
 Represent	Patterns	involving Numerical Expressions
 Represent	Areas	involving Numerical Expressions
 Represent	Perimeters	involving Numerical Expressions
 Represent	Data	involving Numerical Expressions
 Represent	Surface Areas	involving Numerical Expressions
 Represent	Realia	involving Numerical Expressions
 Represent	Models	involving Numerical Expressions
 Represent	Numerical Inequalities	involving Numerical Expressions
 Represent	Lines	involving Numerical Expressions
 Represent	Linear Equations	involving Numerical Expressions
 Represent	Statistical Variability	involving Numerical Expressions
 Represent	Distributions	involving Numerical Expressions
 Represent	Populations	involving Numerical Expressions
 Represent	Probability Models	involving Numerical Expressions
 Represent	Sums	involving Numerical Expressions
 Represent	Differences	involving Numerical Expressions
 Represent	Products	involving Numerical Expressions
 Represent	Quotients	involving Numerical Expressions
 Represent	Remainders	involving Numerical Expressions
 Represent	Groups	involving Numerical Expressions
 Represent	Length	involving Numerical Expressions
 Represent	Width	involving Numerical Expressions
 Represent	Depth or Height	involving Numerical Expressions
 Represent, with activities,	Volumes	involving Numerical Expressions
 Represent, with activities,	Numerical Expressions	involving Numerical Expressions
 Represent, with activities,	Numerical Equations	involving Numerical Expressions
 Represent, with activities,	Properties of Operations	involving Numerical Expressions
 Represent, with activities,	Patterns	involving Numerical Expressions
 Represent, with activities,	Areas	involving Numerical Expressions
 Represent, with activities,	Perimeters	involving Numerical Expressions
 Represent, with activities,	Data	involving Numerical Expressions
 Represent, with activities,	Surface Areas	involving Numerical Expressions
 Represent, with activities,	Realia	involving Numerical Expressions
 Represent, with activities,	Models	involving Numerical Expressions
 Represent, with activities,	Numerical Inequalities	involving Numerical Expressions
 Represent, with activities,	Lines	involving Numerical Expressions
 Represent, with activities,	Linear Equations	involving Numerical Expressions
 Represent, with activities,	Statistical Variability	involving Numerical Expressions
 Represent, with activities,	Distributions	involving Numerical Expressions
 Represent, with activities,	Populations	involving Numerical Expressions
 Represent, with activities,	Probability Models	involving Numerical Expressions
 Represent, with activities,	Sums	involving Numerical Expressions
 Represent, with activities,	Differences	involving Numerical Expressions
 Represent, with activities,	Products	involving Numerical Expressions
 Represent, with activities,	Quotients	involving Numerical Expressions
 Represent, with activities,	Remainders	involving Numerical Expressions
 Represent, with activities,	Groups	involving Numerical Expressions
 Represent, with activities,	Length	involving Numerical Expressions
 Represent, with activities,	Width	involving Numerical Expressions
 Represent, with activities,	Depth or Height	involving Numerical Expressions
 Represent, with symbols,	Volumes	involving Numerical Expressions
 Represent, with symbols,	Numerical Expressions	involving Numerical Expressions
 Represent, with symbols,	Numerical Equations	involving Numerical Expressions
 Represent, with symbols,	Properties of Operations	involving Numerical Expressions
 Represent, with symbols,	Patterns	involving Numerical Expressions
 Represent, with symbols,	Areas	involving Numerical Expressions
 Represent, with symbols,	Perimeters	involving Numerical Expressions
 Represent, with symbols,	Data	involving Numerical Expressions
 Represent, with symbols,	Surface Areas	involving Numerical Expressions
 Represent, with symbols,	Realia	involving Numerical Expressions
 Represent, with symbols,	Models	involving Numerical Expressions
 Represent, with symbols,	Numerical Inequalities	involving Numerical Expressions
 Represent, with symbols,	Lines	involving Numerical Expressions
 Represent, with symbols,	Linear Equations	involving Numerical Expressions
 Represent, with symbols,	Statistical Variability	involving Numerical Expressions
 Represent, with symbols,	Distributions	involving Numerical Expressions
 Represent, with symbols,	Populations	involving Numerical Expressions
 Represent, with symbols,	Probability Models	involving Numerical Expressions
 Represent, with symbols,	Sums	involving Numerical Expressions
 Represent, with symbols,	Differences	involving Numerical Expressions
 Represent, with symbols,	Products	involving Numerical Expressions
 Represent, with symbols,	Quotients	involving Numerical Expressions
 Represent, with symbols,	Remainders	involving Numerical Expressions
 Represent, with symbols,	Groups	involving Numerical Expressions
 Represent, with symbols,	Length	involving Numerical Expressions
 Represent, with symbols,	Width	involving Numerical Expressions
 Represent, with symbols,	Depth or Height	involving Numerical Expressions
 Represent, with graphs,	Volumes	involving Numerical Expressions
 Represent, with graphs,	Numerical Expressions	involving Numerical Expressions
 Represent, with graphs,	Numerical Equations	involving Numerical Expressions
 Represent, with graphs,	Properties of Operations	involving Numerical Expressions
 Represent, with graphs,	Patterns	involving Numerical Expressions
 Represent, with graphs,	Areas	involving Numerical Expressions
 Represent, with graphs,	Perimeters	involving Numerical Expressions
 Represent, with graphs,	Data	involving Numerical Expressions
 Represent, with graphs,	Surface Areas	involving Numerical Expressions
 Represent, with graphs,	Realia	involving Numerical Expressions
 Represent, with graphs,	Models	involving Numerical Expressions
 Represent, with graphs,	Numerical Inequalities	involving Numerical Expressions
 Represent, with graphs,	Lines	involving Numerical Expressions
 Represent, with graphs,	Linear Equations	involving Numerical Expressions
 Represent, with graphs,	Statistical Variability	involving Numerical Expressions
 Represent, with graphs,	Distributions	involving Numerical Expressions
 Represent, with graphs,	Populations	involving Numerical Expressions
 Represent, with graphs,	Probability Models	involving Numerical Expressions
 Represent, with graphs,	Sums	involving Numerical Expressions
 Represent, with graphs,	Differences	involving Numerical Expressions
 Represent, with graphs,	Products	involving Numerical Expressions
 Represent, with graphs,	Quotients	involving Numerical Expressions
 Represent, with graphs,	Remainders	involving Numerical Expressions
 Represent, with graphs,	Groups	involving Numerical Expressions
 Represent, with graphs,	Length	involving Numerical Expressions
 Represent, with graphs,	Width	involving Numerical Expressions
 Represent, with graphs,	Depth or Height	involving Numerical Expressions
