Evaluate	Volumes	involving Numerical Expressions
 Evaluate	Numerical Expressions	involving Numerical Expressions
 Evaluate	Numerical Equations	involving Numerical Expressions
 Evaluate	Properties of Operations	involving Numerical Expressions
 Evaluate	Patterns	involving Numerical Expressions
 Evaluate	Areas	involving Numerical Expressions
 Evaluate	Perimeters	involving Numerical Expressions
 Evaluate	Data	involving Numerical Expressions
 Evaluate	Surface Areas	involving Numerical Expressions
 Evaluate	Realia	involving Numerical Expressions
 Evaluate	Models	involving Numerical Expressions
 Evaluate	Numerical Inequalities	involving Numerical Expressions
 Evaluate	Lines	involving Numerical Expressions
 Evaluate	Linear Equations	involving Numerical Expressions
 Evaluate	Statistical Variability	involving Numerical Expressions
 Evaluate	Distributions	involving Numerical Expressions
 Evaluate	Populations	involving Numerical Expressions
 Evaluate	Probability Models	involving Numerical Expressions
 Evaluate	Sums	involving Numerical Expressions
 Evaluate	Differences	involving Numerical Expressions
 Evaluate	Products	involving Numerical Expressions
 Evaluate	Quotients	involving Numerical Expressions
 Evaluate	Remainders	involving Numerical Expressions
 Evaluate	Groups	involving Numerical Expressions
 Evaluate	Length	involving Numerical Expressions
 Evaluate	Width	involving Numerical Expressions
 Evaluate	Depth or Height	involving Numerical Expressions
 Understand	Volumes	involving Numerical Expressions
 Understand	Numerical Expressions	involving Numerical Expressions
 Understand	Numerical Equations	involving Numerical Expressions
 Understand	Properties of Operations	involving Numerical Expressions
 Understand	Patterns	involving Numerical Expressions
 Understand	Areas	involving Numerical Expressions
 Understand	Perimeters	involving Numerical Expressions
 Understand	Data	involving Numerical Expressions
 Understand	Surface Areas	involving Numerical Expressions
 Understand	Realia	involving Numerical Expressions
 Understand	Models	involving Numerical Expressions
 Understand	Numerical Inequalities	involving Numerical Expressions
 Understand	Lines	involving Numerical Expressions
 Understand	Linear Equations	involving Numerical Expressions
 Understand	Statistical Variability	involving Numerical Expressions
 Understand	Distributions	involving Numerical Expressions
 Understand	Populations	involving Numerical Expressions
 Understand	Probability Models	involving Numerical Expressions
 Understand	Sums	involving Numerical Expressions
 Understand	Differences	involving Numerical Expressions
 Understand	Products	involving Numerical Expressions
 Understand	Quotients	involving Numerical Expressions
 Understand	Remainders	involving Numerical Expressions
 Understand	Groups	involving Numerical Expressions
 Understand	Length	involving Numerical Expressions
 Understand	Width	involving Numerical Expressions
 Understand	Depth or Height	involving Numerical Expressions
 Apply	Volumes	involving Numerical Expressions
 Apply	Numerical Expressions	involving Numerical Expressions
 Apply	Numerical Equations	involving Numerical Expressions
 Apply	Properties of Operations	involving Numerical Expressions
 Apply	Patterns	involving Numerical Expressions
 Apply	Areas	involving Numerical Expressions
 Apply	Perimeters	involving Numerical Expressions
 Apply	Data	involving Numerical Expressions
 Apply	Surface Areas	involving Numerical Expressions
 Apply	Realia	involving Numerical Expressions
 Apply	Models	involving Numerical Expressions
 Apply	Numerical Inequalities	involving Numerical Expressions
 Apply	Lines	involving Numerical Expressions
 Apply	Linear Equations	involving Numerical Expressions
 Apply	Statistical Variability	involving Numerical Expressions
 Apply	Distributions	involving Numerical Expressions
 Apply	Populations	involving Numerical Expressions
 Apply	Probability Models	involving Numerical Expressions
 Apply	Sums	involving Numerical Expressions
 Apply	Differences	involving Numerical Expressions
 Apply	Products	involving Numerical Expressions
 Apply	Quotients	involving Numerical Expressions
 Apply	Remainders	involving Numerical Expressions
 Apply	Groups	involving Numerical Expressions
 Apply	Length	involving Numerical Expressions
 Apply	Width	involving Numerical Expressions
 Apply	Depth or Height	involving Numerical Expressions
 Analyze	Volumes	involving Numerical Expressions
 Analyze	Numerical Expressions	involving Numerical Expressions
 Analyze	Numerical Equations	involving Numerical Expressions
 Analyze	Properties of Operations	involving Numerical Expressions
 Analyze	Patterns	involving Numerical Expressions
 Analyze	Areas	involving Numerical Expressions
 Analyze	Perimeters	involving Numerical Expressions
 Analyze	Data	involving Numerical Expressions
 Analyze	Surface Areas	involving Numerical Expressions
 Analyze	Realia	involving Numerical Expressions
 Analyze	Models	involving Numerical Expressions
 Analyze	Numerical Inequalities	involving Numerical Expressions
 Analyze	Lines	involving Numerical Expressions
 Analyze	Linear Equations	involving Numerical Expressions
 Analyze	Statistical Variability	involving Numerical Expressions
 Analyze	Distributions	involving Numerical Expressions
 Analyze	Populations	involving Numerical Expressions
 Analyze	Probability Models	involving Numerical Expressions
 Analyze	Sums	involving Numerical Expressions
 Analyze	Differences	involving Numerical Expressions
 Analyze	Products	involving Numerical Expressions
 Analyze	Quotients	involving Numerical Expressions
 Analyze	Remainders	involving Numerical Expressions
 Analyze	Groups	involving Numerical Expressions
 Analyze	Length	involving Numerical Expressions
 Analyze	Width	involving Numerical Expressions
 Analyze	Depth or Height	involving Numerical Expressions
