Read	Naming	Numbers
 Read	Naming	Terms
 Read	Naming	Factors
 Read	Naming	Angles
 Read	Naming	Algebraic Expressions
 Read	Naming	Variables
 Read	Naming	Functions
 Read	Naming	Chance Processes
 Read	Naming	Arrays
 Read	Sequencing	Numbers
 Read	Sequencing	Terms
 Read	Sequencing	Factors
 Read	Sequencing	Angles
 Read	Sequencing	Algebraic Expressions
 Read	Sequencing	Variables
 Read	Sequencing	Functions
 Read	Sequencing	Chance Processes
 Read	Sequencing	Arrays
 Read	Ordering	Numbers
 Read	Ordering	Terms
 Read	Ordering	Factors
 Read	Ordering	Angles
 Read	Ordering	Algebraic Expressions
 Read	Ordering	Variables
 Read	Ordering	Functions
 Read	Ordering	Chance Processes
 Read	Ordering	Arrays
 Read	Adding	Numbers
 Read	Adding	Terms
 Read	Adding	Factors
 Read	Adding	Angles
 Read	Adding	Algebraic Expressions
 Read	Adding	Variables
 Read	Adding	Functions
 Read	Adding	Chance Processes
 Read	Adding	Arrays
 Read	Subtracting	Numbers
 Read	Subtracting	Terms
 Read	Subtracting	Factors
 Read	Subtracting	Angles
 Read	Subtracting	Algebraic Expressions
 Read	Subtracting	Variables
 Read	Subtracting	Functions
 Read	Subtracting	Chance Processes
 Read	Subtracting	Arrays
 Read	Multiplying	Numbers
 Read	Multiplying	Terms
 Read	Multiplying	Factors
 Read	Multiplying	Angles
 Read	Multiplying	Algebraic Expressions
 Read	Multiplying	Variables
 Read	Multiplying	Functions
 Read	Multiplying	Chance Processes
 Read	Multiplying	Arrays
 Read	Dividing	Numbers
 Read	Dividing	Terms
 Read	Dividing	Factors
 Read	Dividing	Angles
 Read	Dividing	Algebraic Expressions
 Read	Dividing	Variables
 Read	Dividing	Functions
 Read	Dividing	Chance Processes
 Read	Dividing	Arrays
 Read	Negating	Numbers
 Read	Negating	Terms
 Read	Negating	Factors
 Read	Negating	Angles
 Read	Negating	Algebraic Expressions
 Read	Negating	Variables
 Read	Negating	Functions
 Read	Negating	Chance Processes
 Read	Negating	Arrays
 Read	Exponentiating	Numbers
 Read	Exponentiating	Terms
 Read	Exponentiating	Factors
 Read	Exponentiating	Angles
 Read	Exponentiating	Algebraic Expressions
 Read	Exponentiating	Variables
 Read	Exponentiating	Functions
 Read	Exponentiating	Chance Processes
 Read	Exponentiating	Arrays
 Read	Grouping	Numbers
 Read	Grouping	Terms
 Read	Grouping	Factors
 Read	Grouping	Angles
 Read	Grouping	Algebraic Expressions
 Read	Grouping	Variables
 Read	Grouping	Functions
 Read	Grouping	Chance Processes
 Read	Grouping	Arrays
 Recite	Naming	Numbers
 Recite	Naming	Terms
 Recite	Naming	Factors
 Recite	Naming	Angles
 Recite	Naming	Algebraic Expressions
 Recite	Naming	Variables
 Recite	Naming	Functions
 Recite	Naming	Chance Processes
 Recite	Naming	Arrays
 Recite	Sequencing	Numbers
 Recite	Sequencing	Terms
 Recite	Sequencing	Factors
 Recite	Sequencing	Angles
 Recite	Sequencing	Algebraic Expressions
 Recite	Sequencing	Variables
 Recite	Sequencing	Functions
 Recite	Sequencing	Chance Processes
 Recite	Sequencing	Arrays
 Recite	Ordering	Numbers
 Recite	Ordering	Terms
 Recite	Ordering	Factors
 Recite	Ordering	Angles
 Recite	Ordering	Algebraic Expressions
 Recite	Ordering	Variables
 Recite	Ordering	Functions
 Recite	Ordering	Chance Processes
 Recite	Ordering	Arrays
 Recite	Adding	Numbers
 Recite	Adding	Terms
 Recite	Adding	Factors
 Recite	Adding	Angles
 Recite	Adding	Algebraic Expressions
 Recite	Adding	Variables
 Recite	Adding	Functions
 Recite	Adding	Chance Processes
 Recite	Adding	Arrays
 Recite	Subtracting	Numbers
 Recite	Subtracting	Terms
 Recite	Subtracting	Factors
 Recite	Subtracting	Angles
 Recite	Subtracting	Algebraic Expressions
 Recite	Subtracting	Variables
 Recite	Subtracting	Functions
 Recite	Subtracting	Chance Processes
 Recite	Subtracting	Arrays
 Recite	Multiplying	Numbers
 Recite	Multiplying	Terms
 Recite	Multiplying	Factors
 Recite	Multiplying	Angles
 Recite	Multiplying	Algebraic Expressions
 Recite	Multiplying	Variables
 Recite	Multiplying	Functions
 Recite	Multiplying	Chance Processes
 Recite	Multiplying	Arrays
 Recite	Dividing	Numbers
 Recite	Dividing	Terms
 Recite	Dividing	Factors
 Recite	Dividing	Angles
 Recite	Dividing	Algebraic Expressions
 Recite	Dividing	Variables
 Recite	Dividing	Functions
 Recite	Dividing	Chance Processes
 Recite	Dividing	Arrays
 Recite	Negating	Numbers
 Recite	Negating	Terms
 Recite	Negating	Factors
 Recite	Negating	Angles
 Recite	Negating	Algebraic Expressions
 Recite	Negating	Variables
 Recite	Negating	Functions
 Recite	Negating	Chance Processes
 Recite	Negating	Arrays
 Recite	Exponentiating	Numbers
 Recite	Exponentiating	Terms
 Recite	Exponentiating	Factors
 Recite	Exponentiating	Angles
 Recite	Exponentiating	Algebraic Expressions
 Recite	Exponentiating	Variables
 Recite	Exponentiating	Functions
 Recite	Exponentiating	Chance Processes
 Recite	Exponentiating	Arrays
 Recite	Grouping	Numbers
 Recite	Grouping	Terms
 Recite	Grouping	Factors
 Recite	Grouping	Angles
 Recite	Grouping	Algebraic Expressions
 Recite	Grouping	Variables
 Recite	Grouping	Functions
 Recite	Grouping	Chance Processes
 Recite	Grouping	Arrays
 Write	Naming	Numbers
 Write	Naming	Terms
 Write	Naming	Factors
 Write	Naming	Angles
 Write	Naming	Algebraic Expressions
 Write	Naming	Variables
 Write	Naming	Functions
 Write	Naming	Chance Processes
 Write	Naming	Arrays
 Write	Sequencing	Numbers
 Write	Sequencing	Terms
 Write	Sequencing	Factors
 Write	Sequencing	Angles
 Write	Sequencing	Algebraic Expressions
 Write	Sequencing	Variables
 Write	Sequencing	Functions
 Write	Sequencing	Chance Processes
 Write	Sequencing	Arrays
 Write	Ordering	Numbers
 Write	Ordering	Terms
 Write	Ordering	Factors
 Write	Ordering	Angles
 Write	Ordering	Algebraic Expressions
 Write	Ordering	Variables
 Write	Ordering	Functions
 Write	Ordering	Chance Processes
 Write	Ordering	Arrays
 Write	Adding	Numbers
 Write	Adding	Terms
 Write	Adding	Factors
 Write	Adding	Angles
 Write	Adding	Algebraic Expressions
 Write	Adding	Variables
 Write	Adding	Functions
 Write	Adding	Chance Processes
 Write	Adding	Arrays
 Write	Subtracting	Numbers
 Write	Subtracting	Terms
 Write	Subtracting	Factors
 Write	Subtracting	Angles
 Write	Subtracting	Algebraic Expressions
 Write	Subtracting	Variables
 Write	Subtracting	Functions
 Write	Subtracting	Chance Processes
 Write	Subtracting	Arrays
 Write	Multiplying	Numbers
 Write	Multiplying	Terms
 Write	Multiplying	Factors
 Write	Multiplying	Angles
 Write	Multiplying	Algebraic Expressions
 Write	Multiplying	Variables
 Write	Multiplying	Functions
 Write	Multiplying	Chance Processes
 Write	Multiplying	Arrays
 Write	Dividing	Numbers
 Write	Dividing	Terms
 Write	Dividing	Factors
 Write	Dividing	Angles
 Write	Dividing	Algebraic Expressions
 Write	Dividing	Variables
 Write	Dividing	Functions
 Write	Dividing	Chance Processes
 Write	Dividing	Arrays
 Write	Negating	Numbers
 Write	Negating	Terms
 Write	Negating	Factors
 Write	Negating	Angles
 Write	Negating	Algebraic Expressions
 Write	Negating	Variables
 Write	Negating	Functions
 Write	Negating	Chance Processes
 Write	Negating	Arrays
 Write	Exponentiating	Numbers
 Write	Exponentiating	Terms
 Write	Exponentiating	Factors
 Write	Exponentiating	Angles
 Write	Exponentiating	Algebraic Expressions
 Write	Exponentiating	Variables
 Write	Exponentiating	Functions
 Write	Exponentiating	Chance Processes
 Write	Exponentiating	Arrays
 Write	Grouping	Numbers
 Write	Grouping	Terms
 Write	Grouping	Factors
 Write	Grouping	Angles
 Write	Grouping	Algebraic Expressions
 Write	Grouping	Variables
 Write	Grouping	Functions
 Write	Grouping	Chance Processes
 Write	Grouping	Arrays
 Represent	Naming	Numbers
 Represent	Naming	Terms
 Represent	Naming	Factors
 Represent	Naming	Angles
 Represent	Naming	Algebraic Expressions
 Represent	Naming	Variables
 Represent	Naming	Functions
 Represent	Naming	Chance Processes
 Represent	Naming	Arrays
 Represent	Sequencing	Numbers
 Represent	Sequencing	Terms
 Represent	Sequencing	Factors
 Represent	Sequencing	Angles
 Represent	Sequencing	Algebraic Expressions
 Represent	Sequencing	Variables
 Represent	Sequencing	Functions
 Represent	Sequencing	Chance Processes
 Represent	Sequencing	Arrays
 Represent	Ordering	Numbers
 Represent	Ordering	Terms
 Represent	Ordering	Factors
 Represent	Ordering	Angles
 Represent	Ordering	Algebraic Expressions
 Represent	Ordering	Variables
 Represent	Ordering	Functions
 Represent	Ordering	Chance Processes
 Represent	Ordering	Arrays
 Represent	Adding	Numbers
 Represent	Adding	Terms
 Represent	Adding	Factors
 Represent	Adding	Angles
 Represent	Adding	Algebraic Expressions
 Represent	Adding	Variables
 Represent	Adding	Functions
 Represent	Adding	Chance Processes
 Represent	Adding	Arrays
 Represent	Subtracting	Numbers
 Represent	Subtracting	Terms
 Represent	Subtracting	Factors
 Represent	Subtracting	Angles
 Represent	Subtracting	Algebraic Expressions
 Represent	Subtracting	Variables
 Represent	Subtracting	Functions
 Represent	Subtracting	Chance Processes
 Represent	Subtracting	Arrays
 Represent	Multiplying	Numbers
 Represent	Multiplying	Terms
 Represent	Multiplying	Factors
 Represent	Multiplying	Angles
 Represent	Multiplying	Algebraic Expressions
 Represent	Multiplying	Variables
 Represent	Multiplying	Functions
 Represent	Multiplying	Chance Processes
 Represent	Multiplying	Arrays
 Represent	Dividing	Numbers
 Represent	Dividing	Terms
 Represent	Dividing	Factors
 Represent	Dividing	Angles
 Represent	Dividing	Algebraic Expressions
 Represent	Dividing	Variables
 Represent	Dividing	Functions
 Represent	Dividing	Chance Processes
 Represent	Dividing	Arrays
 Represent	Negating	Numbers
 Represent	Negating	Terms
 Represent	Negating	Factors
 Represent	Negating	Angles
 Represent	Negating	Algebraic Expressions
 Represent	Negating	Variables
 Represent	Negating	Functions
 Represent	Negating	Chance Processes
 Represent	Negating	Arrays
 Represent	Exponentiating	Numbers
 Represent	Exponentiating	Terms
 Represent	Exponentiating	Factors
 Represent	Exponentiating	Angles
 Represent	Exponentiating	Algebraic Expressions
 Represent	Exponentiating	Variables
 Represent	Exponentiating	Functions
 Represent	Exponentiating	Chance Processes
 Represent	Exponentiating	Arrays
 Represent	Grouping	Numbers
 Represent	Grouping	Terms
 Represent	Grouping	Factors
 Represent	Grouping	Angles
 Represent	Grouping	Algebraic Expressions
 Represent	Grouping	Variables
 Represent	Grouping	Functions
 Represent	Grouping	Chance Processes
 Represent	Grouping	Arrays
 Represent with images	Naming	Numbers
 Represent with images	Naming	Terms
 Represent with images	Naming	Factors
 Represent with images	Naming	Angles
 Represent with images	Naming	Algebraic Expressions
 Represent with images	Naming	Variables
 Represent with images	Naming	Functions
 Represent with images	Naming	Chance Processes
 Represent with images	Naming	Arrays
 Represent with images	Sequencing	Numbers
 Represent with images	Sequencing	Terms
 Represent with images	Sequencing	Factors
 Represent with images	Sequencing	Angles
 Represent with images	Sequencing	Algebraic Expressions
 Represent with images	Sequencing	Variables
 Represent with images	Sequencing	Functions
 Represent with images	Sequencing	Chance Processes
 Represent with images	Sequencing	Arrays
 Represent with images	Ordering	Numbers
 Represent with images	Ordering	Terms
 Represent with images	Ordering	Factors
 Represent with images	Ordering	Angles
 Represent with images	Ordering	Algebraic Expressions
 Represent with images	Ordering	Variables
 Represent with images	Ordering	Functions
 Represent with images	Ordering	Chance Processes
 Represent with images	Ordering	Arrays
 Represent with images	Adding	Numbers
 Represent with images	Adding	Terms
 Represent with images	Adding	Factors
 Represent with images	Adding	Angles
 Represent with images	Adding	Algebraic Expressions
 Represent with images	Adding	Variables
 Represent with images	Adding	Functions
 Represent with images	Adding	Chance Processes
 Represent with images	Adding	Arrays
 Represent with images	Subtracting	Numbers
 Represent with images	Subtracting	Terms
 Represent with images	Subtracting	Factors
 Represent with images	Subtracting	Angles
 Represent with images	Subtracting	Algebraic Expressions
 Represent with images	Subtracting	Variables
 Represent with images	Subtracting	Functions
 Represent with images	Subtracting	Chance Processes
 Represent with images	Subtracting	Arrays
 Represent with images	Multiplying	Numbers
 Represent with images	Multiplying	Terms
 Represent with images	Multiplying	Factors
 Represent with images	Multiplying	Angles
 Represent with images	Multiplying	Algebraic Expressions
 Represent with images	Multiplying	Variables
 Represent with images	Multiplying	Functions
 Represent with images	Multiplying	Chance Processes
 Represent with images	Multiplying	Arrays
 Represent with images	Dividing	Numbers
 Represent with images	Dividing	Terms
 Represent with images	Dividing	Factors
 Represent with images	Dividing	Angles
 Represent with images	Dividing	Algebraic Expressions
 Represent with images	Dividing	Variables
 Represent with images	Dividing	Functions
 Represent with images	Dividing	Chance Processes
 Represent with images	Dividing	Arrays
 Represent with images	Negating	Numbers
 Represent with images	Negating	Terms
 Represent with images	Negating	Factors
 Represent with images	Negating	Angles
 Represent with images	Negating	Algebraic Expressions
 Represent with images	Negating	Variables
 Represent with images	Negating	Functions
 Represent with images	Negating	Chance Processes
 Represent with images	Negating	Arrays
 Represent with images	Exponentiating	Numbers
 Represent with images	Exponentiating	Terms
 Represent with images	Exponentiating	Factors
 Represent with images	Exponentiating	Angles
 Represent with images	Exponentiating	Algebraic Expressions
 Represent with images	Exponentiating	Variables
 Represent with images	Exponentiating	Functions
 Represent with images	Exponentiating	Chance Processes
 Represent with images	Exponentiating	Arrays
 Represent with images	Grouping	Numbers
 Represent with images	Grouping	Terms
 Represent with images	Grouping	Factors
 Represent with images	Grouping	Angles
 Represent with images	Grouping	Algebraic Expressions
 Represent with images	Grouping	Variables
 Represent with images	Grouping	Functions
 Represent with images	Grouping	Chance Processes
 Represent with images	Grouping	Arrays
 Represent with sounds	Naming	Numbers
 Represent with sounds	Naming	Terms
 Represent with sounds	Naming	Factors
 Represent with sounds	Naming	Angles
 Represent with sounds	Naming	Algebraic Expressions
 Represent with sounds	Naming	Variables
 Represent with sounds	Naming	Functions
 Represent with sounds	Naming	Chance Processes
 Represent with sounds	Naming	Arrays
 Represent with sounds	Sequencing	Numbers
 Represent with sounds	Sequencing	Terms
 Represent with sounds	Sequencing	Factors
 Represent with sounds	Sequencing	Angles
 Represent with sounds	Sequencing	Algebraic Expressions
 Represent with sounds	Sequencing	Variables
 Represent with sounds	Sequencing	Functions
 Represent with sounds	Sequencing	Chance Processes
 Represent with sounds	Sequencing	Arrays
 Represent with sounds	Ordering	Numbers
 Represent with sounds	Ordering	Terms
 Represent with sounds	Ordering	Factors
 Represent with sounds	Ordering	Angles
 Represent with sounds	Ordering	Algebraic Expressions
 Represent with sounds	Ordering	Variables
 Represent with sounds	Ordering	Functions
 Represent with sounds	Ordering	Chance Processes
 Represent with sounds	Ordering	Arrays
 Represent with sounds	Adding	Numbers
 Represent with sounds	Adding	Terms
 Represent with sounds	Adding	Factors
 Represent with sounds	Adding	Angles
 Represent with sounds	Adding	Algebraic Expressions
 Represent with sounds	Adding	Variables
 Represent with sounds	Adding	Functions
 Represent with sounds	Adding	Chance Processes
 Represent with sounds	Adding	Arrays
 Represent with sounds	Subtracting	Numbers
 Represent with sounds	Subtracting	Terms
 Represent with sounds	Subtracting	Factors
 Represent with sounds	Subtracting	Angles
 Represent with sounds	Subtracting	Algebraic Expressions
 Represent with sounds	Subtracting	Variables
 Represent with sounds	Subtracting	Functions
 Represent with sounds	Subtracting	Chance Processes
 Represent with sounds	Subtracting	Arrays
 Represent with sounds	Multiplying	Numbers
 Represent with sounds	Multiplying	Terms
 Represent with sounds	Multiplying	Factors
 Represent with sounds	Multiplying	Angles
 Represent with sounds	Multiplying	Algebraic Expressions
 Represent with sounds	Multiplying	Variables
 Represent with sounds	Multiplying	Functions
 Represent with sounds	Multiplying	Chance Processes
 Represent with sounds	Multiplying	Arrays
 Represent with sounds	Dividing	Numbers
 Represent with sounds	Dividing	Terms
 Represent with sounds	Dividing	Factors
 Represent with sounds	Dividing	Angles
 Represent with sounds	Dividing	Algebraic Expressions
 Represent with sounds	Dividing	Variables
 Represent with sounds	Dividing	Functions
 Represent with sounds	Dividing	Chance Processes
 Represent with sounds	Dividing	Arrays
 Represent with sounds	Negating	Numbers
 Represent with sounds	Negating	Terms
 Represent with sounds	Negating	Factors
 Represent with sounds	Negating	Angles
 Represent with sounds	Negating	Algebraic Expressions
 Represent with sounds	Negating	Variables
 Represent with sounds	Negating	Functions
 Represent with sounds	Negating	Chance Processes
 Represent with sounds	Negating	Arrays
 Represent with sounds	Exponentiating	Numbers
 Represent with sounds	Exponentiating	Terms
 Represent with sounds	Exponentiating	Factors
 Represent with sounds	Exponentiating	Angles
 Represent with sounds	Exponentiating	Algebraic Expressions
 Represent with sounds	Exponentiating	Variables
 Represent with sounds	Exponentiating	Functions
 Represent with sounds	Exponentiating	Chance Processes
 Represent with sounds	Exponentiating	Arrays
 Represent with sounds	Grouping	Numbers
 Represent with sounds	Grouping	Terms
 Represent with sounds	Grouping	Factors
 Represent with sounds	Grouping	Angles
 Represent with sounds	Grouping	Algebraic Expressions
 Represent with sounds	Grouping	Variables
 Represent with sounds	Grouping	Functions
 Represent with sounds	Grouping	Chance Processes
 Represent with sounds	Grouping	Arrays
 Represent with activities	Naming	Numbers
 Represent with activities	Naming	Terms
 Represent with activities	Naming	Factors
 Represent with activities	Naming	Angles
 Represent with activities	Naming	Algebraic Expressions
 Represent with activities	Naming	Variables
 Represent with activities	Naming	Functions
 Represent with activities	Naming	Chance Processes
 Represent with activities	Naming	Arrays
 Represent with activities	Sequencing	Numbers
 Represent with activities	Sequencing	Terms
 Represent with activities	Sequencing	Factors
 Represent with activities	Sequencing	Angles
 Represent with activities	Sequencing	Algebraic Expressions
 Represent with activities	Sequencing	Variables
 Represent with activities	Sequencing	Functions
 Represent with activities	Sequencing	Chance Processes
 Represent with activities	Sequencing	Arrays
 Represent with activities	Ordering	Numbers
 Represent with activities	Ordering	Terms
 Represent with activities	Ordering	Factors
 Represent with activities	Ordering	Angles
 Represent with activities	Ordering	Algebraic Expressions
 Represent with activities	Ordering	Variables
 Represent with activities	Ordering	Functions
 Represent with activities	Ordering	Chance Processes
 Represent with activities	Ordering	Arrays
 Represent with activities	Adding	Numbers
 Represent with activities	Adding	Terms
 Represent with activities	Adding	Factors
 Represent with activities	Adding	Angles
 Represent with activities	Adding	Algebraic Expressions
 Represent with activities	Adding	Variables
 Represent with activities	Adding	Functions
 Represent with activities	Adding	Chance Processes
 Represent with activities	Adding	Arrays
 Represent with activities	Subtracting	Numbers
 Represent with activities	Subtracting	Terms
 Represent with activities	Subtracting	Factors
 Represent with activities	Subtracting	Angles
 Represent with activities	Subtracting	Algebraic Expressions
 Represent with activities	Subtracting	Variables
 Represent with activities	Subtracting	Functions
 Represent with activities	Subtracting	Chance Processes
 Represent with activities	Subtracting	Arrays
 Represent with activities	Multiplying	Numbers
 Represent with activities	Multiplying	Terms
 Represent with activities	Multiplying	Factors
 Represent with activities	Multiplying	Angles
 Represent with activities	Multiplying	Algebraic Expressions
 Represent with activities	Multiplying	Variables
 Represent with activities	Multiplying	Functions
 Represent with activities	Multiplying	Chance Processes
 Represent with activities	Multiplying	Arrays
 Represent with activities	Dividing	Numbers
 Represent with activities	Dividing	Terms
 Represent with activities	Dividing	Factors
 Represent with activities	Dividing	Angles
 Represent with activities	Dividing	Algebraic Expressions
 Represent with activities	Dividing	Variables
 Represent with activities	Dividing	Functions
 Represent with activities	Dividing	Chance Processes
 Represent with activities	Dividing	Arrays
 Represent with activities	Negating	Numbers
 Represent with activities	Negating	Terms
 Represent with activities	Negating	Factors
 Represent with activities	Negating	Angles
 Represent with activities	Negating	Algebraic Expressions
 Represent with activities	Negating	Variables
 Represent with activities	Negating	Functions
 Represent with activities	Negating	Chance Processes
 Represent with activities	Negating	Arrays
 Represent with activities	Exponentiating	Numbers
 Represent with activities	Exponentiating	Terms
 Represent with activities	Exponentiating	Factors
 Represent with activities	Exponentiating	Angles
 Represent with activities	Exponentiating	Algebraic Expressions
 Represent with activities	Exponentiating	Variables
 Represent with activities	Exponentiating	Functions
 Represent with activities	Exponentiating	Chance Processes
 Represent with activities	Exponentiating	Arrays
 Represent with activities	Grouping	Numbers
 Represent with activities	Grouping	Terms
 Represent with activities	Grouping	Factors
 Represent with activities	Grouping	Angles
 Represent with activities	Grouping	Algebraic Expressions
 Represent with activities	Grouping	Variables
 Represent with activities	Grouping	Functions
 Represent with activities	Grouping	Chance Processes
 Represent with activities	Grouping	Arrays
 Represent with specimens	Naming	Numbers
 Represent with specimens	Naming	Terms
 Represent with specimens	Naming	Factors
 Represent with specimens	Naming	Angles
 Represent with specimens	Naming	Algebraic Expressions
 Represent with specimens	Naming	Variables
 Represent with specimens	Naming	Functions
 Represent with specimens	Naming	Chance Processes
 Represent with specimens	Naming	Arrays
 Represent with specimens	Sequencing	Numbers
 Represent with specimens	Sequencing	Terms
 Represent with specimens	Sequencing	Factors
 Represent with specimens	Sequencing	Angles
 Represent with specimens	Sequencing	Algebraic Expressions
 Represent with specimens	Sequencing	Variables
 Represent with specimens	Sequencing	Functions
 Represent with specimens	Sequencing	Chance Processes
 Represent with specimens	Sequencing	Arrays
 Represent with specimens	Ordering	Numbers
 Represent with specimens	Ordering	Terms
 Represent with specimens	Ordering	Factors
 Represent with specimens	Ordering	Angles
 Represent with specimens	Ordering	Algebraic Expressions
 Represent with specimens	Ordering	Variables
 Represent with specimens	Ordering	Functions
 Represent with specimens	Ordering	Chance Processes
 Represent with specimens	Ordering	Arrays
 Represent with specimens	Adding	Numbers
 Represent with specimens	Adding	Terms
 Represent with specimens	Adding	Factors
 Represent with specimens	Adding	Angles
 Represent with specimens	Adding	Algebraic Expressions
 Represent with specimens	Adding	Variables
 Represent with specimens	Adding	Functions
 Represent with specimens	Adding	Chance Processes
 Represent with specimens	Adding	Arrays
 Represent with specimens	Subtracting	Numbers
 Represent with specimens	Subtracting	Terms
 Represent with specimens	Subtracting	Factors
 Represent with specimens	Subtracting	Angles
 Represent with specimens	Subtracting	Algebraic Expressions
 Represent with specimens	Subtracting	Variables
 Represent with specimens	Subtracting	Functions
 Represent with specimens	Subtracting	Chance Processes
 Represent with specimens	Subtracting	Arrays
 Represent with specimens	Multiplying	Numbers
 Represent with specimens	Multiplying	Terms
 Represent with specimens	Multiplying	Factors
 Represent with specimens	Multiplying	Angles
 Represent with specimens	Multiplying	Algebraic Expressions
 Represent with specimens	Multiplying	Variables
 Represent with specimens	Multiplying	Functions
 Represent with specimens	Multiplying	Chance Processes
 Represent with specimens	Multiplying	Arrays
 Represent with specimens	Dividing	Numbers
 Represent with specimens	Dividing	Terms
 Represent with specimens	Dividing	Factors
 Represent with specimens	Dividing	Angles
 Represent with specimens	Dividing	Algebraic Expressions
 Represent with specimens	Dividing	Variables
 Represent with specimens	Dividing	Functions
 Represent with specimens	Dividing	Chance Processes
 Represent with specimens	Dividing	Arrays
 Represent with specimens	Negating	Numbers
 Represent with specimens	Negating	Terms
 Represent with specimens	Negating	Factors
 Represent with specimens	Negating	Angles
 Represent with specimens	Negating	Algebraic Expressions
 Represent with specimens	Negating	Variables
 Represent with specimens	Negating	Functions
 Represent with specimens	Negating	Chance Processes
 Represent with specimens	Negating	Arrays
 Represent with specimens	Exponentiating	Numbers
 Represent with specimens	Exponentiating	Terms
 Represent with specimens	Exponentiating	Factors
 Represent with specimens	Exponentiating	Angles
 Represent with specimens	Exponentiating	Algebraic Expressions
 Represent with specimens	Exponentiating	Variables
 Represent with specimens	Exponentiating	Functions
 Represent with specimens	Exponentiating	Chance Processes
 Represent with specimens	Exponentiating	Arrays
 Represent with specimens	Grouping	Numbers
 Represent with specimens	Grouping	Terms
 Represent with specimens	Grouping	Factors
 Represent with specimens	Grouping	Angles
 Represent with specimens	Grouping	Algebraic Expressions
 Represent with specimens	Grouping	Variables
 Represent with specimens	Grouping	Functions
 Represent with specimens	Grouping	Chance Processes
 Represent with specimens	Grouping	Arrays
 Represent with body parts	Naming	Numbers
 Represent with body parts	Naming	Terms
 Represent with body parts	Naming	Factors
 Represent with body parts	Naming	Angles
 Represent with body parts	Naming	Algebraic Expressions
 Represent with body parts	Naming	Variables
 Represent with body parts	Naming	Functions
 Represent with body parts	Naming	Chance Processes
 Represent with body parts	Naming	Arrays
 Represent with body parts	Sequencing	Numbers
 Represent with body parts	Sequencing	Terms
 Represent with body parts	Sequencing	Factors
 Represent with body parts	Sequencing	Angles
 Represent with body parts	Sequencing	Algebraic Expressions
 Represent with body parts	Sequencing	Variables
 Represent with body parts	Sequencing	Functions
 Represent with body parts	Sequencing	Chance Processes
 Represent with body parts	Sequencing	Arrays
 Represent with body parts	Ordering	Numbers
 Represent with body parts	Ordering	Terms
 Represent with body parts	Ordering	Factors
 Represent with body parts	Ordering	Angles
 Represent with body parts	Ordering	Algebraic Expressions
 Represent with body parts	Ordering	Variables
 Represent with body parts	Ordering	Functions
 Represent with body parts	Ordering	Chance Processes
 Represent with body parts	Ordering	Arrays
 Represent with body parts	Adding	Numbers
 Represent with body parts	Adding	Terms
 Represent with body parts	Adding	Factors
 Represent with body parts	Adding	Angles
 Represent with body parts	Adding	Algebraic Expressions
 Represent with body parts	Adding	Variables
 Represent with body parts	Adding	Functions
 Represent with body parts	Adding	Chance Processes
 Represent with body parts	Adding	Arrays
 Represent with body parts	Subtracting	Numbers
 Represent with body parts	Subtracting	Terms
 Represent with body parts	Subtracting	Factors
 Represent with body parts	Subtracting	Angles
 Represent with body parts	Subtracting	Algebraic Expressions
 Represent with body parts	Subtracting	Variables
 Represent with body parts	Subtracting	Functions
 Represent with body parts	Subtracting	Chance Processes
 Represent with body parts	Subtracting	Arrays
 Represent with body parts	Multiplying	Numbers
 Represent with body parts	Multiplying	Terms
 Represent with body parts	Multiplying	Factors
 Represent with body parts	Multiplying	Angles
 Represent with body parts	Multiplying	Algebraic Expressions
 Represent with body parts	Multiplying	Variables
 Represent with body parts	Multiplying	Functions
 Represent with body parts	Multiplying	Chance Processes
 Represent with body parts	Multiplying	Arrays
 Represent with body parts	Dividing	Numbers
 Represent with body parts	Dividing	Terms
 Represent with body parts	Dividing	Factors
 Represent with body parts	Dividing	Angles
 Represent with body parts	Dividing	Algebraic Expressions
 Represent with body parts	Dividing	Variables
 Represent with body parts	Dividing	Functions
 Represent with body parts	Dividing	Chance Processes
 Represent with body parts	Dividing	Arrays
 Represent with body parts	Negating	Numbers
 Represent with body parts	Negating	Terms
 Represent with body parts	Negating	Factors
 Represent with body parts	Negating	Angles
 Represent with body parts	Negating	Algebraic Expressions
 Represent with body parts	Negating	Variables
 Represent with body parts	Negating	Functions
 Represent with body parts	Negating	Chance Processes
 Represent with body parts	Negating	Arrays
 Represent with body parts	Exponentiating	Numbers
 Represent with body parts	Exponentiating	Terms
 Represent with body parts	Exponentiating	Factors
 Represent with body parts	Exponentiating	Angles
 Represent with body parts	Exponentiating	Algebraic Expressions
 Represent with body parts	Exponentiating	Variables
 Represent with body parts	Exponentiating	Functions
 Represent with body parts	Exponentiating	Chance Processes
 Represent with body parts	Exponentiating	Arrays
 Represent with body parts	Grouping	Numbers
 Represent with body parts	Grouping	Terms
 Represent with body parts	Grouping	Factors
 Represent with body parts	Grouping	Angles
 Represent with body parts	Grouping	Algebraic Expressions
 Represent with body parts	Grouping	Variables
 Represent with body parts	Grouping	Functions
 Represent with body parts	Grouping	Chance Processes
 Represent with body parts	Grouping	Arrays
 Represent with words	Naming	Numbers
 Represent with words	Naming	Terms
 Represent with words	Naming	Factors
 Represent with words	Naming	Angles
 Represent with words	Naming	Algebraic Expressions
 Represent with words	Naming	Variables
 Represent with words	Naming	Functions
 Represent with words	Naming	Chance Processes
 Represent with words	Naming	Arrays
 Represent with words	Sequencing	Numbers
 Represent with words	Sequencing	Terms
 Represent with words	Sequencing	Factors
 Represent with words	Sequencing	Angles
 Represent with words	Sequencing	Algebraic Expressions
 Represent with words	Sequencing	Variables
 Represent with words	Sequencing	Functions
 Represent with words	Sequencing	Chance Processes
 Represent with words	Sequencing	Arrays
 Represent with words	Ordering	Numbers
 Represent with words	Ordering	Terms
 Represent with words	Ordering	Factors
 Represent with words	Ordering	Angles
 Represent with words	Ordering	Algebraic Expressions
 Represent with words	Ordering	Variables
 Represent with words	Ordering	Functions
 Represent with words	Ordering	Chance Processes
 Represent with words	Ordering	Arrays
 Represent with words	Adding	Numbers
 Represent with words	Adding	Terms
 Represent with words	Adding	Factors
 Represent with words	Adding	Angles
 Represent with words	Adding	Algebraic Expressions
 Represent with words	Adding	Variables
 Represent with words	Adding	Functions
 Represent with words	Adding	Chance Processes
 Represent with words	Adding	Arrays
 Represent with words	Subtracting	Numbers
 Represent with words	Subtracting	Terms
 Represent with words	Subtracting	Factors
 Represent with words	Subtracting	Angles
 Represent with words	Subtracting	Algebraic Expressions
 Represent with words	Subtracting	Variables
 Represent with words	Subtracting	Functions
 Represent with words	Subtracting	Chance Processes
 Represent with words	Subtracting	Arrays
 Represent with words	Multiplying	Numbers
 Represent with words	Multiplying	Terms
 Represent with words	Multiplying	Factors
 Represent with words	Multiplying	Angles
 Represent with words	Multiplying	Algebraic Expressions
 Represent with words	Multiplying	Variables
 Represent with words	Multiplying	Functions
 Represent with words	Multiplying	Chance Processes
 Represent with words	Multiplying	Arrays
 Represent with words	Dividing	Numbers
 Represent with words	Dividing	Terms
 Represent with words	Dividing	Factors
 Represent with words	Dividing	Angles
 Represent with words	Dividing	Algebraic Expressions
 Represent with words	Dividing	Variables
 Represent with words	Dividing	Functions
 Represent with words	Dividing	Chance Processes
 Represent with words	Dividing	Arrays
 Represent with words	Negating	Numbers
 Represent with words	Negating	Terms
 Represent with words	Negating	Factors
 Represent with words	Negating	Angles
 Represent with words	Negating	Algebraic Expressions
 Represent with words	Negating	Variables
 Represent with words	Negating	Functions
 Represent with words	Negating	Chance Processes
 Represent with words	Negating	Arrays
 Represent with words	Exponentiating	Numbers
 Represent with words	Exponentiating	Terms
 Represent with words	Exponentiating	Factors
 Represent with words	Exponentiating	Angles
 Represent with words	Exponentiating	Algebraic Expressions
 Represent with words	Exponentiating	Variables
 Represent with words	Exponentiating	Functions
 Represent with words	Exponentiating	Chance Processes
 Represent with words	Exponentiating	Arrays
 Represent with words	Grouping	Numbers
 Represent with words	Grouping	Terms
 Represent with words	Grouping	Factors
 Represent with words	Grouping	Angles
 Represent with words	Grouping	Algebraic Expressions
 Represent with words	Grouping	Variables
 Represent with words	Grouping	Functions
 Represent with words	Grouping	Chance Processes
 Represent with words	Grouping	Arrays
 Represent with symbols	Naming	Numbers
 Represent with symbols	Naming	Terms
 Represent with symbols	Naming	Factors
 Represent with symbols	Naming	Angles
 Represent with symbols	Naming	Algebraic Expressions
 Represent with symbols	Naming	Variables
 Represent with symbols	Naming	Functions
 Represent with symbols	Naming	Chance Processes
 Represent with symbols	Naming	Arrays
 Represent with symbols	Sequencing	Numbers
 Represent with symbols	Sequencing	Terms
 Represent with symbols	Sequencing	Factors
 Represent with symbols	Sequencing	Angles
 Represent with symbols	Sequencing	Algebraic Expressions
 Represent with symbols	Sequencing	Variables
 Represent with symbols	Sequencing	Functions
 Represent with symbols	Sequencing	Chance Processes
 Represent with symbols	Sequencing	Arrays
 Represent with symbols	Ordering	Numbers
 Represent with symbols	Ordering	Terms
 Represent with symbols	Ordering	Factors
 Represent with symbols	Ordering	Angles
 Represent with symbols	Ordering	Algebraic Expressions
 Represent with symbols	Ordering	Variables
 Represent with symbols	Ordering	Functions
 Represent with symbols	Ordering	Chance Processes
 Represent with symbols	Ordering	Arrays
 Represent with symbols	Adding	Numbers
 Represent with symbols	Adding	Terms
 Represent with symbols	Adding	Factors
 Represent with symbols	Adding	Angles
 Represent with symbols	Adding	Algebraic Expressions
 Represent with symbols	Adding	Variables
 Represent with symbols	Adding	Functions
 Represent with symbols	Adding	Chance Processes
 Represent with symbols	Adding	Arrays
 Represent with symbols	Subtracting	Numbers
 Represent with symbols	Subtracting	Terms
 Represent with symbols	Subtracting	Factors
 Represent with symbols	Subtracting	Angles
 Represent with symbols	Subtracting	Algebraic Expressions
 Represent with symbols	Subtracting	Variables
 Represent with symbols	Subtracting	Functions
 Represent with symbols	Subtracting	Chance Processes
 Represent with symbols	Subtracting	Arrays
 Represent with symbols	Multiplying	Numbers
 Represent with symbols	Multiplying	Terms
 Represent with symbols	Multiplying	Factors
 Represent with symbols	Multiplying	Angles
 Represent with symbols	Multiplying	Algebraic Expressions
 Represent with symbols	Multiplying	Variables
 Represent with symbols	Multiplying	Functions
 Represent with symbols	Multiplying	Chance Processes
 Represent with symbols	Multiplying	Arrays
 Represent with symbols	Dividing	Numbers
 Represent with symbols	Dividing	Terms
 Represent with symbols	Dividing	Factors
 Represent with symbols	Dividing	Angles
 Represent with symbols	Dividing	Algebraic Expressions
 Represent with symbols	Dividing	Variables
 Represent with symbols	Dividing	Functions
 Represent with symbols	Dividing	Chance Processes
 Represent with symbols	Dividing	Arrays
 Represent with symbols	Negating	Numbers
 Represent with symbols	Negating	Terms
 Represent with symbols	Negating	Factors
 Represent with symbols	Negating	Angles
 Represent with symbols	Negating	Algebraic Expressions
 Represent with symbols	Negating	Variables
 Represent with symbols	Negating	Functions
 Represent with symbols	Negating	Chance Processes
 Represent with symbols	Negating	Arrays
 Represent with symbols	Exponentiating	Numbers
 Represent with symbols	Exponentiating	Terms
 Represent with symbols	Exponentiating	Factors
 Represent with symbols	Exponentiating	Angles
 Represent with symbols	Exponentiating	Algebraic Expressions
 Represent with symbols	Exponentiating	Variables
 Represent with symbols	Exponentiating	Functions
 Represent with symbols	Exponentiating	Chance Processes
 Represent with symbols	Exponentiating	Arrays
 Represent with symbols	Grouping	Numbers
 Represent with symbols	Grouping	Terms
 Represent with symbols	Grouping	Factors
 Represent with symbols	Grouping	Angles
 Represent with symbols	Grouping	Algebraic Expressions
 Represent with symbols	Grouping	Variables
 Represent with symbols	Grouping	Functions
 Represent with symbols	Grouping	Chance Processes
 Represent with symbols	Grouping	Arrays
 Represent with drawings	Naming	Numbers
 Represent with drawings	Naming	Terms
 Represent with drawings	Naming	Factors
 Represent with drawings	Naming	Angles
 Represent with drawings	Naming	Algebraic Expressions
 Represent with drawings	Naming	Variables
 Represent with drawings	Naming	Functions
 Represent with drawings	Naming	Chance Processes
 Represent with drawings	Naming	Arrays
 Represent with drawings	Sequencing	Numbers
 Represent with drawings	Sequencing	Terms
 Represent with drawings	Sequencing	Factors
 Represent with drawings	Sequencing	Angles
 Represent with drawings	Sequencing	Algebraic Expressions
 Represent with drawings	Sequencing	Variables
 Represent with drawings	Sequencing	Functions
 Represent with drawings	Sequencing	Chance Processes
 Represent with drawings	Sequencing	Arrays
 Represent with drawings	Ordering	Numbers
 Represent with drawings	Ordering	Terms
 Represent with drawings	Ordering	Factors
 Represent with drawings	Ordering	Angles
 Represent with drawings	Ordering	Algebraic Expressions
 Represent with drawings	Ordering	Variables
 Represent with drawings	Ordering	Functions
 Represent with drawings	Ordering	Chance Processes
 Represent with drawings	Ordering	Arrays
 Represent with drawings	Adding	Numbers
 Represent with drawings	Adding	Terms
 Represent with drawings	Adding	Factors
 Represent with drawings	Adding	Angles
 Represent with drawings	Adding	Algebraic Expressions
 Represent with drawings	Adding	Variables
 Represent with drawings	Adding	Functions
 Represent with drawings	Adding	Chance Processes
 Represent with drawings	Adding	Arrays
 Represent with drawings	Subtracting	Numbers
 Represent with drawings	Subtracting	Terms
 Represent with drawings	Subtracting	Factors
 Represent with drawings	Subtracting	Angles
 Represent with drawings	Subtracting	Algebraic Expressions
 Represent with drawings	Subtracting	Variables
 Represent with drawings	Subtracting	Functions
 Represent with drawings	Subtracting	Chance Processes
 Represent with drawings	Subtracting	Arrays
 Represent with drawings	Multiplying	Numbers
 Represent with drawings	Multiplying	Terms
 Represent with drawings	Multiplying	Factors
 Represent with drawings	Multiplying	Angles
 Represent with drawings	Multiplying	Algebraic Expressions
 Represent with drawings	Multiplying	Variables
 Represent with drawings	Multiplying	Functions
 Represent with drawings	Multiplying	Chance Processes
 Represent with drawings	Multiplying	Arrays
 Represent with drawings	Dividing	Numbers
 Represent with drawings	Dividing	Terms
 Represent with drawings	Dividing	Factors
 Represent with drawings	Dividing	Angles
 Represent with drawings	Dividing	Algebraic Expressions
 Represent with drawings	Dividing	Variables
 Represent with drawings	Dividing	Functions
 Represent with drawings	Dividing	Chance Processes
 Represent with drawings	Dividing	Arrays
 Represent with drawings	Negating	Numbers
 Represent with drawings	Negating	Terms
 Represent with drawings	Negating	Factors
 Represent with drawings	Negating	Angles
 Represent with drawings	Negating	Algebraic Expressions
 Represent with drawings	Negating	Variables
 Represent with drawings	Negating	Functions
 Represent with drawings	Negating	Chance Processes
 Represent with drawings	Negating	Arrays
 Represent with drawings	Exponentiating	Numbers
 Represent with drawings	Exponentiating	Terms
 Represent with drawings	Exponentiating	Factors
 Represent with drawings	Exponentiating	Angles
 Represent with drawings	Exponentiating	Algebraic Expressions
 Represent with drawings	Exponentiating	Variables
 Represent with drawings	Exponentiating	Functions
 Represent with drawings	Exponentiating	Chance Processes
 Represent with drawings	Exponentiating	Arrays
 Represent with drawings	Grouping	Numbers
 Represent with drawings	Grouping	Terms
 Represent with drawings	Grouping	Factors
 Represent with drawings	Grouping	Angles
 Represent with drawings	Grouping	Algebraic Expressions
 Represent with drawings	Grouping	Variables
 Represent with drawings	Grouping	Functions
 Represent with drawings	Grouping	Chance Processes
 Represent with drawings	Grouping	Arrays
 Represent with graphs	Naming	Numbers
 Represent with graphs	Naming	Terms
 Represent with graphs	Naming	Factors
 Represent with graphs	Naming	Angles
 Represent with graphs	Naming	Algebraic Expressions
 Represent with graphs	Naming	Variables
 Represent with graphs	Naming	Functions
 Represent with graphs	Naming	Chance Processes
 Represent with graphs	Naming	Arrays
 Represent with graphs	Sequencing	Numbers
 Represent with graphs	Sequencing	Terms
 Represent with graphs	Sequencing	Factors
 Represent with graphs	Sequencing	Angles
 Represent with graphs	Sequencing	Algebraic Expressions
 Represent with graphs	Sequencing	Variables
 Represent with graphs	Sequencing	Functions
 Represent with graphs	Sequencing	Chance Processes
 Represent with graphs	Sequencing	Arrays
 Represent with graphs	Ordering	Numbers
 Represent with graphs	Ordering	Terms
 Represent with graphs	Ordering	Factors
 Represent with graphs	Ordering	Angles
 Represent with graphs	Ordering	Algebraic Expressions
 Represent with graphs	Ordering	Variables
 Represent with graphs	Ordering	Functions
 Represent with graphs	Ordering	Chance Processes
 Represent with graphs	Ordering	Arrays
 Represent with graphs	Adding	Numbers
 Represent with graphs	Adding	Terms
 Represent with graphs	Adding	Factors
 Represent with graphs	Adding	Angles
 Represent with graphs	Adding	Algebraic Expressions
 Represent with graphs	Adding	Variables
 Represent with graphs	Adding	Functions
 Represent with graphs	Adding	Chance Processes
 Represent with graphs	Adding	Arrays
 Represent with graphs	Subtracting	Numbers
 Represent with graphs	Subtracting	Terms
 Represent with graphs	Subtracting	Factors
 Represent with graphs	Subtracting	Angles
 Represent with graphs	Subtracting	Algebraic Expressions
 Represent with graphs	Subtracting	Variables
 Represent with graphs	Subtracting	Functions
 Represent with graphs	Subtracting	Chance Processes
 Represent with graphs	Subtracting	Arrays
 Represent with graphs	Multiplying	Numbers
 Represent with graphs	Multiplying	Terms
 Represent with graphs	Multiplying	Factors
 Represent with graphs	Multiplying	Angles
 Represent with graphs	Multiplying	Algebraic Expressions
 Represent with graphs	Multiplying	Variables
 Represent with graphs	Multiplying	Functions
 Represent with graphs	Multiplying	Chance Processes
 Represent with graphs	Multiplying	Arrays
 Represent with graphs	Dividing	Numbers
 Represent with graphs	Dividing	Terms
 Represent with graphs	Dividing	Factors
 Represent with graphs	Dividing	Angles
 Represent with graphs	Dividing	Algebraic Expressions
 Represent with graphs	Dividing	Variables
 Represent with graphs	Dividing	Functions
 Represent with graphs	Dividing	Chance Processes
 Represent with graphs	Dividing	Arrays
 Represent with graphs	Negating	Numbers
 Represent with graphs	Negating	Terms
 Represent with graphs	Negating	Factors
 Represent with graphs	Negating	Angles
 Represent with graphs	Negating	Algebraic Expressions
 Represent with graphs	Negating	Variables
 Represent with graphs	Negating	Functions
 Represent with graphs	Negating	Chance Processes
 Represent with graphs	Negating	Arrays
 Represent with graphs	Exponentiating	Numbers
 Represent with graphs	Exponentiating	Terms
 Represent with graphs	Exponentiating	Factors
 Represent with graphs	Exponentiating	Angles
 Represent with graphs	Exponentiating	Algebraic Expressions
 Represent with graphs	Exponentiating	Variables
 Represent with graphs	Exponentiating	Functions
 Represent with graphs	Exponentiating	Chance Processes
 Represent with graphs	Exponentiating	Arrays
 Represent with graphs	Grouping	Numbers
 Represent with graphs	Grouping	Terms
 Represent with graphs	Grouping	Factors
 Represent with graphs	Grouping	Angles
 Represent with graphs	Grouping	Algebraic Expressions
 Represent with graphs	Grouping	Variables
 Represent with graphs	Grouping	Functions
 Represent with graphs	Grouping	Chance Processes
 Represent with graphs	Grouping	Arrays
 Randomly sample	Naming	Numbers
 Randomly sample	Naming	Terms
 Randomly sample	Naming	Factors
 Randomly sample	Naming	Angles
 Randomly sample	Naming	Algebraic Expressions
 Randomly sample	Naming	Variables
 Randomly sample	Naming	Functions
 Randomly sample	Naming	Chance Processes
 Randomly sample	Naming	Arrays
 Randomly sample	Sequencing	Numbers
 Randomly sample	Sequencing	Terms
 Randomly sample	Sequencing	Factors
 Randomly sample	Sequencing	Angles
 Randomly sample	Sequencing	Algebraic Expressions
 Randomly sample	Sequencing	Variables
 Randomly sample	Sequencing	Functions
 Randomly sample	Sequencing	Chance Processes
 Randomly sample	Sequencing	Arrays
 Randomly sample	Ordering	Numbers
 Randomly sample	Ordering	Terms
 Randomly sample	Ordering	Factors
 Randomly sample	Ordering	Angles
 Randomly sample	Ordering	Algebraic Expressions
 Randomly sample	Ordering	Variables
 Randomly sample	Ordering	Functions
 Randomly sample	Ordering	Chance Processes
 Randomly sample	Ordering	Arrays
 Randomly sample	Adding	Numbers
 Randomly sample	Adding	Terms
 Randomly sample	Adding	Factors
 Randomly sample	Adding	Angles
 Randomly sample	Adding	Algebraic Expressions
 Randomly sample	Adding	Variables
 Randomly sample	Adding	Functions
 Randomly sample	Adding	Chance Processes
 Randomly sample	Adding	Arrays
 Randomly sample	Subtracting	Numbers
 Randomly sample	Subtracting	Terms
 Randomly sample	Subtracting	Factors
 Randomly sample	Subtracting	Angles
 Randomly sample	Subtracting	Algebraic Expressions
 Randomly sample	Subtracting	Variables
 Randomly sample	Subtracting	Functions
 Randomly sample	Subtracting	Chance Processes
 Randomly sample	Subtracting	Arrays
 Randomly sample	Multiplying	Numbers
 Randomly sample	Multiplying	Terms
 Randomly sample	Multiplying	Factors
 Randomly sample	Multiplying	Angles
 Randomly sample	Multiplying	Algebraic Expressions
 Randomly sample	Multiplying	Variables
 Randomly sample	Multiplying	Functions
 Randomly sample	Multiplying	Chance Processes
 Randomly sample	Multiplying	Arrays
 Randomly sample	Dividing	Numbers
 Randomly sample	Dividing	Terms
 Randomly sample	Dividing	Factors
 Randomly sample	Dividing	Angles
 Randomly sample	Dividing	Algebraic Expressions
 Randomly sample	Dividing	Variables
 Randomly sample	Dividing	Functions
 Randomly sample	Dividing	Chance Processes
 Randomly sample	Dividing	Arrays
 Randomly sample	Negating	Numbers
 Randomly sample	Negating	Terms
 Randomly sample	Negating	Factors
 Randomly sample	Negating	Angles
 Randomly sample	Negating	Algebraic Expressions
 Randomly sample	Negating	Variables
 Randomly sample	Negating	Functions
 Randomly sample	Negating	Chance Processes
 Randomly sample	Negating	Arrays
 Randomly sample	Exponentiating	Numbers
 Randomly sample	Exponentiating	Terms
 Randomly sample	Exponentiating	Factors
 Randomly sample	Exponentiating	Angles
 Randomly sample	Exponentiating	Algebraic Expressions
 Randomly sample	Exponentiating	Variables
 Randomly sample	Exponentiating	Functions
 Randomly sample	Exponentiating	Chance Processes
 Randomly sample	Exponentiating	Arrays
 Randomly sample	Grouping	Numbers
 Randomly sample	Grouping	Terms
 Randomly sample	Grouping	Factors
 Randomly sample	Grouping	Angles
 Randomly sample	Grouping	Algebraic Expressions
 Randomly sample	Grouping	Variables
 Randomly sample	Grouping	Functions
 Randomly sample	Grouping	Chance Processes
 Randomly sample	Grouping	Arrays
