Read	Volumes	in Fractional Notation
 Read	Volumes	in Decimal Notation
 Read	Volumes	in Proportional Notation
 Read	Volumes	in Addition Notation
 Read	Volumes	in Subtraction Notation
 Read	Volumes	in Multiplication Notation
 Read	Volumes	in Division Notation
 Read	Volumes	in Radical Notation
 Read	Volumes	in Exponential Notation
 Read	Volumes	in Scientific Notation
 Read	Volumes	in Base Ten
 Read	Numerical Expressions	in Fractional Notation
 Read	Numerical Expressions	in Decimal Notation
 Read	Numerical Expressions	in Proportional Notation
 Read	Numerical Expressions	in Addition Notation
 Read	Numerical Expressions	in Subtraction Notation
 Read	Numerical Expressions	in Multiplication Notation
 Read	Numerical Expressions	in Division Notation
 Read	Numerical Expressions	in Radical Notation
 Read	Numerical Expressions	in Exponential Notation
 Read	Numerical Expressions	in Scientific Notation
 Read	Numerical Expressions	in Base Ten
 Read	Numerical Equations	in Fractional Notation
 Read	Numerical Equations	in Decimal Notation
 Read	Numerical Equations	in Proportional Notation
 Read	Numerical Equations	in Addition Notation
 Read	Numerical Equations	in Subtraction Notation
 Read	Numerical Equations	in Multiplication Notation
 Read	Numerical Equations	in Division Notation
 Read	Numerical Equations	in Radical Notation
 Read	Numerical Equations	in Exponential Notation
 Read	Numerical Equations	in Scientific Notation
 Read	Numerical Equations	in Base Ten
 Read	Properties of Objects	in Fractional Notation
 Read	Properties of Objects	in Decimal Notation
 Read	Properties of Objects	in Proportional Notation
 Read	Properties of Objects	in Addition Notation
 Read	Properties of Objects	in Subtraction Notation
 Read	Properties of Objects	in Multiplication Notation
 Read	Properties of Objects	in Division Notation
 Read	Properties of Objects	in Radical Notation
 Read	Properties of Objects	in Exponential Notation
 Read	Properties of Objects	in Scientific Notation
 Read	Properties of Objects	in Base Ten
 Read	Properties of Operations	in Fractional Notation
 Read	Properties of Operations	in Decimal Notation
 Read	Properties of Operations	in Proportional Notation
 Read	Properties of Operations	in Addition Notation
 Read	Properties of Operations	in Subtraction Notation
 Read	Properties of Operations	in Multiplication Notation
 Read	Properties of Operations	in Division Notation
 Read	Properties of Operations	in Radical Notation
 Read	Properties of Operations	in Exponential Notation
 Read	Properties of Operations	in Scientific Notation
 Read	Properties of Operations	in Base Ten
 Read	Patterns	in Fractional Notation
 Read	Patterns	in Decimal Notation
 Read	Patterns	in Proportional Notation
 Read	Patterns	in Addition Notation
 Read	Patterns	in Subtraction Notation
 Read	Patterns	in Multiplication Notation
 Read	Patterns	in Division Notation
 Read	Patterns	in Radical Notation
 Read	Patterns	in Exponential Notation
 Read	Patterns	in Scientific Notation
 Read	Patterns	in Base Ten
 Read	Common Factors	in Fractional Notation
 Read	Common Factors	in Decimal Notation
 Read	Common Factors	in Proportional Notation
 Read	Common Factors	in Addition Notation
 Read	Common Factors	in Subtraction Notation
 Read	Common Factors	in Multiplication Notation
 Read	Common Factors	in Division Notation
 Read	Common Factors	in Radical Notation
 Read	Common Factors	in Exponential Notation
 Read	Common Factors	in Scientific Notation
 Read	Common Factors	in Base Ten
 Read	Multiples	in Fractional Notation
 Read	Multiples	in Decimal Notation
 Read	Multiples	in Proportional Notation
 Read	Multiples	in Addition Notation
 Read	Multiples	in Subtraction Notation
 Read	Multiples	in Multiplication Notation
 Read	Multiples	in Division Notation
 Read	Multiples	in Radical Notation
 Read	Multiples	in Exponential Notation
 Read	Multiples	in Scientific Notation
 Read	Multiples	in Base Ten
 Read	Common Multiples	in Fractional Notation
 Read	Common Multiples	in Decimal Notation
 Read	Common Multiples	in Proportional Notation
 Read	Common Multiples	in Addition Notation
 Read	Common Multiples	in Subtraction Notation
 Read	Common Multiples	in Multiplication Notation
 Read	Common Multiples	in Division Notation
 Read	Common Multiples	in Radical Notation
 Read	Common Multiples	in Exponential Notation
 Read	Common Multiples	in Scientific Notation
 Read	Common Multiples	in Base Ten
 Read	Place Values	in Fractional Notation
 Read	Place Values	in Decimal Notation
 Read	Place Values	in Proportional Notation
 Read	Place Values	in Addition Notation
 Read	Place Values	in Subtraction Notation
 Read	Place Values	in Multiplication Notation
 Read	Place Values	in Division Notation
 Read	Place Values	in Radical Notation
 Read	Place Values	in Exponential Notation
 Read	Place Values	in Scientific Notation
 Read	Place Values	in Base Ten
 Read	Attributes	in Fractional Notation
 Read	Attributes	in Decimal Notation
 Read	Attributes	in Proportional Notation
 Read	Attributes	in Addition Notation
 Read	Attributes	in Subtraction Notation
 Read	Attributes	in Multiplication Notation
 Read	Attributes	in Division Notation
 Read	Attributes	in Radical Notation
 Read	Attributes	in Exponential Notation
 Read	Attributes	in Scientific Notation
 Read	Attributes	in Base Ten
 Read	Standard Units	in Fractional Notation
 Read	Standard Units	in Decimal Notation
 Read	Standard Units	in Proportional Notation
 Read	Standard Units	in Addition Notation
 Read	Standard Units	in Subtraction Notation
 Read	Standard Units	in Multiplication Notation
 Read	Standard Units	in Division Notation
 Read	Standard Units	in Radical Notation
 Read	Standard Units	in Exponential Notation
 Read	Standard Units	in Scientific Notation
 Read	Standard Units	in Base Ten
 Read	SI Units	in Fractional Notation
 Read	SI Units	in Decimal Notation
 Read	SI Units	in Proportional Notation
 Read	SI Units	in Addition Notation
 Read	SI Units	in Subtraction Notation
 Read	SI Units	in Multiplication Notation
 Read	SI Units	in Division Notation
 Read	SI Units	in Radical Notation
 Read	SI Units	in Exponential Notation
 Read	SI Units	in Scientific Notation
 Read	SI Units	in Base Ten
 Read	Areas	in Fractional Notation
 Read	Areas	in Decimal Notation
 Read	Areas	in Proportional Notation
 Read	Areas	in Addition Notation
 Read	Areas	in Subtraction Notation
 Read	Areas	in Multiplication Notation
 Read	Areas	in Division Notation
 Read	Areas	in Radical Notation
 Read	Areas	in Exponential Notation
 Read	Areas	in Scientific Notation
 Read	Areas	in Base Ten
 Read	Perimeters	in Fractional Notation
 Read	Perimeters	in Decimal Notation
 Read	Perimeters	in Proportional Notation
 Read	Perimeters	in Addition Notation
 Read	Perimeters	in Subtraction Notation
 Read	Perimeters	in Multiplication Notation
 Read	Perimeters	in Division Notation
 Read	Perimeters	in Radical Notation
 Read	Perimeters	in Exponential Notation
 Read	Perimeters	in Scientific Notation
 Read	Perimeters	in Base Ten
 Read	Data	in Fractional Notation
 Read	Data	in Decimal Notation
 Read	Data	in Proportional Notation
 Read	Data	in Addition Notation
 Read	Data	in Subtraction Notation
 Read	Data	in Multiplication Notation
 Read	Data	in Division Notation
 Read	Data	in Radical Notation
 Read	Data	in Exponential Notation
 Read	Data	in Scientific Notation
 Read	Data	in Base Ten
 Read	Shapes	in Fractional Notation
 Read	Shapes	in Decimal Notation
 Read	Shapes	in Proportional Notation
 Read	Shapes	in Addition Notation
 Read	Shapes	in Subtraction Notation
 Read	Shapes	in Multiplication Notation
 Read	Shapes	in Division Notation
 Read	Shapes	in Radical Notation
 Read	Shapes	in Exponential Notation
 Read	Shapes	in Scientific Notation
 Read	Shapes	in Base Ten
 Read	Surface Areas	in Fractional Notation
 Read	Surface Areas	in Decimal Notation
 Read	Surface Areas	in Proportional Notation
 Read	Surface Areas	in Addition Notation
 Read	Surface Areas	in Subtraction Notation
 Read	Surface Areas	in Multiplication Notation
 Read	Surface Areas	in Division Notation
 Read	Surface Areas	in Radical Notation
 Read	Surface Areas	in Exponential Notation
 Read	Surface Areas	in Scientific Notation
 Read	Surface Areas	in Base Ten
 Read	Realia	in Fractional Notation
 Read	Realia	in Decimal Notation
 Read	Realia	in Proportional Notation
 Read	Realia	in Addition Notation
 Read	Realia	in Subtraction Notation
 Read	Realia	in Multiplication Notation
 Read	Realia	in Division Notation
 Read	Realia	in Radical Notation
 Read	Realia	in Exponential Notation
 Read	Realia	in Scientific Notation
 Read	Realia	in Base Ten
 Read	Models	in Fractional Notation
 Read	Models	in Decimal Notation
 Read	Models	in Proportional Notation
 Read	Models	in Addition Notation
 Read	Models	in Subtraction Notation
 Read	Models	in Multiplication Notation
 Read	Models	in Division Notation
 Read	Models	in Radical Notation
 Read	Models	in Exponential Notation
 Read	Models	in Scientific Notation
 Read	Models	in Base Ten
 Read	Congruence	in Fractional Notation
 Read	Congruence	in Decimal Notation
 Read	Congruence	in Proportional Notation
 Read	Congruence	in Addition Notation
 Read	Congruence	in Subtraction Notation
 Read	Congruence	in Multiplication Notation
 Read	Congruence	in Division Notation
 Read	Congruence	in Radical Notation
 Read	Congruence	in Exponential Notation
 Read	Congruence	in Scientific Notation
 Read	Congruence	in Base Ten
 Read	Similarity	in Fractional Notation
 Read	Similarity	in Decimal Notation
 Read	Similarity	in Proportional Notation
 Read	Similarity	in Addition Notation
 Read	Similarity	in Subtraction Notation
 Read	Similarity	in Multiplication Notation
 Read	Similarity	in Division Notation
 Read	Similarity	in Radical Notation
 Read	Similarity	in Exponential Notation
 Read	Similarity	in Scientific Notation
 Read	Similarity	in Base Ten
 Read	Ratios	in Fractional Notation
 Read	Ratios	in Decimal Notation
 Read	Ratios	in Proportional Notation
 Read	Ratios	in Addition Notation
 Read	Ratios	in Subtraction Notation
 Read	Ratios	in Multiplication Notation
 Read	Ratios	in Division Notation
 Read	Ratios	in Radical Notation
 Read	Ratios	in Exponential Notation
 Read	Ratios	in Scientific Notation
 Read	Ratios	in Base Ten
 Read	Proportions	in Fractional Notation
 Read	Proportions	in Decimal Notation
 Read	Proportions	in Proportional Notation
 Read	Proportions	in Addition Notation
 Read	Proportions	in Subtraction Notation
 Read	Proportions	in Multiplication Notation
 Read	Proportions	in Division Notation
 Read	Proportions	in Radical Notation
 Read	Proportions	in Exponential Notation
 Read	Proportions	in Scientific Notation
 Read	Proportions	in Base Ten
 Read	Numerical Inequalities	in Fractional Notation
 Read	Numerical Inequalities	in Decimal Notation
 Read	Numerical Inequalities	in Proportional Notation
 Read	Numerical Inequalities	in Addition Notation
 Read	Numerical Inequalities	in Subtraction Notation
 Read	Numerical Inequalities	in Multiplication Notation
 Read	Numerical Inequalities	in Division Notation
 Read	Numerical Inequalities	in Radical Notation
 Read	Numerical Inequalities	in Exponential Notation
 Read	Numerical Inequalities	in Scientific Notation
 Read	Numerical Inequalities	in Base Ten
 Read	Algebraic Equations	in Fractional Notation
 Read	Algebraic Equations	in Decimal Notation
 Read	Algebraic Equations	in Proportional Notation
 Read	Algebraic Equations	in Addition Notation
 Read	Algebraic Equations	in Subtraction Notation
 Read	Algebraic Equations	in Multiplication Notation
 Read	Algebraic Equations	in Division Notation
 Read	Algebraic Equations	in Radical Notation
 Read	Algebraic Equations	in Exponential Notation
 Read	Algebraic Equations	in Scientific Notation
 Read	Algebraic Equations	in Base Ten
 Read	Algebraic Inequalities	in Fractional Notation
 Read	Algebraic Inequalities	in Decimal Notation
 Read	Algebraic Inequalities	in Proportional Notation
 Read	Algebraic Inequalities	in Addition Notation
 Read	Algebraic Inequalities	in Subtraction Notation
 Read	Algebraic Inequalities	in Multiplication Notation
 Read	Algebraic Inequalities	in Division Notation
 Read	Algebraic Inequalities	in Radical Notation
 Read	Algebraic Inequalities	in Exponential Notation
 Read	Algebraic Inequalities	in Scientific Notation
 Read	Algebraic Inequalities	in Base Ten
 Read	Lines	in Fractional Notation
 Read	Lines	in Decimal Notation
 Read	Lines	in Proportional Notation
 Read	Lines	in Addition Notation
 Read	Lines	in Subtraction Notation
 Read	Lines	in Multiplication Notation
 Read	Lines	in Division Notation
 Read	Lines	in Radical Notation
 Read	Lines	in Exponential Notation
 Read	Lines	in Scientific Notation
 Read	Lines	in Base Ten
 Read	Linear Equations	in Fractional Notation
 Read	Linear Equations	in Decimal Notation
 Read	Linear Equations	in Proportional Notation
 Read	Linear Equations	in Addition Notation
 Read	Linear Equations	in Subtraction Notation
 Read	Linear Equations	in Multiplication Notation
 Read	Linear Equations	in Division Notation
 Read	Linear Equations	in Radical Notation
 Read	Linear Equations	in Exponential Notation
 Read	Linear Equations	in Scientific Notation
 Read	Linear Equations	in Base Ten
 Read	Simultaneous Equations	in Fractional Notation
 Read	Simultaneous Equations	in Decimal Notation
 Read	Simultaneous Equations	in Proportional Notation
 Read	Simultaneous Equations	in Addition Notation
 Read	Simultaneous Equations	in Subtraction Notation
 Read	Simultaneous Equations	in Multiplication Notation
 Read	Simultaneous Equations	in Division Notation
 Read	Simultaneous Equations	in Radical Notation
 Read	Simultaneous Equations	in Exponential Notation
 Read	Simultaneous Equations	in Scientific Notation
 Read	Simultaneous Equations	in Base Ten
 Read	Statistical Variability	in Fractional Notation
 Read	Statistical Variability	in Decimal Notation
 Read	Statistical Variability	in Proportional Notation
 Read	Statistical Variability	in Addition Notation
 Read	Statistical Variability	in Subtraction Notation
 Read	Statistical Variability	in Multiplication Notation
 Read	Statistical Variability	in Division Notation
 Read	Statistical Variability	in Radical Notation
 Read	Statistical Variability	in Exponential Notation
 Read	Statistical Variability	in Scientific Notation
 Read	Statistical Variability	in Base Ten
 Read	Distributions	in Fractional Notation
 Read	Distributions	in Decimal Notation
 Read	Distributions	in Proportional Notation
 Read	Distributions	in Addition Notation
 Read	Distributions	in Subtraction Notation
 Read	Distributions	in Multiplication Notation
 Read	Distributions	in Division Notation
 Read	Distributions	in Radical Notation
 Read	Distributions	in Exponential Notation
 Read	Distributions	in Scientific Notation
 Read	Distributions	in Base Ten
 Read	Populations	in Fractional Notation
 Read	Populations	in Decimal Notation
 Read	Populations	in Proportional Notation
 Read	Populations	in Addition Notation
 Read	Populations	in Subtraction Notation
 Read	Populations	in Multiplication Notation
 Read	Populations	in Division Notation
 Read	Populations	in Radical Notation
 Read	Populations	in Exponential Notation
 Read	Populations	in Scientific Notation
 Read	Populations	in Base Ten
 Read	Probability Models	in Fractional Notation
 Read	Probability Models	in Decimal Notation
 Read	Probability Models	in Proportional Notation
 Read	Probability Models	in Addition Notation
 Read	Probability Models	in Subtraction Notation
 Read	Probability Models	in Multiplication Notation
 Read	Probability Models	in Division Notation
 Read	Probability Models	in Radical Notation
 Read	Probability Models	in Exponential Notation
 Read	Probability Models	in Scientific Notation
 Read	Probability Models	in Base Ten
 Read	Bivariate Data	in Fractional Notation
 Read	Bivariate Data	in Decimal Notation
 Read	Bivariate Data	in Proportional Notation
 Read	Bivariate Data	in Addition Notation
 Read	Bivariate Data	in Subtraction Notation
 Read	Bivariate Data	in Multiplication Notation
 Read	Bivariate Data	in Division Notation
 Read	Bivariate Data	in Radical Notation
 Read	Bivariate Data	in Exponential Notation
 Read	Bivariate Data	in Scientific Notation
 Read	Bivariate Data	in Base Ten
 Read	Sets	in Fractional Notation
 Read	Sets	in Decimal Notation
 Read	Sets	in Proportional Notation
 Read	Sets	in Addition Notation
 Read	Sets	in Subtraction Notation
 Read	Sets	in Multiplication Notation
 Read	Sets	in Division Notation
 Read	Sets	in Radical Notation
 Read	Sets	in Exponential Notation
 Read	Sets	in Scientific Notation
 Read	Sets	in Base Ten
 Read	Elements	in Fractional Notation
 Read	Elements	in Decimal Notation
 Read	Elements	in Proportional Notation
 Read	Elements	in Addition Notation
 Read	Elements	in Subtraction Notation
 Read	Elements	in Multiplication Notation
 Read	Elements	in Division Notation
 Read	Elements	in Radical Notation
 Read	Elements	in Exponential Notation
 Read	Elements	in Scientific Notation
 Read	Elements	in Base Ten
 Read	Experiments	in Fractional Notation
 Read	Experiments	in Decimal Notation
 Read	Experiments	in Proportional Notation
 Read	Experiments	in Addition Notation
 Read	Experiments	in Subtraction Notation
 Read	Experiments	in Multiplication Notation
 Read	Experiments	in Division Notation
 Read	Experiments	in Radical Notation
 Read	Experiments	in Exponential Notation
 Read	Experiments	in Scientific Notation
 Read	Experiments	in Base Ten
 Read	Observations	in Fractional Notation
 Read	Observations	in Decimal Notation
 Read	Observations	in Proportional Notation
 Read	Observations	in Addition Notation
 Read	Observations	in Subtraction Notation
 Read	Observations	in Multiplication Notation
 Read	Observations	in Division Notation
 Read	Observations	in Radical Notation
 Read	Observations	in Exponential Notation
 Read	Observations	in Scientific Notation
 Read	Observations	in Base Ten
 Read	Dependent Variables	in Fractional Notation
 Read	Dependent Variables	in Decimal Notation
 Read	Dependent Variables	in Proportional Notation
 Read	Dependent Variables	in Addition Notation
 Read	Dependent Variables	in Subtraction Notation
 Read	Dependent Variables	in Multiplication Notation
 Read	Dependent Variables	in Division Notation
 Read	Dependent Variables	in Radical Notation
 Read	Dependent Variables	in Exponential Notation
 Read	Dependent Variables	in Scientific Notation
 Read	Dependent Variables	in Base Ten
 Read	Independent Variables	in Fractional Notation
 Read	Independent Variables	in Decimal Notation
 Read	Independent Variables	in Proportional Notation
 Read	Independent Variables	in Addition Notation
 Read	Independent Variables	in Subtraction Notation
 Read	Independent Variables	in Multiplication Notation
 Read	Independent Variables	in Division Notation
 Read	Independent Variables	in Radical Notation
 Read	Independent Variables	in Exponential Notation
 Read	Independent Variables	in Scientific Notation
 Read	Independent Variables	in Base Ten
 Read	Sums	in Fractional Notation
 Read	Sums	in Decimal Notation
 Read	Sums	in Proportional Notation
 Read	Sums	in Addition Notation
 Read	Sums	in Subtraction Notation
 Read	Sums	in Multiplication Notation
 Read	Sums	in Division Notation
 Read	Sums	in Radical Notation
 Read	Sums	in Exponential Notation
 Read	Sums	in Scientific Notation
 Read	Sums	in Base Ten
 Read	Differences	in Fractional Notation
 Read	Differences	in Decimal Notation
 Read	Differences	in Proportional Notation
 Read	Differences	in Addition Notation
 Read	Differences	in Subtraction Notation
 Read	Differences	in Multiplication Notation
 Read	Differences	in Division Notation
 Read	Differences	in Radical Notation
 Read	Differences	in Exponential Notation
 Read	Differences	in Scientific Notation
 Read	Differences	in Base Ten
 Read	Products	in Fractional Notation
 Read	Products	in Decimal Notation
 Read	Products	in Proportional Notation
 Read	Products	in Addition Notation
 Read	Products	in Subtraction Notation
 Read	Products	in Multiplication Notation
 Read	Products	in Division Notation
 Read	Products	in Radical Notation
 Read	Products	in Exponential Notation
 Read	Products	in Scientific Notation
 Read	Products	in Base Ten
 Read	Quotients	in Fractional Notation
 Read	Quotients	in Decimal Notation
 Read	Quotients	in Proportional Notation
 Read	Quotients	in Addition Notation
 Read	Quotients	in Subtraction Notation
 Read	Quotients	in Multiplication Notation
 Read	Quotients	in Division Notation
 Read	Quotients	in Radical Notation
 Read	Quotients	in Exponential Notation
 Read	Quotients	in Scientific Notation
 Read	Quotients	in Base Ten
 Read	Remainders	in Fractional Notation
 Read	Remainders	in Decimal Notation
 Read	Remainders	in Proportional Notation
 Read	Remainders	in Addition Notation
 Read	Remainders	in Subtraction Notation
 Read	Remainders	in Multiplication Notation
 Read	Remainders	in Division Notation
 Read	Remainders	in Radical Notation
 Read	Remainders	in Exponential Notation
 Read	Remainders	in Scientific Notation
 Read	Remainders	in Base Ten
 Read	Groups	in Fractional Notation
 Read	Groups	in Decimal Notation
 Read	Groups	in Proportional Notation
 Read	Groups	in Addition Notation
 Read	Groups	in Subtraction Notation
 Read	Groups	in Multiplication Notation
 Read	Groups	in Division Notation
 Read	Groups	in Radical Notation
 Read	Groups	in Exponential Notation
 Read	Groups	in Scientific Notation
 Read	Groups	in Base Ten
 Read	Length	in Fractional Notation
 Read	Length	in Decimal Notation
 Read	Length	in Proportional Notation
 Read	Length	in Addition Notation
 Read	Length	in Subtraction Notation
 Read	Length	in Multiplication Notation
 Read	Length	in Division Notation
 Read	Length	in Radical Notation
 Read	Length	in Exponential Notation
 Read	Length	in Scientific Notation
 Read	Length	in Base Ten
 Read	Width	in Fractional Notation
 Read	Width	in Decimal Notation
 Read	Width	in Proportional Notation
 Read	Width	in Addition Notation
 Read	Width	in Subtraction Notation
 Read	Width	in Multiplication Notation
 Read	Width	in Division Notation
 Read	Width	in Radical Notation
 Read	Width	in Exponential Notation
 Read	Width	in Scientific Notation
 Read	Width	in Base Ten
 Read	Depth or Height	in Fractional Notation
 Read	Depth or Height	in Decimal Notation
 Read	Depth or Height	in Proportional Notation
 Read	Depth or Height	in Addition Notation
 Read	Depth or Height	in Subtraction Notation
 Read	Depth or Height	in Multiplication Notation
 Read	Depth or Height	in Division Notation
 Read	Depth or Height	in Radical Notation
 Read	Depth or Height	in Exponential Notation
 Read	Depth or Height	in Scientific Notation
 Read	Depth or Height	in Base Ten
 Read	Qualitative Attributes	in Fractional Notation
 Read	Qualitative Attributes	in Decimal Notation
 Read	Qualitative Attributes	in Proportional Notation
 Read	Qualitative Attributes	in Addition Notation
 Read	Qualitative Attributes	in Subtraction Notation
 Read	Qualitative Attributes	in Multiplication Notation
 Read	Qualitative Attributes	in Division Notation
 Read	Qualitative Attributes	in Radical Notation
 Read	Qualitative Attributes	in Exponential Notation
 Read	Qualitative Attributes	in Scientific Notation
 Read	Qualitative Attributes	in Base Ten
 Read	Samples	in Fractional Notation
 Read	Samples	in Decimal Notation
 Read	Samples	in Proportional Notation
 Read	Samples	in Addition Notation
 Read	Samples	in Subtraction Notation
 Read	Samples	in Multiplication Notation
 Read	Samples	in Division Notation
 Read	Samples	in Radical Notation
 Read	Samples	in Exponential Notation
 Read	Samples	in Scientific Notation
 Read	Samples	in Base Ten
 Read	Random Samples	in Fractional Notation
 Read	Random Samples	in Decimal Notation
 Read	Random Samples	in Proportional Notation
 Read	Random Samples	in Addition Notation
 Read	Random Samples	in Subtraction Notation
 Read	Random Samples	in Multiplication Notation
 Read	Random Samples	in Division Notation
 Read	Random Samples	in Radical Notation
 Read	Random Samples	in Exponential Notation
 Read	Random Samples	in Scientific Notation
 Read	Random Samples	in Base Ten
 Read	Quantitative Stories	in Fractional Notation
 Read	Quantitative Stories	in Decimal Notation
 Read	Quantitative Stories	in Proportional Notation
 Read	Quantitative Stories	in Addition Notation
 Read	Quantitative Stories	in Subtraction Notation
 Read	Quantitative Stories	in Multiplication Notation
 Read	Quantitative Stories	in Division Notation
 Read	Quantitative Stories	in Radical Notation
 Read	Quantitative Stories	in Exponential Notation
 Read	Quantitative Stories	in Scientific Notation
 Read	Quantitative Stories	in Base Ten
 Write	Volumes	in Fractional Notation
 Write	Volumes	in Decimal Notation
 Write	Volumes	in Proportional Notation
 Write	Volumes	in Addition Notation
 Write	Volumes	in Subtraction Notation
 Write	Volumes	in Multiplication Notation
 Write	Volumes	in Division Notation
 Write	Volumes	in Radical Notation
 Write	Volumes	in Exponential Notation
 Write	Volumes	in Scientific Notation
 Write	Volumes	in Base Ten
 Write	Numerical Expressions	in Fractional Notation
 Write	Numerical Expressions	in Decimal Notation
 Write	Numerical Expressions	in Proportional Notation
 Write	Numerical Expressions	in Addition Notation
 Write	Numerical Expressions	in Subtraction Notation
 Write	Numerical Expressions	in Multiplication Notation
 Write	Numerical Expressions	in Division Notation
 Write	Numerical Expressions	in Radical Notation
 Write	Numerical Expressions	in Exponential Notation
 Write	Numerical Expressions	in Scientific Notation
 Write	Numerical Expressions	in Base Ten
 Write	Numerical Equations	in Fractional Notation
 Write	Numerical Equations	in Decimal Notation
 Write	Numerical Equations	in Proportional Notation
 Write	Numerical Equations	in Addition Notation
 Write	Numerical Equations	in Subtraction Notation
 Write	Numerical Equations	in Multiplication Notation
 Write	Numerical Equations	in Division Notation
 Write	Numerical Equations	in Radical Notation
 Write	Numerical Equations	in Exponential Notation
 Write	Numerical Equations	in Scientific Notation
 Write	Numerical Equations	in Base Ten
 Write	Properties of Objects	in Fractional Notation
 Write	Properties of Objects	in Decimal Notation
 Write	Properties of Objects	in Proportional Notation
 Write	Properties of Objects	in Addition Notation
 Write	Properties of Objects	in Subtraction Notation
 Write	Properties of Objects	in Multiplication Notation
 Write	Properties of Objects	in Division Notation
 Write	Properties of Objects	in Radical Notation
 Write	Properties of Objects	in Exponential Notation
 Write	Properties of Objects	in Scientific Notation
 Write	Properties of Objects	in Base Ten
 Write	Properties of Operations	in Fractional Notation
 Write	Properties of Operations	in Decimal Notation
 Write	Properties of Operations	in Proportional Notation
 Write	Properties of Operations	in Addition Notation
 Write	Properties of Operations	in Subtraction Notation
 Write	Properties of Operations	in Multiplication Notation
 Write	Properties of Operations	in Division Notation
 Write	Properties of Operations	in Radical Notation
 Write	Properties of Operations	in Exponential Notation
 Write	Properties of Operations	in Scientific Notation
 Write	Properties of Operations	in Base Ten
 Write	Patterns	in Fractional Notation
 Write	Patterns	in Decimal Notation
 Write	Patterns	in Proportional Notation
 Write	Patterns	in Addition Notation
 Write	Patterns	in Subtraction Notation
 Write	Patterns	in Multiplication Notation
 Write	Patterns	in Division Notation
 Write	Patterns	in Radical Notation
 Write	Patterns	in Exponential Notation
 Write	Patterns	in Scientific Notation
 Write	Patterns	in Base Ten
 Write	Common Factors	in Fractional Notation
 Write	Common Factors	in Decimal Notation
 Write	Common Factors	in Proportional Notation
 Write	Common Factors	in Addition Notation
 Write	Common Factors	in Subtraction Notation
 Write	Common Factors	in Multiplication Notation
 Write	Common Factors	in Division Notation
 Write	Common Factors	in Radical Notation
 Write	Common Factors	in Exponential Notation
 Write	Common Factors	in Scientific Notation
 Write	Common Factors	in Base Ten
 Write	Multiples	in Fractional Notation
 Write	Multiples	in Decimal Notation
 Write	Multiples	in Proportional Notation
 Write	Multiples	in Addition Notation
 Write	Multiples	in Subtraction Notation
 Write	Multiples	in Multiplication Notation
 Write	Multiples	in Division Notation
 Write	Multiples	in Radical Notation
 Write	Multiples	in Exponential Notation
 Write	Multiples	in Scientific Notation
 Write	Multiples	in Base Ten
 Write	Common Multiples	in Fractional Notation
 Write	Common Multiples	in Decimal Notation
 Write	Common Multiples	in Proportional Notation
 Write	Common Multiples	in Addition Notation
 Write	Common Multiples	in Subtraction Notation
 Write	Common Multiples	in Multiplication Notation
 Write	Common Multiples	in Division Notation
 Write	Common Multiples	in Radical Notation
 Write	Common Multiples	in Exponential Notation
 Write	Common Multiples	in Scientific Notation
 Write	Common Multiples	in Base Ten
 Write	Place Values	in Fractional Notation
 Write	Place Values	in Decimal Notation
 Write	Place Values	in Proportional Notation
 Write	Place Values	in Addition Notation
 Write	Place Values	in Subtraction Notation
 Write	Place Values	in Multiplication Notation
 Write	Place Values	in Division Notation
 Write	Place Values	in Radical Notation
 Write	Place Values	in Exponential Notation
 Write	Place Values	in Scientific Notation
 Write	Place Values	in Base Ten
 Write	Attributes	in Fractional Notation
 Write	Attributes	in Decimal Notation
 Write	Attributes	in Proportional Notation
 Write	Attributes	in Addition Notation
 Write	Attributes	in Subtraction Notation
 Write	Attributes	in Multiplication Notation
 Write	Attributes	in Division Notation
 Write	Attributes	in Radical Notation
 Write	Attributes	in Exponential Notation
 Write	Attributes	in Scientific Notation
 Write	Attributes	in Base Ten
 Write	Standard Units	in Fractional Notation
 Write	Standard Units	in Decimal Notation
 Write	Standard Units	in Proportional Notation
 Write	Standard Units	in Addition Notation
 Write	Standard Units	in Subtraction Notation
 Write	Standard Units	in Multiplication Notation
 Write	Standard Units	in Division Notation
 Write	Standard Units	in Radical Notation
 Write	Standard Units	in Exponential Notation
 Write	Standard Units	in Scientific Notation
 Write	Standard Units	in Base Ten
 Write	SI Units	in Fractional Notation
 Write	SI Units	in Decimal Notation
 Write	SI Units	in Proportional Notation
 Write	SI Units	in Addition Notation
 Write	SI Units	in Subtraction Notation
 Write	SI Units	in Multiplication Notation
 Write	SI Units	in Division Notation
 Write	SI Units	in Radical Notation
 Write	SI Units	in Exponential Notation
 Write	SI Units	in Scientific Notation
 Write	SI Units	in Base Ten
 Write	Areas	in Fractional Notation
 Write	Areas	in Decimal Notation
 Write	Areas	in Proportional Notation
 Write	Areas	in Addition Notation
 Write	Areas	in Subtraction Notation
 Write	Areas	in Multiplication Notation
 Write	Areas	in Division Notation
 Write	Areas	in Radical Notation
 Write	Areas	in Exponential Notation
 Write	Areas	in Scientific Notation
 Write	Areas	in Base Ten
 Write	Perimeters	in Fractional Notation
 Write	Perimeters	in Decimal Notation
 Write	Perimeters	in Proportional Notation
 Write	Perimeters	in Addition Notation
 Write	Perimeters	in Subtraction Notation
 Write	Perimeters	in Multiplication Notation
 Write	Perimeters	in Division Notation
 Write	Perimeters	in Radical Notation
 Write	Perimeters	in Exponential Notation
 Write	Perimeters	in Scientific Notation
 Write	Perimeters	in Base Ten
 Write	Data	in Fractional Notation
 Write	Data	in Decimal Notation
 Write	Data	in Proportional Notation
 Write	Data	in Addition Notation
 Write	Data	in Subtraction Notation
 Write	Data	in Multiplication Notation
 Write	Data	in Division Notation
 Write	Data	in Radical Notation
 Write	Data	in Exponential Notation
 Write	Data	in Scientific Notation
 Write	Data	in Base Ten
 Write	Shapes	in Fractional Notation
 Write	Shapes	in Decimal Notation
 Write	Shapes	in Proportional Notation
 Write	Shapes	in Addition Notation
 Write	Shapes	in Subtraction Notation
 Write	Shapes	in Multiplication Notation
 Write	Shapes	in Division Notation
 Write	Shapes	in Radical Notation
 Write	Shapes	in Exponential Notation
 Write	Shapes	in Scientific Notation
 Write	Shapes	in Base Ten
 Write	Surface Areas	in Fractional Notation
 Write	Surface Areas	in Decimal Notation
 Write	Surface Areas	in Proportional Notation
 Write	Surface Areas	in Addition Notation
 Write	Surface Areas	in Subtraction Notation
 Write	Surface Areas	in Multiplication Notation
 Write	Surface Areas	in Division Notation
 Write	Surface Areas	in Radical Notation
 Write	Surface Areas	in Exponential Notation
 Write	Surface Areas	in Scientific Notation
 Write	Surface Areas	in Base Ten
 Write	Realia	in Fractional Notation
 Write	Realia	in Decimal Notation
 Write	Realia	in Proportional Notation
 Write	Realia	in Addition Notation
 Write	Realia	in Subtraction Notation
 Write	Realia	in Multiplication Notation
 Write	Realia	in Division Notation
 Write	Realia	in Radical Notation
 Write	Realia	in Exponential Notation
 Write	Realia	in Scientific Notation
 Write	Realia	in Base Ten
 Write	Models	in Fractional Notation
 Write	Models	in Decimal Notation
 Write	Models	in Proportional Notation
 Write	Models	in Addition Notation
 Write	Models	in Subtraction Notation
 Write	Models	in Multiplication Notation
 Write	Models	in Division Notation
 Write	Models	in Radical Notation
 Write	Models	in Exponential Notation
 Write	Models	in Scientific Notation
 Write	Models	in Base Ten
 Write	Congruence	in Fractional Notation
 Write	Congruence	in Decimal Notation
 Write	Congruence	in Proportional Notation
 Write	Congruence	in Addition Notation
 Write	Congruence	in Subtraction Notation
 Write	Congruence	in Multiplication Notation
 Write	Congruence	in Division Notation
 Write	Congruence	in Radical Notation
 Write	Congruence	in Exponential Notation
 Write	Congruence	in Scientific Notation
 Write	Congruence	in Base Ten
 Write	Similarity	in Fractional Notation
 Write	Similarity	in Decimal Notation
 Write	Similarity	in Proportional Notation
 Write	Similarity	in Addition Notation
 Write	Similarity	in Subtraction Notation
 Write	Similarity	in Multiplication Notation
 Write	Similarity	in Division Notation
 Write	Similarity	in Radical Notation
 Write	Similarity	in Exponential Notation
 Write	Similarity	in Scientific Notation
 Write	Similarity	in Base Ten
 Write	Ratios	in Fractional Notation
 Write	Ratios	in Decimal Notation
 Write	Ratios	in Proportional Notation
 Write	Ratios	in Addition Notation
 Write	Ratios	in Subtraction Notation
 Write	Ratios	in Multiplication Notation
 Write	Ratios	in Division Notation
 Write	Ratios	in Radical Notation
 Write	Ratios	in Exponential Notation
 Write	Ratios	in Scientific Notation
 Write	Ratios	in Base Ten
 Write	Proportions	in Fractional Notation
 Write	Proportions	in Decimal Notation
 Write	Proportions	in Proportional Notation
 Write	Proportions	in Addition Notation
 Write	Proportions	in Subtraction Notation
 Write	Proportions	in Multiplication Notation
 Write	Proportions	in Division Notation
 Write	Proportions	in Radical Notation
 Write	Proportions	in Exponential Notation
 Write	Proportions	in Scientific Notation
 Write	Proportions	in Base Ten
 Write	Numerical Inequalities	in Fractional Notation
 Write	Numerical Inequalities	in Decimal Notation
 Write	Numerical Inequalities	in Proportional Notation
 Write	Numerical Inequalities	in Addition Notation
 Write	Numerical Inequalities	in Subtraction Notation
 Write	Numerical Inequalities	in Multiplication Notation
 Write	Numerical Inequalities	in Division Notation
 Write	Numerical Inequalities	in Radical Notation
 Write	Numerical Inequalities	in Exponential Notation
 Write	Numerical Inequalities	in Scientific Notation
 Write	Numerical Inequalities	in Base Ten
 Write	Algebraic Equations	in Fractional Notation
 Write	Algebraic Equations	in Decimal Notation
 Write	Algebraic Equations	in Proportional Notation
 Write	Algebraic Equations	in Addition Notation
 Write	Algebraic Equations	in Subtraction Notation
 Write	Algebraic Equations	in Multiplication Notation
 Write	Algebraic Equations	in Division Notation
 Write	Algebraic Equations	in Radical Notation
 Write	Algebraic Equations	in Exponential Notation
 Write	Algebraic Equations	in Scientific Notation
 Write	Algebraic Equations	in Base Ten
 Write	Algebraic Inequalities	in Fractional Notation
 Write	Algebraic Inequalities	in Decimal Notation
 Write	Algebraic Inequalities	in Proportional Notation
 Write	Algebraic Inequalities	in Addition Notation
 Write	Algebraic Inequalities	in Subtraction Notation
 Write	Algebraic Inequalities	in Multiplication Notation
 Write	Algebraic Inequalities	in Division Notation
 Write	Algebraic Inequalities	in Radical Notation
 Write	Algebraic Inequalities	in Exponential Notation
 Write	Algebraic Inequalities	in Scientific Notation
 Write	Algebraic Inequalities	in Base Ten
 Write	Lines	in Fractional Notation
 Write	Lines	in Decimal Notation
 Write	Lines	in Proportional Notation
 Write	Lines	in Addition Notation
 Write	Lines	in Subtraction Notation
 Write	Lines	in Multiplication Notation
 Write	Lines	in Division Notation
 Write	Lines	in Radical Notation
 Write	Lines	in Exponential Notation
 Write	Lines	in Scientific Notation
 Write	Lines	in Base Ten
 Write	Linear Equations	in Fractional Notation
 Write	Linear Equations	in Decimal Notation
 Write	Linear Equations	in Proportional Notation
 Write	Linear Equations	in Addition Notation
 Write	Linear Equations	in Subtraction Notation
 Write	Linear Equations	in Multiplication Notation
 Write	Linear Equations	in Division Notation
 Write	Linear Equations	in Radical Notation
 Write	Linear Equations	in Exponential Notation
 Write	Linear Equations	in Scientific Notation
 Write	Linear Equations	in Base Ten
 Write	Simultaneous Equations	in Fractional Notation
 Write	Simultaneous Equations	in Decimal Notation
 Write	Simultaneous Equations	in Proportional Notation
 Write	Simultaneous Equations	in Addition Notation
 Write	Simultaneous Equations	in Subtraction Notation
 Write	Simultaneous Equations	in Multiplication Notation
 Write	Simultaneous Equations	in Division Notation
 Write	Simultaneous Equations	in Radical Notation
 Write	Simultaneous Equations	in Exponential Notation
 Write	Simultaneous Equations	in Scientific Notation
 Write	Simultaneous Equations	in Base Ten
 Write	Statistical Variability	in Fractional Notation
 Write	Statistical Variability	in Decimal Notation
 Write	Statistical Variability	in Proportional Notation
 Write	Statistical Variability	in Addition Notation
 Write	Statistical Variability	in Subtraction Notation
 Write	Statistical Variability	in Multiplication Notation
 Write	Statistical Variability	in Division Notation
 Write	Statistical Variability	in Radical Notation
 Write	Statistical Variability	in Exponential Notation
 Write	Statistical Variability	in Scientific Notation
 Write	Statistical Variability	in Base Ten
 Write	Distributions	in Fractional Notation
 Write	Distributions	in Decimal Notation
 Write	Distributions	in Proportional Notation
 Write	Distributions	in Addition Notation
 Write	Distributions	in Subtraction Notation
 Write	Distributions	in Multiplication Notation
 Write	Distributions	in Division Notation
 Write	Distributions	in Radical Notation
 Write	Distributions	in Exponential Notation
 Write	Distributions	in Scientific Notation
 Write	Distributions	in Base Ten
 Write	Populations	in Fractional Notation
 Write	Populations	in Decimal Notation
 Write	Populations	in Proportional Notation
 Write	Populations	in Addition Notation
 Write	Populations	in Subtraction Notation
 Write	Populations	in Multiplication Notation
 Write	Populations	in Division Notation
 Write	Populations	in Radical Notation
 Write	Populations	in Exponential Notation
 Write	Populations	in Scientific Notation
 Write	Populations	in Base Ten
 Write	Probability Models	in Fractional Notation
 Write	Probability Models	in Decimal Notation
 Write	Probability Models	in Proportional Notation
 Write	Probability Models	in Addition Notation
 Write	Probability Models	in Subtraction Notation
 Write	Probability Models	in Multiplication Notation
 Write	Probability Models	in Division Notation
 Write	Probability Models	in Radical Notation
 Write	Probability Models	in Exponential Notation
 Write	Probability Models	in Scientific Notation
 Write	Probability Models	in Base Ten
 Write	Bivariate Data	in Fractional Notation
 Write	Bivariate Data	in Decimal Notation
 Write	Bivariate Data	in Proportional Notation
 Write	Bivariate Data	in Addition Notation
 Write	Bivariate Data	in Subtraction Notation
 Write	Bivariate Data	in Multiplication Notation
 Write	Bivariate Data	in Division Notation
 Write	Bivariate Data	in Radical Notation
 Write	Bivariate Data	in Exponential Notation
 Write	Bivariate Data	in Scientific Notation
 Write	Bivariate Data	in Base Ten
 Write	Sets	in Fractional Notation
 Write	Sets	in Decimal Notation
 Write	Sets	in Proportional Notation
 Write	Sets	in Addition Notation
 Write	Sets	in Subtraction Notation
 Write	Sets	in Multiplication Notation
 Write	Sets	in Division Notation
 Write	Sets	in Radical Notation
 Write	Sets	in Exponential Notation
 Write	Sets	in Scientific Notation
 Write	Sets	in Base Ten
 Write	Elements	in Fractional Notation
 Write	Elements	in Decimal Notation
 Write	Elements	in Proportional Notation
 Write	Elements	in Addition Notation
 Write	Elements	in Subtraction Notation
 Write	Elements	in Multiplication Notation
 Write	Elements	in Division Notation
 Write	Elements	in Radical Notation
 Write	Elements	in Exponential Notation
 Write	Elements	in Scientific Notation
 Write	Elements	in Base Ten
 Write	Experiments	in Fractional Notation
 Write	Experiments	in Decimal Notation
 Write	Experiments	in Proportional Notation
 Write	Experiments	in Addition Notation
 Write	Experiments	in Subtraction Notation
 Write	Experiments	in Multiplication Notation
 Write	Experiments	in Division Notation
 Write	Experiments	in Radical Notation
 Write	Experiments	in Exponential Notation
 Write	Experiments	in Scientific Notation
 Write	Experiments	in Base Ten
 Write	Observations	in Fractional Notation
 Write	Observations	in Decimal Notation
 Write	Observations	in Proportional Notation
 Write	Observations	in Addition Notation
 Write	Observations	in Subtraction Notation
 Write	Observations	in Multiplication Notation
 Write	Observations	in Division Notation
 Write	Observations	in Radical Notation
 Write	Observations	in Exponential Notation
 Write	Observations	in Scientific Notation
 Write	Observations	in Base Ten
 Write	Dependent Variables	in Fractional Notation
 Write	Dependent Variables	in Decimal Notation
 Write	Dependent Variables	in Proportional Notation
 Write	Dependent Variables	in Addition Notation
 Write	Dependent Variables	in Subtraction Notation
 Write	Dependent Variables	in Multiplication Notation
 Write	Dependent Variables	in Division Notation
 Write	Dependent Variables	in Radical Notation
 Write	Dependent Variables	in Exponential Notation
 Write	Dependent Variables	in Scientific Notation
 Write	Dependent Variables	in Base Ten
 Write	Independent Variables	in Fractional Notation
 Write	Independent Variables	in Decimal Notation
 Write	Independent Variables	in Proportional Notation
 Write	Independent Variables	in Addition Notation
 Write	Independent Variables	in Subtraction Notation
 Write	Independent Variables	in Multiplication Notation
 Write	Independent Variables	in Division Notation
 Write	Independent Variables	in Radical Notation
 Write	Independent Variables	in Exponential Notation
 Write	Independent Variables	in Scientific Notation
 Write	Independent Variables	in Base Ten
 Write	Sums	in Fractional Notation
 Write	Sums	in Decimal Notation
 Write	Sums	in Proportional Notation
 Write	Sums	in Addition Notation
 Write	Sums	in Subtraction Notation
 Write	Sums	in Multiplication Notation
 Write	Sums	in Division Notation
 Write	Sums	in Radical Notation
 Write	Sums	in Exponential Notation
 Write	Sums	in Scientific Notation
 Write	Sums	in Base Ten
 Write	Differences	in Fractional Notation
 Write	Differences	in Decimal Notation
 Write	Differences	in Proportional Notation
 Write	Differences	in Addition Notation
 Write	Differences	in Subtraction Notation
 Write	Differences	in Multiplication Notation
 Write	Differences	in Division Notation
 Write	Differences	in Radical Notation
 Write	Differences	in Exponential Notation
 Write	Differences	in Scientific Notation
 Write	Differences	in Base Ten
 Write	Products	in Fractional Notation
 Write	Products	in Decimal Notation
 Write	Products	in Proportional Notation
 Write	Products	in Addition Notation
 Write	Products	in Subtraction Notation
 Write	Products	in Multiplication Notation
 Write	Products	in Division Notation
 Write	Products	in Radical Notation
 Write	Products	in Exponential Notation
 Write	Products	in Scientific Notation
 Write	Products	in Base Ten
 Write	Quotients	in Fractional Notation
 Write	Quotients	in Decimal Notation
 Write	Quotients	in Proportional Notation
 Write	Quotients	in Addition Notation
 Write	Quotients	in Subtraction Notation
 Write	Quotients	in Multiplication Notation
 Write	Quotients	in Division Notation
 Write	Quotients	in Radical Notation
 Write	Quotients	in Exponential Notation
 Write	Quotients	in Scientific Notation
 Write	Quotients	in Base Ten
 Write	Remainders	in Fractional Notation
 Write	Remainders	in Decimal Notation
 Write	Remainders	in Proportional Notation
 Write	Remainders	in Addition Notation
 Write	Remainders	in Subtraction Notation
 Write	Remainders	in Multiplication Notation
 Write	Remainders	in Division Notation
 Write	Remainders	in Radical Notation
 Write	Remainders	in Exponential Notation
 Write	Remainders	in Scientific Notation
 Write	Remainders	in Base Ten
 Write	Groups	in Fractional Notation
 Write	Groups	in Decimal Notation
 Write	Groups	in Proportional Notation
 Write	Groups	in Addition Notation
 Write	Groups	in Subtraction Notation
 Write	Groups	in Multiplication Notation
 Write	Groups	in Division Notation
 Write	Groups	in Radical Notation
 Write	Groups	in Exponential Notation
 Write	Groups	in Scientific Notation
 Write	Groups	in Base Ten
 Write	Length	in Fractional Notation
 Write	Length	in Decimal Notation
 Write	Length	in Proportional Notation
 Write	Length	in Addition Notation
 Write	Length	in Subtraction Notation
 Write	Length	in Multiplication Notation
 Write	Length	in Division Notation
 Write	Length	in Radical Notation
 Write	Length	in Exponential Notation
 Write	Length	in Scientific Notation
 Write	Length	in Base Ten
 Write	Width	in Fractional Notation
 Write	Width	in Decimal Notation
 Write	Width	in Proportional Notation
 Write	Width	in Addition Notation
 Write	Width	in Subtraction Notation
 Write	Width	in Multiplication Notation
 Write	Width	in Division Notation
 Write	Width	in Radical Notation
 Write	Width	in Exponential Notation
 Write	Width	in Scientific Notation
 Write	Width	in Base Ten
 Write	Depth or Height	in Fractional Notation
 Write	Depth or Height	in Decimal Notation
 Write	Depth or Height	in Proportional Notation
 Write	Depth or Height	in Addition Notation
 Write	Depth or Height	in Subtraction Notation
 Write	Depth or Height	in Multiplication Notation
 Write	Depth or Height	in Division Notation
 Write	Depth or Height	in Radical Notation
 Write	Depth or Height	in Exponential Notation
 Write	Depth or Height	in Scientific Notation
 Write	Depth or Height	in Base Ten
 Write	Qualitative Attributes	in Fractional Notation
 Write	Qualitative Attributes	in Decimal Notation
 Write	Qualitative Attributes	in Proportional Notation
 Write	Qualitative Attributes	in Addition Notation
 Write	Qualitative Attributes	in Subtraction Notation
 Write	Qualitative Attributes	in Multiplication Notation
 Write	Qualitative Attributes	in Division Notation
 Write	Qualitative Attributes	in Radical Notation
 Write	Qualitative Attributes	in Exponential Notation
 Write	Qualitative Attributes	in Scientific Notation
 Write	Qualitative Attributes	in Base Ten
 Write	Samples	in Fractional Notation
 Write	Samples	in Decimal Notation
 Write	Samples	in Proportional Notation
 Write	Samples	in Addition Notation
 Write	Samples	in Subtraction Notation
 Write	Samples	in Multiplication Notation
 Write	Samples	in Division Notation
 Write	Samples	in Radical Notation
 Write	Samples	in Exponential Notation
 Write	Samples	in Scientific Notation
 Write	Samples	in Base Ten
 Write	Random Samples	in Fractional Notation
 Write	Random Samples	in Decimal Notation
 Write	Random Samples	in Proportional Notation
 Write	Random Samples	in Addition Notation
 Write	Random Samples	in Subtraction Notation
 Write	Random Samples	in Multiplication Notation
 Write	Random Samples	in Division Notation
 Write	Random Samples	in Radical Notation
 Write	Random Samples	in Exponential Notation
 Write	Random Samples	in Scientific Notation
 Write	Random Samples	in Base Ten
 Write	Quantitative Stories	in Fractional Notation
 Write	Quantitative Stories	in Decimal Notation
 Write	Quantitative Stories	in Proportional Notation
 Write	Quantitative Stories	in Addition Notation
 Write	Quantitative Stories	in Subtraction Notation
 Write	Quantitative Stories	in Multiplication Notation
 Write	Quantitative Stories	in Division Notation
 Write	Quantitative Stories	in Radical Notation
 Write	Quantitative Stories	in Exponential Notation
 Write	Quantitative Stories	in Scientific Notation
 Write	Quantitative Stories	in Base Ten
