Read	Naming	Numbers	involving Algebraic Expressions
 Read	Naming	Terms	involving Algebraic Expressions
 Read	Naming	Factors	involving Algebraic Expressions
 Read	Naming	Angles	involving Algebraic Expressions
 Read	Naming	Algebraic Expressions	involving Algebraic Expressions
 Read	Naming	Variables	involving Algebraic Expressions
 Read	Naming	Functions	involving Algebraic Expressions
 Read	Naming	Chance Processes	involving Algebraic Expressions
 Read	Naming	Arrays	involving Algebraic Expressions
 Read	Adding	Numbers	involving Algebraic Expressions
 Read	Adding	Terms	involving Algebraic Expressions
 Read	Adding	Factors	involving Algebraic Expressions
 Read	Adding	Angles	involving Algebraic Expressions
 Read	Adding	Algebraic Expressions	involving Algebraic Expressions
 Read	Adding	Variables	involving Algebraic Expressions
 Read	Adding	Functions	involving Algebraic Expressions
 Read	Adding	Chance Processes	involving Algebraic Expressions
 Read	Adding	Arrays	involving Algebraic Expressions
 Read	Subtracting	Numbers	involving Algebraic Expressions
 Read	Subtracting	Terms	involving Algebraic Expressions
 Read	Subtracting	Factors	involving Algebraic Expressions
 Read	Subtracting	Angles	involving Algebraic Expressions
 Read	Subtracting	Algebraic Expressions	involving Algebraic Expressions
 Read	Subtracting	Variables	involving Algebraic Expressions
 Read	Subtracting	Functions	involving Algebraic Expressions
 Read	Subtracting	Chance Processes	involving Algebraic Expressions
 Read	Subtracting	Arrays	involving Algebraic Expressions
 Read	Multiplying	Numbers	involving Algebraic Expressions
 Read	Multiplying	Terms	involving Algebraic Expressions
 Read	Multiplying	Factors	involving Algebraic Expressions
 Read	Multiplying	Angles	involving Algebraic Expressions
 Read	Multiplying	Algebraic Expressions	involving Algebraic Expressions
 Read	Multiplying	Variables	involving Algebraic Expressions
 Read	Multiplying	Functions	involving Algebraic Expressions
 Read	Multiplying	Chance Processes	involving Algebraic Expressions
 Read	Multiplying	Arrays	involving Algebraic Expressions
 Read	Dividing	Numbers	involving Algebraic Expressions
 Read	Dividing	Terms	involving Algebraic Expressions
 Read	Dividing	Factors	involving Algebraic Expressions
 Read	Dividing	Angles	involving Algebraic Expressions
 Read	Dividing	Algebraic Expressions	involving Algebraic Expressions
 Read	Dividing	Variables	involving Algebraic Expressions
 Read	Dividing	Functions	involving Algebraic Expressions
 Read	Dividing	Chance Processes	involving Algebraic Expressions
 Read	Dividing	Arrays	involving Algebraic Expressions
 Read	Negating	Numbers	involving Algebraic Expressions
 Read	Negating	Terms	involving Algebraic Expressions
 Read	Negating	Factors	involving Algebraic Expressions
 Read	Negating	Angles	involving Algebraic Expressions
 Read	Negating	Algebraic Expressions	involving Algebraic Expressions
 Read	Negating	Variables	involving Algebraic Expressions
 Read	Negating	Functions	involving Algebraic Expressions
 Read	Negating	Chance Processes	involving Algebraic Expressions
 Read	Negating	Arrays	involving Algebraic Expressions
 Read	Exponentiating	Numbers	involving Algebraic Expressions
 Read	Exponentiating	Terms	involving Algebraic Expressions
 Read	Exponentiating	Factors	involving Algebraic Expressions
 Read	Exponentiating	Angles	involving Algebraic Expressions
 Read	Exponentiating	Algebraic Expressions	involving Algebraic Expressions
 Read	Exponentiating	Variables	involving Algebraic Expressions
 Read	Exponentiating	Functions	involving Algebraic Expressions
 Read	Exponentiating	Chance Processes	involving Algebraic Expressions
 Read	Exponentiating	Arrays	involving Algebraic Expressions
 Read	Grouping	Numbers	involving Algebraic Expressions
 Read	Grouping	Terms	involving Algebraic Expressions
 Read	Grouping	Factors	involving Algebraic Expressions
 Read	Grouping	Angles	involving Algebraic Expressions
 Read	Grouping	Algebraic Expressions	involving Algebraic Expressions
 Read	Grouping	Variables	involving Algebraic Expressions
 Read	Grouping	Functions	involving Algebraic Expressions
 Read	Grouping	Chance Processes	involving Algebraic Expressions
 Read	Grouping	Arrays	involving Algebraic Expressions
 Recite	Naming	Numbers	involving Algebraic Expressions
 Recite	Naming	Terms	involving Algebraic Expressions
 Recite	Naming	Factors	involving Algebraic Expressions
 Recite	Naming	Angles	involving Algebraic Expressions
 Recite	Naming	Algebraic Expressions	involving Algebraic Expressions
 Recite	Naming	Variables	involving Algebraic Expressions
 Recite	Naming	Functions	involving Algebraic Expressions
 Recite	Naming	Chance Processes	involving Algebraic Expressions
 Recite	Naming	Arrays	involving Algebraic Expressions
 Recite	Adding	Numbers	involving Algebraic Expressions
 Recite	Adding	Terms	involving Algebraic Expressions
 Recite	Adding	Factors	involving Algebraic Expressions
 Recite	Adding	Angles	involving Algebraic Expressions
 Recite	Adding	Algebraic Expressions	involving Algebraic Expressions
 Recite	Adding	Variables	involving Algebraic Expressions
 Recite	Adding	Functions	involving Algebraic Expressions
 Recite	Adding	Chance Processes	involving Algebraic Expressions
 Recite	Adding	Arrays	involving Algebraic Expressions
 Recite	Subtracting	Numbers	involving Algebraic Expressions
 Recite	Subtracting	Terms	involving Algebraic Expressions
 Recite	Subtracting	Factors	involving Algebraic Expressions
 Recite	Subtracting	Angles	involving Algebraic Expressions
 Recite	Subtracting	Algebraic Expressions	involving Algebraic Expressions
 Recite	Subtracting	Variables	involving Algebraic Expressions
 Recite	Subtracting	Functions	involving Algebraic Expressions
 Recite	Subtracting	Chance Processes	involving Algebraic Expressions
 Recite	Subtracting	Arrays	involving Algebraic Expressions
 Recite	Multiplying	Numbers	involving Algebraic Expressions
 Recite	Multiplying	Terms	involving Algebraic Expressions
 Recite	Multiplying	Factors	involving Algebraic Expressions
 Recite	Multiplying	Angles	involving Algebraic Expressions
 Recite	Multiplying	Algebraic Expressions	involving Algebraic Expressions
 Recite	Multiplying	Variables	involving Algebraic Expressions
 Recite	Multiplying	Functions	involving Algebraic Expressions
 Recite	Multiplying	Chance Processes	involving Algebraic Expressions
 Recite	Multiplying	Arrays	involving Algebraic Expressions
 Recite	Dividing	Numbers	involving Algebraic Expressions
 Recite	Dividing	Terms	involving Algebraic Expressions
 Recite	Dividing	Factors	involving Algebraic Expressions
 Recite	Dividing	Angles	involving Algebraic Expressions
 Recite	Dividing	Algebraic Expressions	involving Algebraic Expressions
 Recite	Dividing	Variables	involving Algebraic Expressions
 Recite	Dividing	Functions	involving Algebraic Expressions
 Recite	Dividing	Chance Processes	involving Algebraic Expressions
 Recite	Dividing	Arrays	involving Algebraic Expressions
 Recite	Negating	Numbers	involving Algebraic Expressions
 Recite	Negating	Terms	involving Algebraic Expressions
 Recite	Negating	Factors	involving Algebraic Expressions
 Recite	Negating	Angles	involving Algebraic Expressions
 Recite	Negating	Algebraic Expressions	involving Algebraic Expressions
 Recite	Negating	Variables	involving Algebraic Expressions
 Recite	Negating	Functions	involving Algebraic Expressions
 Recite	Negating	Chance Processes	involving Algebraic Expressions
 Recite	Negating	Arrays	involving Algebraic Expressions
 Recite	Exponentiating	Numbers	involving Algebraic Expressions
 Recite	Exponentiating	Terms	involving Algebraic Expressions
 Recite	Exponentiating	Factors	involving Algebraic Expressions
 Recite	Exponentiating	Angles	involving Algebraic Expressions
 Recite	Exponentiating	Algebraic Expressions	involving Algebraic Expressions
 Recite	Exponentiating	Variables	involving Algebraic Expressions
 Recite	Exponentiating	Functions	involving Algebraic Expressions
 Recite	Exponentiating	Chance Processes	involving Algebraic Expressions
 Recite	Exponentiating	Arrays	involving Algebraic Expressions
 Recite	Grouping	Numbers	involving Algebraic Expressions
 Recite	Grouping	Terms	involving Algebraic Expressions
 Recite	Grouping	Factors	involving Algebraic Expressions
 Recite	Grouping	Angles	involving Algebraic Expressions
 Recite	Grouping	Algebraic Expressions	involving Algebraic Expressions
 Recite	Grouping	Variables	involving Algebraic Expressions
 Recite	Grouping	Functions	involving Algebraic Expressions
 Recite	Grouping	Chance Processes	involving Algebraic Expressions
 Recite	Grouping	Arrays	involving Algebraic Expressions
 Write	Naming	Numbers	involving Algebraic Expressions
 Write	Naming	Terms	involving Algebraic Expressions
 Write	Naming	Factors	involving Algebraic Expressions
 Write	Naming	Angles	involving Algebraic Expressions
 Write	Naming	Algebraic Expressions	involving Algebraic Expressions
 Write	Naming	Variables	involving Algebraic Expressions
 Write	Naming	Functions	involving Algebraic Expressions
 Write	Naming	Chance Processes	involving Algebraic Expressions
 Write	Naming	Arrays	involving Algebraic Expressions
 Write	Adding	Numbers	involving Algebraic Expressions
 Write	Adding	Terms	involving Algebraic Expressions
 Write	Adding	Factors	involving Algebraic Expressions
 Write	Adding	Angles	involving Algebraic Expressions
 Write	Adding	Algebraic Expressions	involving Algebraic Expressions
 Write	Adding	Variables	involving Algebraic Expressions
 Write	Adding	Functions	involving Algebraic Expressions
 Write	Adding	Chance Processes	involving Algebraic Expressions
 Write	Adding	Arrays	involving Algebraic Expressions
 Write	Subtracting	Numbers	involving Algebraic Expressions
 Write	Subtracting	Terms	involving Algebraic Expressions
 Write	Subtracting	Factors	involving Algebraic Expressions
 Write	Subtracting	Angles	involving Algebraic Expressions
 Write	Subtracting	Algebraic Expressions	involving Algebraic Expressions
 Write	Subtracting	Variables	involving Algebraic Expressions
 Write	Subtracting	Functions	involving Algebraic Expressions
 Write	Subtracting	Chance Processes	involving Algebraic Expressions
 Write	Subtracting	Arrays	involving Algebraic Expressions
 Write	Multiplying	Numbers	involving Algebraic Expressions
 Write	Multiplying	Terms	involving Algebraic Expressions
 Write	Multiplying	Factors	involving Algebraic Expressions
 Write	Multiplying	Angles	involving Algebraic Expressions
 Write	Multiplying	Algebraic Expressions	involving Algebraic Expressions
 Write	Multiplying	Variables	involving Algebraic Expressions
 Write	Multiplying	Functions	involving Algebraic Expressions
 Write	Multiplying	Chance Processes	involving Algebraic Expressions
 Write	Multiplying	Arrays	involving Algebraic Expressions
 Write	Dividing	Numbers	involving Algebraic Expressions
 Write	Dividing	Terms	involving Algebraic Expressions
 Write	Dividing	Factors	involving Algebraic Expressions
 Write	Dividing	Angles	involving Algebraic Expressions
 Write	Dividing	Algebraic Expressions	involving Algebraic Expressions
 Write	Dividing	Variables	involving Algebraic Expressions
 Write	Dividing	Functions	involving Algebraic Expressions
 Write	Dividing	Chance Processes	involving Algebraic Expressions
 Write	Dividing	Arrays	involving Algebraic Expressions
 Write	Negating	Numbers	involving Algebraic Expressions
 Write	Negating	Terms	involving Algebraic Expressions
 Write	Negating	Factors	involving Algebraic Expressions
 Write	Negating	Angles	involving Algebraic Expressions
 Write	Negating	Algebraic Expressions	involving Algebraic Expressions
 Write	Negating	Variables	involving Algebraic Expressions
 Write	Negating	Functions	involving Algebraic Expressions
 Write	Negating	Chance Processes	involving Algebraic Expressions
 Write	Negating	Arrays	involving Algebraic Expressions
 Write	Exponentiating	Numbers	involving Algebraic Expressions
 Write	Exponentiating	Terms	involving Algebraic Expressions
 Write	Exponentiating	Factors	involving Algebraic Expressions
 Write	Exponentiating	Angles	involving Algebraic Expressions
 Write	Exponentiating	Algebraic Expressions	involving Algebraic Expressions
 Write	Exponentiating	Variables	involving Algebraic Expressions
 Write	Exponentiating	Functions	involving Algebraic Expressions
 Write	Exponentiating	Chance Processes	involving Algebraic Expressions
 Write	Exponentiating	Arrays	involving Algebraic Expressions
 Write	Grouping	Numbers	involving Algebraic Expressions
 Write	Grouping	Terms	involving Algebraic Expressions
 Write	Grouping	Factors	involving Algebraic Expressions
 Write	Grouping	Angles	involving Algebraic Expressions
 Write	Grouping	Algebraic Expressions	involving Algebraic Expressions
 Write	Grouping	Variables	involving Algebraic Expressions
 Write	Grouping	Functions	involving Algebraic Expressions
 Write	Grouping	Chance Processes	involving Algebraic Expressions
 Write	Grouping	Arrays	involving Algebraic Expressions
 Represent	Naming	Numbers	involving Algebraic Expressions
 Represent	Naming	Terms	involving Algebraic Expressions
 Represent	Naming	Factors	involving Algebraic Expressions
 Represent	Naming	Angles	involving Algebraic Expressions
 Represent	Naming	Algebraic Expressions	involving Algebraic Expressions
 Represent	Naming	Variables	involving Algebraic Expressions
 Represent	Naming	Functions	involving Algebraic Expressions
 Represent	Naming	Chance Processes	involving Algebraic Expressions
 Represent	Naming	Arrays	involving Algebraic Expressions
 Represent	Adding	Numbers	involving Algebraic Expressions
 Represent	Adding	Terms	involving Algebraic Expressions
 Represent	Adding	Factors	involving Algebraic Expressions
 Represent	Adding	Angles	involving Algebraic Expressions
 Represent	Adding	Algebraic Expressions	involving Algebraic Expressions
 Represent	Adding	Variables	involving Algebraic Expressions
 Represent	Adding	Functions	involving Algebraic Expressions
 Represent	Adding	Chance Processes	involving Algebraic Expressions
 Represent	Adding	Arrays	involving Algebraic Expressions
 Represent	Subtracting	Numbers	involving Algebraic Expressions
 Represent	Subtracting	Terms	involving Algebraic Expressions
 Represent	Subtracting	Factors	involving Algebraic Expressions
 Represent	Subtracting	Angles	involving Algebraic Expressions
 Represent	Subtracting	Algebraic Expressions	involving Algebraic Expressions
 Represent	Subtracting	Variables	involving Algebraic Expressions
 Represent	Subtracting	Functions	involving Algebraic Expressions
 Represent	Subtracting	Chance Processes	involving Algebraic Expressions
 Represent	Subtracting	Arrays	involving Algebraic Expressions
 Represent	Multiplying	Numbers	involving Algebraic Expressions
 Represent	Multiplying	Terms	involving Algebraic Expressions
 Represent	Multiplying	Factors	involving Algebraic Expressions
 Represent	Multiplying	Angles	involving Algebraic Expressions
 Represent	Multiplying	Algebraic Expressions	involving Algebraic Expressions
 Represent	Multiplying	Variables	involving Algebraic Expressions
 Represent	Multiplying	Functions	involving Algebraic Expressions
 Represent	Multiplying	Chance Processes	involving Algebraic Expressions
 Represent	Multiplying	Arrays	involving Algebraic Expressions
 Represent	Dividing	Numbers	involving Algebraic Expressions
 Represent	Dividing	Terms	involving Algebraic Expressions
 Represent	Dividing	Factors	involving Algebraic Expressions
 Represent	Dividing	Angles	involving Algebraic Expressions
 Represent	Dividing	Algebraic Expressions	involving Algebraic Expressions
 Represent	Dividing	Variables	involving Algebraic Expressions
 Represent	Dividing	Functions	involving Algebraic Expressions
 Represent	Dividing	Chance Processes	involving Algebraic Expressions
 Represent	Dividing	Arrays	involving Algebraic Expressions
 Represent	Negating	Numbers	involving Algebraic Expressions
 Represent	Negating	Terms	involving Algebraic Expressions
 Represent	Negating	Factors	involving Algebraic Expressions
 Represent	Negating	Angles	involving Algebraic Expressions
 Represent	Negating	Algebraic Expressions	involving Algebraic Expressions
 Represent	Negating	Variables	involving Algebraic Expressions
 Represent	Negating	Functions	involving Algebraic Expressions
 Represent	Negating	Chance Processes	involving Algebraic Expressions
 Represent	Negating	Arrays	involving Algebraic Expressions
 Represent	Exponentiating	Numbers	involving Algebraic Expressions
 Represent	Exponentiating	Terms	involving Algebraic Expressions
 Represent	Exponentiating	Factors	involving Algebraic Expressions
 Represent	Exponentiating	Angles	involving Algebraic Expressions
 Represent	Exponentiating	Algebraic Expressions	involving Algebraic Expressions
 Represent	Exponentiating	Variables	involving Algebraic Expressions
 Represent	Exponentiating	Functions	involving Algebraic Expressions
 Represent	Exponentiating	Chance Processes	involving Algebraic Expressions
 Represent	Exponentiating	Arrays	involving Algebraic Expressions
 Represent	Grouping	Numbers	involving Algebraic Expressions
 Represent	Grouping	Terms	involving Algebraic Expressions
 Represent	Grouping	Factors	involving Algebraic Expressions
 Represent	Grouping	Angles	involving Algebraic Expressions
 Represent	Grouping	Algebraic Expressions	involving Algebraic Expressions
 Represent	Grouping	Variables	involving Algebraic Expressions
 Represent	Grouping	Functions	involving Algebraic Expressions
 Represent	Grouping	Chance Processes	involving Algebraic Expressions
 Represent	Grouping	Arrays	involving Algebraic Expressions
 Represent, with activities,	Naming	Numbers	involving Algebraic Expressions
 Represent, with activities,	Naming	Terms	involving Algebraic Expressions
 Represent, with activities,	Naming	Factors	involving Algebraic Expressions
 Represent, with activities,	Naming	Angles	involving Algebraic Expressions
 Represent, with activities,	Naming	Algebraic Expressions	involving Algebraic Expressions
 Represent, with activities,	Naming	Variables	involving Algebraic Expressions
 Represent, with activities,	Naming	Functions	involving Algebraic Expressions
 Represent, with activities,	Naming	Chance Processes	involving Algebraic Expressions
 Represent, with activities,	Naming	Arrays	involving Algebraic Expressions
 Represent, with activities,	Adding	Numbers	involving Algebraic Expressions
 Represent, with activities,	Adding	Terms	involving Algebraic Expressions
 Represent, with activities,	Adding	Factors	involving Algebraic Expressions
 Represent, with activities,	Adding	Angles	involving Algebraic Expressions
 Represent, with activities,	Adding	Algebraic Expressions	involving Algebraic Expressions
 Represent, with activities,	Adding	Variables	involving Algebraic Expressions
 Represent, with activities,	Adding	Functions	involving Algebraic Expressions
 Represent, with activities,	Adding	Chance Processes	involving Algebraic Expressions
 Represent, with activities,	Adding	Arrays	involving Algebraic Expressions
 Represent, with activities,	Subtracting	Numbers	involving Algebraic Expressions
 Represent, with activities,	Subtracting	Terms	involving Algebraic Expressions
 Represent, with activities,	Subtracting	Factors	involving Algebraic Expressions
 Represent, with activities,	Subtracting	Angles	involving Algebraic Expressions
 Represent, with activities,	Subtracting	Algebraic Expressions	involving Algebraic Expressions
 Represent, with activities,	Subtracting	Variables	involving Algebraic Expressions
 Represent, with activities,	Subtracting	Functions	involving Algebraic Expressions
 Represent, with activities,	Subtracting	Chance Processes	involving Algebraic Expressions
 Represent, with activities,	Subtracting	Arrays	involving Algebraic Expressions
 Represent, with activities,	Multiplying	Numbers	involving Algebraic Expressions
 Represent, with activities,	Multiplying	Terms	involving Algebraic Expressions
 Represent, with activities,	Multiplying	Factors	involving Algebraic Expressions
 Represent, with activities,	Multiplying	Angles	involving Algebraic Expressions
 Represent, with activities,	Multiplying	Algebraic Expressions	involving Algebraic Expressions
 Represent, with activities,	Multiplying	Variables	involving Algebraic Expressions
 Represent, with activities,	Multiplying	Functions	involving Algebraic Expressions
 Represent, with activities,	Multiplying	Chance Processes	involving Algebraic Expressions
 Represent, with activities,	Multiplying	Arrays	involving Algebraic Expressions
 Represent, with activities,	Dividing	Numbers	involving Algebraic Expressions
 Represent, with activities,	Dividing	Terms	involving Algebraic Expressions
 Represent, with activities,	Dividing	Factors	involving Algebraic Expressions
 Represent, with activities,	Dividing	Angles	involving Algebraic Expressions
 Represent, with activities,	Dividing	Algebraic Expressions	involving Algebraic Expressions
 Represent, with activities,	Dividing	Variables	involving Algebraic Expressions
 Represent, with activities,	Dividing	Functions	involving Algebraic Expressions
 Represent, with activities,	Dividing	Chance Processes	involving Algebraic Expressions
 Represent, with activities,	Dividing	Arrays	involving Algebraic Expressions
 Represent, with activities,	Negating	Numbers	involving Algebraic Expressions
 Represent, with activities,	Negating	Terms	involving Algebraic Expressions
 Represent, with activities,	Negating	Factors	involving Algebraic Expressions
 Represent, with activities,	Negating	Angles	involving Algebraic Expressions
 Represent, with activities,	Negating	Algebraic Expressions	involving Algebraic Expressions
 Represent, with activities,	Negating	Variables	involving Algebraic Expressions
 Represent, with activities,	Negating	Functions	involving Algebraic Expressions
 Represent, with activities,	Negating	Chance Processes	involving Algebraic Expressions
 Represent, with activities,	Negating	Arrays	involving Algebraic Expressions
 Represent, with activities,	Exponentiating	Numbers	involving Algebraic Expressions
 Represent, with activities,	Exponentiating	Terms	involving Algebraic Expressions
 Represent, with activities,	Exponentiating	Factors	involving Algebraic Expressions
 Represent, with activities,	Exponentiating	Angles	involving Algebraic Expressions
 Represent, with activities,	Exponentiating	Algebraic Expressions	involving Algebraic Expressions
 Represent, with activities,	Exponentiating	Variables	involving Algebraic Expressions
 Represent, with activities,	Exponentiating	Functions	involving Algebraic Expressions
 Represent, with activities,	Exponentiating	Chance Processes	involving Algebraic Expressions
 Represent, with activities,	Exponentiating	Arrays	involving Algebraic Expressions
 Represent, with activities,	Grouping	Numbers	involving Algebraic Expressions
 Represent, with activities,	Grouping	Terms	involving Algebraic Expressions
 Represent, with activities,	Grouping	Factors	involving Algebraic Expressions
 Represent, with activities,	Grouping	Angles	involving Algebraic Expressions
 Represent, with activities,	Grouping	Algebraic Expressions	involving Algebraic Expressions
 Represent, with activities,	Grouping	Variables	involving Algebraic Expressions
 Represent, with activities,	Grouping	Functions	involving Algebraic Expressions
 Represent, with activities,	Grouping	Chance Processes	involving Algebraic Expressions
 Represent, with activities,	Grouping	Arrays	involving Algebraic Expressions
 Represent, with words,	Naming	Numbers	involving Algebraic Expressions
 Represent, with words,	Naming	Terms	involving Algebraic Expressions
 Represent, with words,	Naming	Factors	involving Algebraic Expressions
 Represent, with words,	Naming	Angles	involving Algebraic Expressions
 Represent, with words,	Naming	Algebraic Expressions	involving Algebraic Expressions
 Represent, with words,	Naming	Variables	involving Algebraic Expressions
 Represent, with words,	Naming	Functions	involving Algebraic Expressions
 Represent, with words,	Naming	Chance Processes	involving Algebraic Expressions
 Represent, with words,	Naming	Arrays	involving Algebraic Expressions
 Represent, with words,	Adding	Numbers	involving Algebraic Expressions
 Represent, with words,	Adding	Terms	involving Algebraic Expressions
 Represent, with words,	Adding	Factors	involving Algebraic Expressions
 Represent, with words,	Adding	Angles	involving Algebraic Expressions
 Represent, with words,	Adding	Algebraic Expressions	involving Algebraic Expressions
 Represent, with words,	Adding	Variables	involving Algebraic Expressions
 Represent, with words,	Adding	Functions	involving Algebraic Expressions
 Represent, with words,	Adding	Chance Processes	involving Algebraic Expressions
 Represent, with words,	Adding	Arrays	involving Algebraic Expressions
 Represent, with words,	Subtracting	Numbers	involving Algebraic Expressions
 Represent, with words,	Subtracting	Terms	involving Algebraic Expressions
 Represent, with words,	Subtracting	Factors	involving Algebraic Expressions
 Represent, with words,	Subtracting	Angles	involving Algebraic Expressions
 Represent, with words,	Subtracting	Algebraic Expressions	involving Algebraic Expressions
 Represent, with words,	Subtracting	Variables	involving Algebraic Expressions
 Represent, with words,	Subtracting	Functions	involving Algebraic Expressions
 Represent, with words,	Subtracting	Chance Processes	involving Algebraic Expressions
 Represent, with words,	Subtracting	Arrays	involving Algebraic Expressions
 Represent, with words,	Multiplying	Numbers	involving Algebraic Expressions
 Represent, with words,	Multiplying	Terms	involving Algebraic Expressions
 Represent, with words,	Multiplying	Factors	involving Algebraic Expressions
 Represent, with words,	Multiplying	Angles	involving Algebraic Expressions
 Represent, with words,	Multiplying	Algebraic Expressions	involving Algebraic Expressions
 Represent, with words,	Multiplying	Variables	involving Algebraic Expressions
 Represent, with words,	Multiplying	Functions	involving Algebraic Expressions
 Represent, with words,	Multiplying	Chance Processes	involving Algebraic Expressions
 Represent, with words,	Multiplying	Arrays	involving Algebraic Expressions
 Represent, with words,	Dividing	Numbers	involving Algebraic Expressions
 Represent, with words,	Dividing	Terms	involving Algebraic Expressions
 Represent, with words,	Dividing	Factors	involving Algebraic Expressions
 Represent, with words,	Dividing	Angles	involving Algebraic Expressions
 Represent, with words,	Dividing	Algebraic Expressions	involving Algebraic Expressions
 Represent, with words,	Dividing	Variables	involving Algebraic Expressions
 Represent, with words,	Dividing	Functions	involving Algebraic Expressions
 Represent, with words,	Dividing	Chance Processes	involving Algebraic Expressions
 Represent, with words,	Dividing	Arrays	involving Algebraic Expressions
 Represent, with words,	Negating	Numbers	involving Algebraic Expressions
 Represent, with words,	Negating	Terms	involving Algebraic Expressions
 Represent, with words,	Negating	Factors	involving Algebraic Expressions
 Represent, with words,	Negating	Angles	involving Algebraic Expressions
 Represent, with words,	Negating	Algebraic Expressions	involving Algebraic Expressions
 Represent, with words,	Negating	Variables	involving Algebraic Expressions
 Represent, with words,	Negating	Functions	involving Algebraic Expressions
 Represent, with words,	Negating	Chance Processes	involving Algebraic Expressions
 Represent, with words,	Negating	Arrays	involving Algebraic Expressions
 Represent, with words,	Exponentiating	Numbers	involving Algebraic Expressions
 Represent, with words,	Exponentiating	Terms	involving Algebraic Expressions
 Represent, with words,	Exponentiating	Factors	involving Algebraic Expressions
 Represent, with words,	Exponentiating	Angles	involving Algebraic Expressions
 Represent, with words,	Exponentiating	Algebraic Expressions	involving Algebraic Expressions
 Represent, with words,	Exponentiating	Variables	involving Algebraic Expressions
 Represent, with words,	Exponentiating	Functions	involving Algebraic Expressions
 Represent, with words,	Exponentiating	Chance Processes	involving Algebraic Expressions
 Represent, with words,	Exponentiating	Arrays	involving Algebraic Expressions
 Represent, with words,	Grouping	Numbers	involving Algebraic Expressions
 Represent, with words,	Grouping	Terms	involving Algebraic Expressions
 Represent, with words,	Grouping	Factors	involving Algebraic Expressions
 Represent, with words,	Grouping	Angles	involving Algebraic Expressions
 Represent, with words,	Grouping	Algebraic Expressions	involving Algebraic Expressions
 Represent, with words,	Grouping	Variables	involving Algebraic Expressions
 Represent, with words,	Grouping	Functions	involving Algebraic Expressions
 Represent, with words,	Grouping	Chance Processes	involving Algebraic Expressions
 Represent, with words,	Grouping	Arrays	involving Algebraic Expressions
 Represent, with symbols,	Naming	Numbers	involving Algebraic Expressions
 Represent, with symbols,	Naming	Terms	involving Algebraic Expressions
 Represent, with symbols,	Naming	Factors	involving Algebraic Expressions
 Represent, with symbols,	Naming	Angles	involving Algebraic Expressions
 Represent, with symbols,	Naming	Algebraic Expressions	involving Algebraic Expressions
 Represent, with symbols,	Naming	Variables	involving Algebraic Expressions
 Represent, with symbols,	Naming	Functions	involving Algebraic Expressions
 Represent, with symbols,	Naming	Chance Processes	involving Algebraic Expressions
 Represent, with symbols,	Naming	Arrays	involving Algebraic Expressions
 Represent, with symbols,	Adding	Numbers	involving Algebraic Expressions
 Represent, with symbols,	Adding	Terms	involving Algebraic Expressions
 Represent, with symbols,	Adding	Factors	involving Algebraic Expressions
 Represent, with symbols,	Adding	Angles	involving Algebraic Expressions
 Represent, with symbols,	Adding	Algebraic Expressions	involving Algebraic Expressions
 Represent, with symbols,	Adding	Variables	involving Algebraic Expressions
 Represent, with symbols,	Adding	Functions	involving Algebraic Expressions
 Represent, with symbols,	Adding	Chance Processes	involving Algebraic Expressions
 Represent, with symbols,	Adding	Arrays	involving Algebraic Expressions
 Represent, with symbols,	Subtracting	Numbers	involving Algebraic Expressions
 Represent, with symbols,	Subtracting	Terms	involving Algebraic Expressions
 Represent, with symbols,	Subtracting	Factors	involving Algebraic Expressions
 Represent, with symbols,	Subtracting	Angles	involving Algebraic Expressions
 Represent, with symbols,	Subtracting	Algebraic Expressions	involving Algebraic Expressions
 Represent, with symbols,	Subtracting	Variables	involving Algebraic Expressions
 Represent, with symbols,	Subtracting	Functions	involving Algebraic Expressions
 Represent, with symbols,	Subtracting	Chance Processes	involving Algebraic Expressions
 Represent, with symbols,	Subtracting	Arrays	involving Algebraic Expressions
 Represent, with symbols,	Multiplying	Numbers	involving Algebraic Expressions
 Represent, with symbols,	Multiplying	Terms	involving Algebraic Expressions
 Represent, with symbols,	Multiplying	Factors	involving Algebraic Expressions
 Represent, with symbols,	Multiplying	Angles	involving Algebraic Expressions
 Represent, with symbols,	Multiplying	Algebraic Expressions	involving Algebraic Expressions
 Represent, with symbols,	Multiplying	Variables	involving Algebraic Expressions
 Represent, with symbols,	Multiplying	Functions	involving Algebraic Expressions
 Represent, with symbols,	Multiplying	Chance Processes	involving Algebraic Expressions
 Represent, with symbols,	Multiplying	Arrays	involving Algebraic Expressions
 Represent, with symbols,	Dividing	Numbers	involving Algebraic Expressions
 Represent, with symbols,	Dividing	Terms	involving Algebraic Expressions
 Represent, with symbols,	Dividing	Factors	involving Algebraic Expressions
 Represent, with symbols,	Dividing	Angles	involving Algebraic Expressions
 Represent, with symbols,	Dividing	Algebraic Expressions	involving Algebraic Expressions
 Represent, with symbols,	Dividing	Variables	involving Algebraic Expressions
 Represent, with symbols,	Dividing	Functions	involving Algebraic Expressions
 Represent, with symbols,	Dividing	Chance Processes	involving Algebraic Expressions
 Represent, with symbols,	Dividing	Arrays	involving Algebraic Expressions
 Represent, with symbols,	Negating	Numbers	involving Algebraic Expressions
 Represent, with symbols,	Negating	Terms	involving Algebraic Expressions
 Represent, with symbols,	Negating	Factors	involving Algebraic Expressions
 Represent, with symbols,	Negating	Angles	involving Algebraic Expressions
 Represent, with symbols,	Negating	Algebraic Expressions	involving Algebraic Expressions
 Represent, with symbols,	Negating	Variables	involving Algebraic Expressions
 Represent, with symbols,	Negating	Functions	involving Algebraic Expressions
 Represent, with symbols,	Negating	Chance Processes	involving Algebraic Expressions
 Represent, with symbols,	Negating	Arrays	involving Algebraic Expressions
 Represent, with symbols,	Exponentiating	Numbers	involving Algebraic Expressions
 Represent, with symbols,	Exponentiating	Terms	involving Algebraic Expressions
 Represent, with symbols,	Exponentiating	Factors	involving Algebraic Expressions
 Represent, with symbols,	Exponentiating	Angles	involving Algebraic Expressions
 Represent, with symbols,	Exponentiating	Algebraic Expressions	involving Algebraic Expressions
 Represent, with symbols,	Exponentiating	Variables	involving Algebraic Expressions
 Represent, with symbols,	Exponentiating	Functions	involving Algebraic Expressions
 Represent, with symbols,	Exponentiating	Chance Processes	involving Algebraic Expressions
 Represent, with symbols,	Exponentiating	Arrays	involving Algebraic Expressions
 Represent, with symbols,	Grouping	Numbers	involving Algebraic Expressions
 Represent, with symbols,	Grouping	Terms	involving Algebraic Expressions
 Represent, with symbols,	Grouping	Factors	involving Algebraic Expressions
 Represent, with symbols,	Grouping	Angles	involving Algebraic Expressions
 Represent, with symbols,	Grouping	Algebraic Expressions	involving Algebraic Expressions
 Represent, with symbols,	Grouping	Variables	involving Algebraic Expressions
 Represent, with symbols,	Grouping	Functions	involving Algebraic Expressions
 Represent, with symbols,	Grouping	Chance Processes	involving Algebraic Expressions
 Represent, with symbols,	Grouping	Arrays	involving Algebraic Expressions
 Represent, with graphs,	Naming	Numbers	involving Algebraic Expressions
 Represent, with graphs,	Naming	Terms	involving Algebraic Expressions
 Represent, with graphs,	Naming	Factors	involving Algebraic Expressions
 Represent, with graphs,	Naming	Angles	involving Algebraic Expressions
 Represent, with graphs,	Naming	Algebraic Expressions	involving Algebraic Expressions
 Represent, with graphs,	Naming	Variables	involving Algebraic Expressions
 Represent, with graphs,	Naming	Functions	involving Algebraic Expressions
 Represent, with graphs,	Naming	Chance Processes	involving Algebraic Expressions
 Represent, with graphs,	Naming	Arrays	involving Algebraic Expressions
 Represent, with graphs,	Adding	Numbers	involving Algebraic Expressions
 Represent, with graphs,	Adding	Terms	involving Algebraic Expressions
 Represent, with graphs,	Adding	Factors	involving Algebraic Expressions
 Represent, with graphs,	Adding	Angles	involving Algebraic Expressions
 Represent, with graphs,	Adding	Algebraic Expressions	involving Algebraic Expressions
 Represent, with graphs,	Adding	Variables	involving Algebraic Expressions
 Represent, with graphs,	Adding	Functions	involving Algebraic Expressions
 Represent, with graphs,	Adding	Chance Processes	involving Algebraic Expressions
 Represent, with graphs,	Adding	Arrays	involving Algebraic Expressions
 Represent, with graphs,	Subtracting	Numbers	involving Algebraic Expressions
 Represent, with graphs,	Subtracting	Terms	involving Algebraic Expressions
 Represent, with graphs,	Subtracting	Factors	involving Algebraic Expressions
 Represent, with graphs,	Subtracting	Angles	involving Algebraic Expressions
 Represent, with graphs,	Subtracting	Algebraic Expressions	involving Algebraic Expressions
 Represent, with graphs,	Subtracting	Variables	involving Algebraic Expressions
 Represent, with graphs,	Subtracting	Functions	involving Algebraic Expressions
 Represent, with graphs,	Subtracting	Chance Processes	involving Algebraic Expressions
 Represent, with graphs,	Subtracting	Arrays	involving Algebraic Expressions
 Represent, with graphs,	Multiplying	Numbers	involving Algebraic Expressions
 Represent, with graphs,	Multiplying	Terms	involving Algebraic Expressions
 Represent, with graphs,	Multiplying	Factors	involving Algebraic Expressions
 Represent, with graphs,	Multiplying	Angles	involving Algebraic Expressions
 Represent, with graphs,	Multiplying	Algebraic Expressions	involving Algebraic Expressions
 Represent, with graphs,	Multiplying	Variables	involving Algebraic Expressions
 Represent, with graphs,	Multiplying	Functions	involving Algebraic Expressions
 Represent, with graphs,	Multiplying	Chance Processes	involving Algebraic Expressions
 Represent, with graphs,	Multiplying	Arrays	involving Algebraic Expressions
 Represent, with graphs,	Dividing	Numbers	involving Algebraic Expressions
 Represent, with graphs,	Dividing	Terms	involving Algebraic Expressions
 Represent, with graphs,	Dividing	Factors	involving Algebraic Expressions
 Represent, with graphs,	Dividing	Angles	involving Algebraic Expressions
 Represent, with graphs,	Dividing	Algebraic Expressions	involving Algebraic Expressions
 Represent, with graphs,	Dividing	Variables	involving Algebraic Expressions
 Represent, with graphs,	Dividing	Functions	involving Algebraic Expressions
 Represent, with graphs,	Dividing	Chance Processes	involving Algebraic Expressions
 Represent, with graphs,	Dividing	Arrays	involving Algebraic Expressions
 Represent, with graphs,	Negating	Numbers	involving Algebraic Expressions
 Represent, with graphs,	Negating	Terms	involving Algebraic Expressions
 Represent, with graphs,	Negating	Factors	involving Algebraic Expressions
 Represent, with graphs,	Negating	Angles	involving Algebraic Expressions
 Represent, with graphs,	Negating	Algebraic Expressions	involving Algebraic Expressions
 Represent, with graphs,	Negating	Variables	involving Algebraic Expressions
 Represent, with graphs,	Negating	Functions	involving Algebraic Expressions
 Represent, with graphs,	Negating	Chance Processes	involving Algebraic Expressions
 Represent, with graphs,	Negating	Arrays	involving Algebraic Expressions
 Represent, with graphs,	Exponentiating	Numbers	involving Algebraic Expressions
 Represent, with graphs,	Exponentiating	Terms	involving Algebraic Expressions
 Represent, with graphs,	Exponentiating	Factors	involving Algebraic Expressions
 Represent, with graphs,	Exponentiating	Angles	involving Algebraic Expressions
 Represent, with graphs,	Exponentiating	Algebraic Expressions	involving Algebraic Expressions
 Represent, with graphs,	Exponentiating	Variables	involving Algebraic Expressions
 Represent, with graphs,	Exponentiating	Functions	involving Algebraic Expressions
 Represent, with graphs,	Exponentiating	Chance Processes	involving Algebraic Expressions
 Represent, with graphs,	Exponentiating	Arrays	involving Algebraic Expressions
 Represent, with graphs,	Grouping	Numbers	involving Algebraic Expressions
 Represent, with graphs,	Grouping	Terms	involving Algebraic Expressions
 Represent, with graphs,	Grouping	Factors	involving Algebraic Expressions
 Represent, with graphs,	Grouping	Angles	involving Algebraic Expressions
 Represent, with graphs,	Grouping	Algebraic Expressions	involving Algebraic Expressions
 Represent, with graphs,	Grouping	Variables	involving Algebraic Expressions
 Represent, with graphs,	Grouping	Functions	involving Algebraic Expressions
 Represent, with graphs,	Grouping	Chance Processes	involving Algebraic Expressions
 Represent, with graphs,	Grouping	Arrays	involving Algebraic Expressions
 Randomly sample	Naming	Numbers	involving Algebraic Expressions
 Randomly sample	Naming	Terms	involving Algebraic Expressions
 Randomly sample	Naming	Factors	involving Algebraic Expressions
 Randomly sample	Naming	Angles	involving Algebraic Expressions
 Randomly sample	Naming	Algebraic Expressions	involving Algebraic Expressions
 Randomly sample	Naming	Variables	involving Algebraic Expressions
 Randomly sample	Naming	Functions	involving Algebraic Expressions
 Randomly sample	Naming	Chance Processes	involving Algebraic Expressions
 Randomly sample	Naming	Arrays	involving Algebraic Expressions
 Randomly sample	Adding	Numbers	involving Algebraic Expressions
 Randomly sample	Adding	Terms	involving Algebraic Expressions
 Randomly sample	Adding	Factors	involving Algebraic Expressions
 Randomly sample	Adding	Angles	involving Algebraic Expressions
 Randomly sample	Adding	Algebraic Expressions	involving Algebraic Expressions
 Randomly sample	Adding	Variables	involving Algebraic Expressions
 Randomly sample	Adding	Functions	involving Algebraic Expressions
 Randomly sample	Adding	Chance Processes	involving Algebraic Expressions
 Randomly sample	Adding	Arrays	involving Algebraic Expressions
 Randomly sample	Subtracting	Numbers	involving Algebraic Expressions
 Randomly sample	Subtracting	Terms	involving Algebraic Expressions
 Randomly sample	Subtracting	Factors	involving Algebraic Expressions
 Randomly sample	Subtracting	Angles	involving Algebraic Expressions
 Randomly sample	Subtracting	Algebraic Expressions	involving Algebraic Expressions
 Randomly sample	Subtracting	Variables	involving Algebraic Expressions
 Randomly sample	Subtracting	Functions	involving Algebraic Expressions
 Randomly sample	Subtracting	Chance Processes	involving Algebraic Expressions
 Randomly sample	Subtracting	Arrays	involving Algebraic Expressions
 Randomly sample	Multiplying	Numbers	involving Algebraic Expressions
 Randomly sample	Multiplying	Terms	involving Algebraic Expressions
 Randomly sample	Multiplying	Factors	involving Algebraic Expressions
 Randomly sample	Multiplying	Angles	involving Algebraic Expressions
 Randomly sample	Multiplying	Algebraic Expressions	involving Algebraic Expressions
 Randomly sample	Multiplying	Variables	involving Algebraic Expressions
 Randomly sample	Multiplying	Functions	involving Algebraic Expressions
 Randomly sample	Multiplying	Chance Processes	involving Algebraic Expressions
 Randomly sample	Multiplying	Arrays	involving Algebraic Expressions
 Randomly sample	Dividing	Numbers	involving Algebraic Expressions
 Randomly sample	Dividing	Terms	involving Algebraic Expressions
 Randomly sample	Dividing	Factors	involving Algebraic Expressions
 Randomly sample	Dividing	Angles	involving Algebraic Expressions
 Randomly sample	Dividing	Algebraic Expressions	involving Algebraic Expressions
 Randomly sample	Dividing	Variables	involving Algebraic Expressions
 Randomly sample	Dividing	Functions	involving Algebraic Expressions
 Randomly sample	Dividing	Chance Processes	involving Algebraic Expressions
 Randomly sample	Dividing	Arrays	involving Algebraic Expressions
 Randomly sample	Negating	Numbers	involving Algebraic Expressions
 Randomly sample	Negating	Terms	involving Algebraic Expressions
 Randomly sample	Negating	Factors	involving Algebraic Expressions
 Randomly sample	Negating	Angles	involving Algebraic Expressions
 Randomly sample	Negating	Algebraic Expressions	involving Algebraic Expressions
 Randomly sample	Negating	Variables	involving Algebraic Expressions
 Randomly sample	Negating	Functions	involving Algebraic Expressions
 Randomly sample	Negating	Chance Processes	involving Algebraic Expressions
 Randomly sample	Negating	Arrays	involving Algebraic Expressions
 Randomly sample	Exponentiating	Numbers	involving Algebraic Expressions
 Randomly sample	Exponentiating	Terms	involving Algebraic Expressions
 Randomly sample	Exponentiating	Factors	involving Algebraic Expressions
 Randomly sample	Exponentiating	Angles	involving Algebraic Expressions
 Randomly sample	Exponentiating	Algebraic Expressions	involving Algebraic Expressions
 Randomly sample	Exponentiating	Variables	involving Algebraic Expressions
 Randomly sample	Exponentiating	Functions	involving Algebraic Expressions
 Randomly sample	Exponentiating	Chance Processes	involving Algebraic Expressions
 Randomly sample	Exponentiating	Arrays	involving Algebraic Expressions
 Randomly sample	Grouping	Numbers	involving Algebraic Expressions
 Randomly sample	Grouping	Terms	involving Algebraic Expressions
 Randomly sample	Grouping	Factors	involving Algebraic Expressions
 Randomly sample	Grouping	Angles	involving Algebraic Expressions
 Randomly sample	Grouping	Algebraic Expressions	involving Algebraic Expressions
 Randomly sample	Grouping	Variables	involving Algebraic Expressions
 Randomly sample	Grouping	Functions	involving Algebraic Expressions
 Randomly sample	Grouping	Chance Processes	involving Algebraic Expressions
 Randomly sample	Grouping	Arrays	involving Algebraic Expressions
