Remember	Sequencing	Numbers	involving Integers
 Remember	Sequencing	Terms	involving Integers
 Remember	Sequencing	Factors	involving Integers
 Remember	Sequencing	Algebraic Expressions	involving Integers
 Remember	Sequencing	Variables	involving Integers
 Remember	Sequencing	Functions	involving Integers
 Remember	Ordering	Numbers	involving Integers
 Remember	Ordering	Terms	involving Integers
 Remember	Ordering	Factors	involving Integers
 Remember	Ordering	Algebraic Expressions	involving Integers
 Remember	Ordering	Variables	involving Integers
 Remember	Ordering	Functions	involving Integers
 Remember	Adding	Numbers	involving Integers
 Remember	Adding	Terms	involving Integers
 Remember	Adding	Factors	involving Integers
 Remember	Adding	Algebraic Expressions	involving Integers
 Remember	Adding	Variables	involving Integers
 Remember	Adding	Functions	involving Integers
 Remember	Subtracting	Numbers	involving Integers
 Remember	Subtracting	Terms	involving Integers
 Remember	Subtracting	Factors	involving Integers
 Remember	Subtracting	Algebraic Expressions	involving Integers
 Remember	Subtracting	Variables	involving Integers
 Remember	Subtracting	Functions	involving Integers
 Remember	Multiplying	Numbers	involving Integers
 Remember	Multiplying	Terms	involving Integers
 Remember	Multiplying	Factors	involving Integers
 Remember	Multiplying	Algebraic Expressions	involving Integers
 Remember	Multiplying	Variables	involving Integers
 Remember	Multiplying	Functions	involving Integers
 Remember	Dividing	Numbers	involving Integers
 Remember	Dividing	Terms	involving Integers
 Remember	Dividing	Factors	involving Integers
 Remember	Dividing	Algebraic Expressions	involving Integers
 Remember	Dividing	Variables	involving Integers
 Remember	Dividing	Functions	involving Integers
 Remember	Negating	Numbers	involving Integers
 Remember	Negating	Terms	involving Integers
 Remember	Negating	Factors	involving Integers
 Remember	Negating	Algebraic Expressions	involving Integers
 Remember	Negating	Variables	involving Integers
 Remember	Negating	Functions	involving Integers
 Remember	Exponentiating	Numbers	involving Integers
 Remember	Exponentiating	Terms	involving Integers
 Remember	Exponentiating	Factors	involving Integers
 Remember	Exponentiating	Algebraic Expressions	involving Integers
 Remember	Exponentiating	Variables	involving Integers
 Remember	Exponentiating	Functions	involving Integers
 Remember	Grouping	Numbers	involving Integers
 Remember	Grouping	Terms	involving Integers
 Remember	Grouping	Factors	involving Integers
 Remember	Grouping	Algebraic Expressions	involving Integers
 Remember	Grouping	Variables	involving Integers
 Remember	Grouping	Functions	involving Integers
 Evaluate	Sequencing	Numbers	involving Integers
 Evaluate	Sequencing	Terms	involving Integers
 Evaluate	Sequencing	Factors	involving Integers
 Evaluate	Sequencing	Algebraic Expressions	involving Integers
 Evaluate	Sequencing	Variables	involving Integers
 Evaluate	Sequencing	Functions	involving Integers
 Evaluate	Ordering	Numbers	involving Integers
 Evaluate	Ordering	Terms	involving Integers
 Evaluate	Ordering	Factors	involving Integers
 Evaluate	Ordering	Algebraic Expressions	involving Integers
 Evaluate	Ordering	Variables	involving Integers
 Evaluate	Ordering	Functions	involving Integers
 Evaluate	Adding	Numbers	involving Integers
 Evaluate	Adding	Terms	involving Integers
 Evaluate	Adding	Factors	involving Integers
 Evaluate	Adding	Algebraic Expressions	involving Integers
 Evaluate	Adding	Variables	involving Integers
 Evaluate	Adding	Functions	involving Integers
 Evaluate	Subtracting	Numbers	involving Integers
 Evaluate	Subtracting	Terms	involving Integers
 Evaluate	Subtracting	Factors	involving Integers
 Evaluate	Subtracting	Algebraic Expressions	involving Integers
 Evaluate	Subtracting	Variables	involving Integers
 Evaluate	Subtracting	Functions	involving Integers
 Evaluate	Multiplying	Numbers	involving Integers
 Evaluate	Multiplying	Terms	involving Integers
 Evaluate	Multiplying	Factors	involving Integers
 Evaluate	Multiplying	Algebraic Expressions	involving Integers
 Evaluate	Multiplying	Variables	involving Integers
 Evaluate	Multiplying	Functions	involving Integers
 Evaluate	Dividing	Numbers	involving Integers
 Evaluate	Dividing	Terms	involving Integers
 Evaluate	Dividing	Factors	involving Integers
 Evaluate	Dividing	Algebraic Expressions	involving Integers
 Evaluate	Dividing	Variables	involving Integers
 Evaluate	Dividing	Functions	involving Integers
 Evaluate	Negating	Numbers	involving Integers
 Evaluate	Negating	Terms	involving Integers
 Evaluate	Negating	Factors	involving Integers
 Evaluate	Negating	Algebraic Expressions	involving Integers
 Evaluate	Negating	Variables	involving Integers
 Evaluate	Negating	Functions	involving Integers
 Evaluate	Exponentiating	Numbers	involving Integers
 Evaluate	Exponentiating	Terms	involving Integers
 Evaluate	Exponentiating	Factors	involving Integers
 Evaluate	Exponentiating	Algebraic Expressions	involving Integers
 Evaluate	Exponentiating	Variables	involving Integers
 Evaluate	Exponentiating	Functions	involving Integers
 Evaluate	Grouping	Numbers	involving Integers
 Evaluate	Grouping	Terms	involving Integers
 Evaluate	Grouping	Factors	involving Integers
 Evaluate	Grouping	Algebraic Expressions	involving Integers
 Evaluate	Grouping	Variables	involving Integers
 Evaluate	Grouping	Functions	involving Integers
 Create	Sequencing	Numbers	involving Integers
 Create	Sequencing	Terms	involving Integers
 Create	Sequencing	Factors	involving Integers
 Create	Sequencing	Algebraic Expressions	involving Integers
 Create	Sequencing	Variables	involving Integers
 Create	Sequencing	Functions	involving Integers
 Create	Ordering	Numbers	involving Integers
 Create	Ordering	Terms	involving Integers
 Create	Ordering	Factors	involving Integers
 Create	Ordering	Algebraic Expressions	involving Integers
 Create	Ordering	Variables	involving Integers
 Create	Ordering	Functions	involving Integers
 Create	Adding	Numbers	involving Integers
 Create	Adding	Terms	involving Integers
 Create	Adding	Factors	involving Integers
 Create	Adding	Algebraic Expressions	involving Integers
 Create	Adding	Variables	involving Integers
 Create	Adding	Functions	involving Integers
 Create	Subtracting	Numbers	involving Integers
 Create	Subtracting	Terms	involving Integers
 Create	Subtracting	Factors	involving Integers
 Create	Subtracting	Algebraic Expressions	involving Integers
 Create	Subtracting	Variables	involving Integers
 Create	Subtracting	Functions	involving Integers
 Create	Multiplying	Numbers	involving Integers
 Create	Multiplying	Terms	involving Integers
 Create	Multiplying	Factors	involving Integers
 Create	Multiplying	Algebraic Expressions	involving Integers
 Create	Multiplying	Variables	involving Integers
 Create	Multiplying	Functions	involving Integers
 Create	Dividing	Numbers	involving Integers
 Create	Dividing	Terms	involving Integers
 Create	Dividing	Factors	involving Integers
 Create	Dividing	Algebraic Expressions	involving Integers
 Create	Dividing	Variables	involving Integers
 Create	Dividing	Functions	involving Integers
 Create	Negating	Numbers	involving Integers
 Create	Negating	Terms	involving Integers
 Create	Negating	Factors	involving Integers
 Create	Negating	Algebraic Expressions	involving Integers
 Create	Negating	Variables	involving Integers
 Create	Negating	Functions	involving Integers
 Create	Exponentiating	Numbers	involving Integers
 Create	Exponentiating	Terms	involving Integers
 Create	Exponentiating	Factors	involving Integers
 Create	Exponentiating	Algebraic Expressions	involving Integers
 Create	Exponentiating	Variables	involving Integers
 Create	Exponentiating	Functions	involving Integers
 Create	Grouping	Numbers	involving Integers
 Create	Grouping	Terms	involving Integers
 Create	Grouping	Factors	involving Integers
 Create	Grouping	Algebraic Expressions	involving Integers
 Create	Grouping	Variables	involving Integers
 Create	Grouping	Functions	involving Integers
 Understand	Sequencing	Numbers	involving Integers
 Understand	Sequencing	Terms	involving Integers
 Understand	Sequencing	Factors	involving Integers
 Understand	Sequencing	Algebraic Expressions	involving Integers
 Understand	Sequencing	Variables	involving Integers
 Understand	Sequencing	Functions	involving Integers
 Understand	Ordering	Numbers	involving Integers
 Understand	Ordering	Terms	involving Integers
 Understand	Ordering	Factors	involving Integers
 Understand	Ordering	Algebraic Expressions	involving Integers
 Understand	Ordering	Variables	involving Integers
 Understand	Ordering	Functions	involving Integers
 Understand	Adding	Numbers	involving Integers
 Understand	Adding	Terms	involving Integers
 Understand	Adding	Factors	involving Integers
 Understand	Adding	Algebraic Expressions	involving Integers
 Understand	Adding	Variables	involving Integers
 Understand	Adding	Functions	involving Integers
 Understand	Subtracting	Numbers	involving Integers
 Understand	Subtracting	Terms	involving Integers
 Understand	Subtracting	Factors	involving Integers
 Understand	Subtracting	Algebraic Expressions	involving Integers
 Understand	Subtracting	Variables	involving Integers
 Understand	Subtracting	Functions	involving Integers
 Understand	Multiplying	Numbers	involving Integers
 Understand	Multiplying	Terms	involving Integers
 Understand	Multiplying	Factors	involving Integers
 Understand	Multiplying	Algebraic Expressions	involving Integers
 Understand	Multiplying	Variables	involving Integers
 Understand	Multiplying	Functions	involving Integers
 Understand	Dividing	Numbers	involving Integers
 Understand	Dividing	Terms	involving Integers
 Understand	Dividing	Factors	involving Integers
 Understand	Dividing	Algebraic Expressions	involving Integers
 Understand	Dividing	Variables	involving Integers
 Understand	Dividing	Functions	involving Integers
 Understand	Negating	Numbers	involving Integers
 Understand	Negating	Terms	involving Integers
 Understand	Negating	Factors	involving Integers
 Understand	Negating	Algebraic Expressions	involving Integers
 Understand	Negating	Variables	involving Integers
 Understand	Negating	Functions	involving Integers
 Understand	Exponentiating	Numbers	involving Integers
 Understand	Exponentiating	Terms	involving Integers
 Understand	Exponentiating	Factors	involving Integers
 Understand	Exponentiating	Algebraic Expressions	involving Integers
 Understand	Exponentiating	Variables	involving Integers
 Understand	Exponentiating	Functions	involving Integers
 Understand	Grouping	Numbers	involving Integers
 Understand	Grouping	Terms	involving Integers
 Understand	Grouping	Factors	involving Integers
 Understand	Grouping	Algebraic Expressions	involving Integers
 Understand	Grouping	Variables	involving Integers
 Understand	Grouping	Functions	involving Integers
 Apply	Sequencing	Numbers	involving Integers
 Apply	Sequencing	Terms	involving Integers
 Apply	Sequencing	Factors	involving Integers
 Apply	Sequencing	Algebraic Expressions	involving Integers
 Apply	Sequencing	Variables	involving Integers
 Apply	Sequencing	Functions	involving Integers
 Apply	Ordering	Numbers	involving Integers
 Apply	Ordering	Terms	involving Integers
 Apply	Ordering	Factors	involving Integers
 Apply	Ordering	Algebraic Expressions	involving Integers
 Apply	Ordering	Variables	involving Integers
 Apply	Ordering	Functions	involving Integers
 Apply	Adding	Numbers	involving Integers
 Apply	Adding	Terms	involving Integers
 Apply	Adding	Factors	involving Integers
 Apply	Adding	Algebraic Expressions	involving Integers
 Apply	Adding	Variables	involving Integers
 Apply	Adding	Functions	involving Integers
 Apply	Subtracting	Numbers	involving Integers
 Apply	Subtracting	Terms	involving Integers
 Apply	Subtracting	Factors	involving Integers
 Apply	Subtracting	Algebraic Expressions	involving Integers
 Apply	Subtracting	Variables	involving Integers
 Apply	Subtracting	Functions	involving Integers
 Apply	Multiplying	Numbers	involving Integers
 Apply	Multiplying	Terms	involving Integers
 Apply	Multiplying	Factors	involving Integers
 Apply	Multiplying	Algebraic Expressions	involving Integers
 Apply	Multiplying	Variables	involving Integers
 Apply	Multiplying	Functions	involving Integers
 Apply	Dividing	Numbers	involving Integers
 Apply	Dividing	Terms	involving Integers
 Apply	Dividing	Factors	involving Integers
 Apply	Dividing	Algebraic Expressions	involving Integers
 Apply	Dividing	Variables	involving Integers
 Apply	Dividing	Functions	involving Integers
 Apply	Negating	Numbers	involving Integers
 Apply	Negating	Terms	involving Integers
 Apply	Negating	Factors	involving Integers
 Apply	Negating	Algebraic Expressions	involving Integers
 Apply	Negating	Variables	involving Integers
 Apply	Negating	Functions	involving Integers
 Apply	Exponentiating	Numbers	involving Integers
 Apply	Exponentiating	Terms	involving Integers
 Apply	Exponentiating	Factors	involving Integers
 Apply	Exponentiating	Algebraic Expressions	involving Integers
 Apply	Exponentiating	Variables	involving Integers
 Apply	Exponentiating	Functions	involving Integers
 Apply	Grouping	Numbers	involving Integers
 Apply	Grouping	Terms	involving Integers
 Apply	Grouping	Factors	involving Integers
 Apply	Grouping	Algebraic Expressions	involving Integers
 Apply	Grouping	Variables	involving Integers
 Apply	Grouping	Functions	involving Integers
 Analyze	Sequencing	Numbers	involving Integers
 Analyze	Sequencing	Terms	involving Integers
 Analyze	Sequencing	Factors	involving Integers
 Analyze	Sequencing	Algebraic Expressions	involving Integers
 Analyze	Sequencing	Variables	involving Integers
 Analyze	Sequencing	Functions	involving Integers
 Analyze	Ordering	Numbers	involving Integers
 Analyze	Ordering	Terms	involving Integers
 Analyze	Ordering	Factors	involving Integers
 Analyze	Ordering	Algebraic Expressions	involving Integers
 Analyze	Ordering	Variables	involving Integers
 Analyze	Ordering	Functions	involving Integers
 Analyze	Adding	Numbers	involving Integers
 Analyze	Adding	Terms	involving Integers
 Analyze	Adding	Factors	involving Integers
 Analyze	Adding	Algebraic Expressions	involving Integers
 Analyze	Adding	Variables	involving Integers
 Analyze	Adding	Functions	involving Integers
 Analyze	Subtracting	Numbers	involving Integers
 Analyze	Subtracting	Terms	involving Integers
 Analyze	Subtracting	Factors	involving Integers
 Analyze	Subtracting	Algebraic Expressions	involving Integers
 Analyze	Subtracting	Variables	involving Integers
 Analyze	Subtracting	Functions	involving Integers
 Analyze	Multiplying	Numbers	involving Integers
 Analyze	Multiplying	Terms	involving Integers
 Analyze	Multiplying	Factors	involving Integers
 Analyze	Multiplying	Algebraic Expressions	involving Integers
 Analyze	Multiplying	Variables	involving Integers
 Analyze	Multiplying	Functions	involving Integers
 Analyze	Dividing	Numbers	involving Integers
 Analyze	Dividing	Terms	involving Integers
 Analyze	Dividing	Factors	involving Integers
 Analyze	Dividing	Algebraic Expressions	involving Integers
 Analyze	Dividing	Variables	involving Integers
 Analyze	Dividing	Functions	involving Integers
 Analyze	Negating	Numbers	involving Integers
 Analyze	Negating	Terms	involving Integers
 Analyze	Negating	Factors	involving Integers
 Analyze	Negating	Algebraic Expressions	involving Integers
 Analyze	Negating	Variables	involving Integers
 Analyze	Negating	Functions	involving Integers
 Analyze	Exponentiating	Numbers	involving Integers
 Analyze	Exponentiating	Terms	involving Integers
 Analyze	Exponentiating	Factors	involving Integers
 Analyze	Exponentiating	Algebraic Expressions	involving Integers
 Analyze	Exponentiating	Variables	involving Integers
 Analyze	Exponentiating	Functions	involving Integers
 Analyze	Grouping	Numbers	involving Integers
 Analyze	Grouping	Terms	involving Integers
 Analyze	Grouping	Factors	involving Integers
 Analyze	Grouping	Algebraic Expressions	involving Integers
 Analyze	Grouping	Variables	involving Integers
 Analyze	Grouping	Functions	involving Integers
