Read	Sequencing	Numbers	involving Rational Numbers	in Fractional Notation
 Read	Sequencing	Numbers	involving Rational Numbers	in Decimal Notation
 Read	Sequencing	Numbers	involving Rational Numbers	in Proportional Notation
 Read	Sequencing	Numbers	involving Rational Numbers	in Radical Notation
 Read	Sequencing	Numbers	involving Rational Numbers	in Exponential Notation
 Read	Sequencing	Numbers	involving Rational Numbers	in Scientific Notation
 Read	Sequencing	Numbers	involving Rational Numbers	in Base Ten
 Read	Sequencing	Terms	involving Rational Numbers	in Fractional Notation
 Read	Sequencing	Terms	involving Rational Numbers	in Decimal Notation
 Read	Sequencing	Terms	involving Rational Numbers	in Proportional Notation
 Read	Sequencing	Terms	involving Rational Numbers	in Radical Notation
 Read	Sequencing	Terms	involving Rational Numbers	in Exponential Notation
 Read	Sequencing	Terms	involving Rational Numbers	in Scientific Notation
 Read	Sequencing	Terms	involving Rational Numbers	in Base Ten
 Read	Sequencing	Factors	involving Rational Numbers	in Fractional Notation
 Read	Sequencing	Factors	involving Rational Numbers	in Decimal Notation
 Read	Sequencing	Factors	involving Rational Numbers	in Proportional Notation
 Read	Sequencing	Factors	involving Rational Numbers	in Radical Notation
 Read	Sequencing	Factors	involving Rational Numbers	in Exponential Notation
 Read	Sequencing	Factors	involving Rational Numbers	in Scientific Notation
 Read	Sequencing	Factors	involving Rational Numbers	in Base Ten
 Read	Sequencing	Algebraic Expressions	involving Rational Numbers	in Fractional Notation
 Read	Sequencing	Algebraic Expressions	involving Rational Numbers	in Decimal Notation
 Read	Sequencing	Algebraic Expressions	involving Rational Numbers	in Proportional Notation
 Read	Sequencing	Algebraic Expressions	involving Rational Numbers	in Radical Notation
 Read	Sequencing	Algebraic Expressions	involving Rational Numbers	in Exponential Notation
 Read	Sequencing	Algebraic Expressions	involving Rational Numbers	in Scientific Notation
 Read	Sequencing	Algebraic Expressions	involving Rational Numbers	in Base Ten
 Read	Sequencing	Variables	involving Rational Numbers	in Fractional Notation
 Read	Sequencing	Variables	involving Rational Numbers	in Decimal Notation
 Read	Sequencing	Variables	involving Rational Numbers	in Proportional Notation
 Read	Sequencing	Variables	involving Rational Numbers	in Radical Notation
 Read	Sequencing	Variables	involving Rational Numbers	in Exponential Notation
 Read	Sequencing	Variables	involving Rational Numbers	in Scientific Notation
 Read	Sequencing	Variables	involving Rational Numbers	in Base Ten
 Read	Sequencing	Functions	involving Rational Numbers	in Fractional Notation
 Read	Sequencing	Functions	involving Rational Numbers	in Decimal Notation
 Read	Sequencing	Functions	involving Rational Numbers	in Proportional Notation
 Read	Sequencing	Functions	involving Rational Numbers	in Radical Notation
 Read	Sequencing	Functions	involving Rational Numbers	in Exponential Notation
 Read	Sequencing	Functions	involving Rational Numbers	in Scientific Notation
 Read	Sequencing	Functions	involving Rational Numbers	in Base Ten
 Read	Ordering	Numbers	involving Rational Numbers	in Fractional Notation
 Read	Ordering	Numbers	involving Rational Numbers	in Decimal Notation
 Read	Ordering	Numbers	involving Rational Numbers	in Proportional Notation
 Read	Ordering	Numbers	involving Rational Numbers	in Radical Notation
 Read	Ordering	Numbers	involving Rational Numbers	in Exponential Notation
 Read	Ordering	Numbers	involving Rational Numbers	in Scientific Notation
 Read	Ordering	Numbers	involving Rational Numbers	in Base Ten
 Read	Ordering	Terms	involving Rational Numbers	in Fractional Notation
 Read	Ordering	Terms	involving Rational Numbers	in Decimal Notation
 Read	Ordering	Terms	involving Rational Numbers	in Proportional Notation
 Read	Ordering	Terms	involving Rational Numbers	in Radical Notation
 Read	Ordering	Terms	involving Rational Numbers	in Exponential Notation
 Read	Ordering	Terms	involving Rational Numbers	in Scientific Notation
 Read	Ordering	Terms	involving Rational Numbers	in Base Ten
 Read	Ordering	Factors	involving Rational Numbers	in Fractional Notation
 Read	Ordering	Factors	involving Rational Numbers	in Decimal Notation
 Read	Ordering	Factors	involving Rational Numbers	in Proportional Notation
 Read	Ordering	Factors	involving Rational Numbers	in Radical Notation
 Read	Ordering	Factors	involving Rational Numbers	in Exponential Notation
 Read	Ordering	Factors	involving Rational Numbers	in Scientific Notation
 Read	Ordering	Factors	involving Rational Numbers	in Base Ten
 Read	Ordering	Algebraic Expressions	involving Rational Numbers	in Fractional Notation
 Read	Ordering	Algebraic Expressions	involving Rational Numbers	in Decimal Notation
 Read	Ordering	Algebraic Expressions	involving Rational Numbers	in Proportional Notation
 Read	Ordering	Algebraic Expressions	involving Rational Numbers	in Radical Notation
 Read	Ordering	Algebraic Expressions	involving Rational Numbers	in Exponential Notation
 Read	Ordering	Algebraic Expressions	involving Rational Numbers	in Scientific Notation
 Read	Ordering	Algebraic Expressions	involving Rational Numbers	in Base Ten
 Read	Ordering	Variables	involving Rational Numbers	in Fractional Notation
 Read	Ordering	Variables	involving Rational Numbers	in Decimal Notation
 Read	Ordering	Variables	involving Rational Numbers	in Proportional Notation
 Read	Ordering	Variables	involving Rational Numbers	in Radical Notation
 Read	Ordering	Variables	involving Rational Numbers	in Exponential Notation
 Read	Ordering	Variables	involving Rational Numbers	in Scientific Notation
 Read	Ordering	Variables	involving Rational Numbers	in Base Ten
 Read	Ordering	Functions	involving Rational Numbers	in Fractional Notation
 Read	Ordering	Functions	involving Rational Numbers	in Decimal Notation
 Read	Ordering	Functions	involving Rational Numbers	in Proportional Notation
 Read	Ordering	Functions	involving Rational Numbers	in Radical Notation
 Read	Ordering	Functions	involving Rational Numbers	in Exponential Notation
 Read	Ordering	Functions	involving Rational Numbers	in Scientific Notation
 Read	Ordering	Functions	involving Rational Numbers	in Base Ten
 Read	Adding	Numbers	involving Rational Numbers	in Fractional Notation
 Read	Adding	Numbers	involving Rational Numbers	in Decimal Notation
 Read	Adding	Numbers	involving Rational Numbers	in Proportional Notation
 Read	Adding	Numbers	involving Rational Numbers	in Radical Notation
 Read	Adding	Numbers	involving Rational Numbers	in Exponential Notation
 Read	Adding	Numbers	involving Rational Numbers	in Scientific Notation
 Read	Adding	Numbers	involving Rational Numbers	in Base Ten
 Read	Adding	Terms	involving Rational Numbers	in Fractional Notation
 Read	Adding	Terms	involving Rational Numbers	in Decimal Notation
 Read	Adding	Terms	involving Rational Numbers	in Proportional Notation
 Read	Adding	Terms	involving Rational Numbers	in Radical Notation
 Read	Adding	Terms	involving Rational Numbers	in Exponential Notation
 Read	Adding	Terms	involving Rational Numbers	in Scientific Notation
 Read	Adding	Terms	involving Rational Numbers	in Base Ten
 Read	Adding	Factors	involving Rational Numbers	in Fractional Notation
 Read	Adding	Factors	involving Rational Numbers	in Decimal Notation
 Read	Adding	Factors	involving Rational Numbers	in Proportional Notation
 Read	Adding	Factors	involving Rational Numbers	in Radical Notation
 Read	Adding	Factors	involving Rational Numbers	in Exponential Notation
 Read	Adding	Factors	involving Rational Numbers	in Scientific Notation
 Read	Adding	Factors	involving Rational Numbers	in Base Ten
 Read	Adding	Algebraic Expressions	involving Rational Numbers	in Fractional Notation
 Read	Adding	Algebraic Expressions	involving Rational Numbers	in Decimal Notation
 Read	Adding	Algebraic Expressions	involving Rational Numbers	in Proportional Notation
 Read	Adding	Algebraic Expressions	involving Rational Numbers	in Radical Notation
 Read	Adding	Algebraic Expressions	involving Rational Numbers	in Exponential Notation
 Read	Adding	Algebraic Expressions	involving Rational Numbers	in Scientific Notation
 Read	Adding	Algebraic Expressions	involving Rational Numbers	in Base Ten
 Read	Adding	Variables	involving Rational Numbers	in Fractional Notation
 Read	Adding	Variables	involving Rational Numbers	in Decimal Notation
 Read	Adding	Variables	involving Rational Numbers	in Proportional Notation
 Read	Adding	Variables	involving Rational Numbers	in Radical Notation
 Read	Adding	Variables	involving Rational Numbers	in Exponential Notation
 Read	Adding	Variables	involving Rational Numbers	in Scientific Notation
 Read	Adding	Variables	involving Rational Numbers	in Base Ten
 Read	Adding	Functions	involving Rational Numbers	in Fractional Notation
 Read	Adding	Functions	involving Rational Numbers	in Decimal Notation
 Read	Adding	Functions	involving Rational Numbers	in Proportional Notation
 Read	Adding	Functions	involving Rational Numbers	in Radical Notation
 Read	Adding	Functions	involving Rational Numbers	in Exponential Notation
 Read	Adding	Functions	involving Rational Numbers	in Scientific Notation
 Read	Adding	Functions	involving Rational Numbers	in Base Ten
 Read	Subtracting	Numbers	involving Rational Numbers	in Fractional Notation
 Read	Subtracting	Numbers	involving Rational Numbers	in Decimal Notation
 Read	Subtracting	Numbers	involving Rational Numbers	in Proportional Notation
 Read	Subtracting	Numbers	involving Rational Numbers	in Radical Notation
 Read	Subtracting	Numbers	involving Rational Numbers	in Exponential Notation
 Read	Subtracting	Numbers	involving Rational Numbers	in Scientific Notation
 Read	Subtracting	Numbers	involving Rational Numbers	in Base Ten
 Read	Subtracting	Terms	involving Rational Numbers	in Fractional Notation
 Read	Subtracting	Terms	involving Rational Numbers	in Decimal Notation
 Read	Subtracting	Terms	involving Rational Numbers	in Proportional Notation
 Read	Subtracting	Terms	involving Rational Numbers	in Radical Notation
 Read	Subtracting	Terms	involving Rational Numbers	in Exponential Notation
 Read	Subtracting	Terms	involving Rational Numbers	in Scientific Notation
 Read	Subtracting	Terms	involving Rational Numbers	in Base Ten
 Read	Subtracting	Factors	involving Rational Numbers	in Fractional Notation
 Read	Subtracting	Factors	involving Rational Numbers	in Decimal Notation
 Read	Subtracting	Factors	involving Rational Numbers	in Proportional Notation
 Read	Subtracting	Factors	involving Rational Numbers	in Radical Notation
 Read	Subtracting	Factors	involving Rational Numbers	in Exponential Notation
 Read	Subtracting	Factors	involving Rational Numbers	in Scientific Notation
 Read	Subtracting	Factors	involving Rational Numbers	in Base Ten
 Read	Subtracting	Algebraic Expressions	involving Rational Numbers	in Fractional Notation
 Read	Subtracting	Algebraic Expressions	involving Rational Numbers	in Decimal Notation
 Read	Subtracting	Algebraic Expressions	involving Rational Numbers	in Proportional Notation
 Read	Subtracting	Algebraic Expressions	involving Rational Numbers	in Radical Notation
 Read	Subtracting	Algebraic Expressions	involving Rational Numbers	in Exponential Notation
 Read	Subtracting	Algebraic Expressions	involving Rational Numbers	in Scientific Notation
 Read	Subtracting	Algebraic Expressions	involving Rational Numbers	in Base Ten
 Read	Subtracting	Variables	involving Rational Numbers	in Fractional Notation
 Read	Subtracting	Variables	involving Rational Numbers	in Decimal Notation
 Read	Subtracting	Variables	involving Rational Numbers	in Proportional Notation
 Read	Subtracting	Variables	involving Rational Numbers	in Radical Notation
 Read	Subtracting	Variables	involving Rational Numbers	in Exponential Notation
 Read	Subtracting	Variables	involving Rational Numbers	in Scientific Notation
 Read	Subtracting	Variables	involving Rational Numbers	in Base Ten
 Read	Subtracting	Functions	involving Rational Numbers	in Fractional Notation
 Read	Subtracting	Functions	involving Rational Numbers	in Decimal Notation
 Read	Subtracting	Functions	involving Rational Numbers	in Proportional Notation
 Read	Subtracting	Functions	involving Rational Numbers	in Radical Notation
 Read	Subtracting	Functions	involving Rational Numbers	in Exponential Notation
 Read	Subtracting	Functions	involving Rational Numbers	in Scientific Notation
 Read	Subtracting	Functions	involving Rational Numbers	in Base Ten
 Read	Multiplying	Numbers	involving Rational Numbers	in Fractional Notation
 Read	Multiplying	Numbers	involving Rational Numbers	in Decimal Notation
 Read	Multiplying	Numbers	involving Rational Numbers	in Proportional Notation
 Read	Multiplying	Numbers	involving Rational Numbers	in Radical Notation
 Read	Multiplying	Numbers	involving Rational Numbers	in Exponential Notation
 Read	Multiplying	Numbers	involving Rational Numbers	in Scientific Notation
 Read	Multiplying	Numbers	involving Rational Numbers	in Base Ten
 Read	Multiplying	Terms	involving Rational Numbers	in Fractional Notation
 Read	Multiplying	Terms	involving Rational Numbers	in Decimal Notation
 Read	Multiplying	Terms	involving Rational Numbers	in Proportional Notation
 Read	Multiplying	Terms	involving Rational Numbers	in Radical Notation
 Read	Multiplying	Terms	involving Rational Numbers	in Exponential Notation
 Read	Multiplying	Terms	involving Rational Numbers	in Scientific Notation
 Read	Multiplying	Terms	involving Rational Numbers	in Base Ten
 Read	Multiplying	Factors	involving Rational Numbers	in Fractional Notation
 Read	Multiplying	Factors	involving Rational Numbers	in Decimal Notation
 Read	Multiplying	Factors	involving Rational Numbers	in Proportional Notation
 Read	Multiplying	Factors	involving Rational Numbers	in Radical Notation
 Read	Multiplying	Factors	involving Rational Numbers	in Exponential Notation
 Read	Multiplying	Factors	involving Rational Numbers	in Scientific Notation
 Read	Multiplying	Factors	involving Rational Numbers	in Base Ten
 Read	Multiplying	Algebraic Expressions	involving Rational Numbers	in Fractional Notation
 Read	Multiplying	Algebraic Expressions	involving Rational Numbers	in Decimal Notation
 Read	Multiplying	Algebraic Expressions	involving Rational Numbers	in Proportional Notation
 Read	Multiplying	Algebraic Expressions	involving Rational Numbers	in Radical Notation
 Read	Multiplying	Algebraic Expressions	involving Rational Numbers	in Exponential Notation
 Read	Multiplying	Algebraic Expressions	involving Rational Numbers	in Scientific Notation
 Read	Multiplying	Algebraic Expressions	involving Rational Numbers	in Base Ten
 Read	Multiplying	Variables	involving Rational Numbers	in Fractional Notation
 Read	Multiplying	Variables	involving Rational Numbers	in Decimal Notation
 Read	Multiplying	Variables	involving Rational Numbers	in Proportional Notation
 Read	Multiplying	Variables	involving Rational Numbers	in Radical Notation
 Read	Multiplying	Variables	involving Rational Numbers	in Exponential Notation
 Read	Multiplying	Variables	involving Rational Numbers	in Scientific Notation
 Read	Multiplying	Variables	involving Rational Numbers	in Base Ten
 Read	Multiplying	Functions	involving Rational Numbers	in Fractional Notation
 Read	Multiplying	Functions	involving Rational Numbers	in Decimal Notation
 Read	Multiplying	Functions	involving Rational Numbers	in Proportional Notation
 Read	Multiplying	Functions	involving Rational Numbers	in Radical Notation
 Read	Multiplying	Functions	involving Rational Numbers	in Exponential Notation
 Read	Multiplying	Functions	involving Rational Numbers	in Scientific Notation
 Read	Multiplying	Functions	involving Rational Numbers	in Base Ten
 Read	Dividing	Numbers	involving Rational Numbers	in Fractional Notation
 Read	Dividing	Numbers	involving Rational Numbers	in Decimal Notation
 Read	Dividing	Numbers	involving Rational Numbers	in Proportional Notation
 Read	Dividing	Numbers	involving Rational Numbers	in Radical Notation
 Read	Dividing	Numbers	involving Rational Numbers	in Exponential Notation
 Read	Dividing	Numbers	involving Rational Numbers	in Scientific Notation
 Read	Dividing	Numbers	involving Rational Numbers	in Base Ten
 Read	Dividing	Terms	involving Rational Numbers	in Fractional Notation
 Read	Dividing	Terms	involving Rational Numbers	in Decimal Notation
 Read	Dividing	Terms	involving Rational Numbers	in Proportional Notation
 Read	Dividing	Terms	involving Rational Numbers	in Radical Notation
 Read	Dividing	Terms	involving Rational Numbers	in Exponential Notation
 Read	Dividing	Terms	involving Rational Numbers	in Scientific Notation
 Read	Dividing	Terms	involving Rational Numbers	in Base Ten
 Read	Dividing	Factors	involving Rational Numbers	in Fractional Notation
 Read	Dividing	Factors	involving Rational Numbers	in Decimal Notation
 Read	Dividing	Factors	involving Rational Numbers	in Proportional Notation
 Read	Dividing	Factors	involving Rational Numbers	in Radical Notation
 Read	Dividing	Factors	involving Rational Numbers	in Exponential Notation
 Read	Dividing	Factors	involving Rational Numbers	in Scientific Notation
 Read	Dividing	Factors	involving Rational Numbers	in Base Ten
 Read	Dividing	Algebraic Expressions	involving Rational Numbers	in Fractional Notation
 Read	Dividing	Algebraic Expressions	involving Rational Numbers	in Decimal Notation
 Read	Dividing	Algebraic Expressions	involving Rational Numbers	in Proportional Notation
 Read	Dividing	Algebraic Expressions	involving Rational Numbers	in Radical Notation
 Read	Dividing	Algebraic Expressions	involving Rational Numbers	in Exponential Notation
 Read	Dividing	Algebraic Expressions	involving Rational Numbers	in Scientific Notation
 Read	Dividing	Algebraic Expressions	involving Rational Numbers	in Base Ten
 Read	Dividing	Variables	involving Rational Numbers	in Fractional Notation
 Read	Dividing	Variables	involving Rational Numbers	in Decimal Notation
 Read	Dividing	Variables	involving Rational Numbers	in Proportional Notation
 Read	Dividing	Variables	involving Rational Numbers	in Radical Notation
 Read	Dividing	Variables	involving Rational Numbers	in Exponential Notation
 Read	Dividing	Variables	involving Rational Numbers	in Scientific Notation
 Read	Dividing	Variables	involving Rational Numbers	in Base Ten
 Read	Dividing	Functions	involving Rational Numbers	in Fractional Notation
 Read	Dividing	Functions	involving Rational Numbers	in Decimal Notation
 Read	Dividing	Functions	involving Rational Numbers	in Proportional Notation
 Read	Dividing	Functions	involving Rational Numbers	in Radical Notation
 Read	Dividing	Functions	involving Rational Numbers	in Exponential Notation
 Read	Dividing	Functions	involving Rational Numbers	in Scientific Notation
 Read	Dividing	Functions	involving Rational Numbers	in Base Ten
 Read	Negating	Numbers	involving Rational Numbers	in Fractional Notation
 Read	Negating	Numbers	involving Rational Numbers	in Decimal Notation
 Read	Negating	Numbers	involving Rational Numbers	in Proportional Notation
 Read	Negating	Numbers	involving Rational Numbers	in Radical Notation
 Read	Negating	Numbers	involving Rational Numbers	in Exponential Notation
 Read	Negating	Numbers	involving Rational Numbers	in Scientific Notation
 Read	Negating	Numbers	involving Rational Numbers	in Base Ten
 Read	Negating	Terms	involving Rational Numbers	in Fractional Notation
 Read	Negating	Terms	involving Rational Numbers	in Decimal Notation
 Read	Negating	Terms	involving Rational Numbers	in Proportional Notation
 Read	Negating	Terms	involving Rational Numbers	in Radical Notation
 Read	Negating	Terms	involving Rational Numbers	in Exponential Notation
 Read	Negating	Terms	involving Rational Numbers	in Scientific Notation
 Read	Negating	Terms	involving Rational Numbers	in Base Ten
 Read	Negating	Factors	involving Rational Numbers	in Fractional Notation
 Read	Negating	Factors	involving Rational Numbers	in Decimal Notation
 Read	Negating	Factors	involving Rational Numbers	in Proportional Notation
 Read	Negating	Factors	involving Rational Numbers	in Radical Notation
 Read	Negating	Factors	involving Rational Numbers	in Exponential Notation
 Read	Negating	Factors	involving Rational Numbers	in Scientific Notation
 Read	Negating	Factors	involving Rational Numbers	in Base Ten
 Read	Negating	Algebraic Expressions	involving Rational Numbers	in Fractional Notation
 Read	Negating	Algebraic Expressions	involving Rational Numbers	in Decimal Notation
 Read	Negating	Algebraic Expressions	involving Rational Numbers	in Proportional Notation
 Read	Negating	Algebraic Expressions	involving Rational Numbers	in Radical Notation
 Read	Negating	Algebraic Expressions	involving Rational Numbers	in Exponential Notation
 Read	Negating	Algebraic Expressions	involving Rational Numbers	in Scientific Notation
 Read	Negating	Algebraic Expressions	involving Rational Numbers	in Base Ten
 Read	Negating	Variables	involving Rational Numbers	in Fractional Notation
 Read	Negating	Variables	involving Rational Numbers	in Decimal Notation
 Read	Negating	Variables	involving Rational Numbers	in Proportional Notation
 Read	Negating	Variables	involving Rational Numbers	in Radical Notation
 Read	Negating	Variables	involving Rational Numbers	in Exponential Notation
 Read	Negating	Variables	involving Rational Numbers	in Scientific Notation
 Read	Negating	Variables	involving Rational Numbers	in Base Ten
 Read	Negating	Functions	involving Rational Numbers	in Fractional Notation
 Read	Negating	Functions	involving Rational Numbers	in Decimal Notation
 Read	Negating	Functions	involving Rational Numbers	in Proportional Notation
 Read	Negating	Functions	involving Rational Numbers	in Radical Notation
 Read	Negating	Functions	involving Rational Numbers	in Exponential Notation
 Read	Negating	Functions	involving Rational Numbers	in Scientific Notation
 Read	Negating	Functions	involving Rational Numbers	in Base Ten
 Read	Exponentiating	Numbers	involving Rational Numbers	in Fractional Notation
 Read	Exponentiating	Numbers	involving Rational Numbers	in Decimal Notation
 Read	Exponentiating	Numbers	involving Rational Numbers	in Proportional Notation
 Read	Exponentiating	Numbers	involving Rational Numbers	in Radical Notation
 Read	Exponentiating	Numbers	involving Rational Numbers	in Exponential Notation
 Read	Exponentiating	Numbers	involving Rational Numbers	in Scientific Notation
 Read	Exponentiating	Numbers	involving Rational Numbers	in Base Ten
 Read	Exponentiating	Terms	involving Rational Numbers	in Fractional Notation
 Read	Exponentiating	Terms	involving Rational Numbers	in Decimal Notation
 Read	Exponentiating	Terms	involving Rational Numbers	in Proportional Notation
 Read	Exponentiating	Terms	involving Rational Numbers	in Radical Notation
 Read	Exponentiating	Terms	involving Rational Numbers	in Exponential Notation
 Read	Exponentiating	Terms	involving Rational Numbers	in Scientific Notation
 Read	Exponentiating	Terms	involving Rational Numbers	in Base Ten
 Read	Exponentiating	Factors	involving Rational Numbers	in Fractional Notation
 Read	Exponentiating	Factors	involving Rational Numbers	in Decimal Notation
 Read	Exponentiating	Factors	involving Rational Numbers	in Proportional Notation
 Read	Exponentiating	Factors	involving Rational Numbers	in Radical Notation
 Read	Exponentiating	Factors	involving Rational Numbers	in Exponential Notation
 Read	Exponentiating	Factors	involving Rational Numbers	in Scientific Notation
 Read	Exponentiating	Factors	involving Rational Numbers	in Base Ten
 Read	Exponentiating	Algebraic Expressions	involving Rational Numbers	in Fractional Notation
 Read	Exponentiating	Algebraic Expressions	involving Rational Numbers	in Decimal Notation
 Read	Exponentiating	Algebraic Expressions	involving Rational Numbers	in Proportional Notation
 Read	Exponentiating	Algebraic Expressions	involving Rational Numbers	in Radical Notation
 Read	Exponentiating	Algebraic Expressions	involving Rational Numbers	in Exponential Notation
 Read	Exponentiating	Algebraic Expressions	involving Rational Numbers	in Scientific Notation
 Read	Exponentiating	Algebraic Expressions	involving Rational Numbers	in Base Ten
 Read	Exponentiating	Variables	involving Rational Numbers	in Fractional Notation
 Read	Exponentiating	Variables	involving Rational Numbers	in Decimal Notation
 Read	Exponentiating	Variables	involving Rational Numbers	in Proportional Notation
 Read	Exponentiating	Variables	involving Rational Numbers	in Radical Notation
 Read	Exponentiating	Variables	involving Rational Numbers	in Exponential Notation
 Read	Exponentiating	Variables	involving Rational Numbers	in Scientific Notation
 Read	Exponentiating	Variables	involving Rational Numbers	in Base Ten
 Read	Exponentiating	Functions	involving Rational Numbers	in Fractional Notation
 Read	Exponentiating	Functions	involving Rational Numbers	in Decimal Notation
 Read	Exponentiating	Functions	involving Rational Numbers	in Proportional Notation
 Read	Exponentiating	Functions	involving Rational Numbers	in Radical Notation
 Read	Exponentiating	Functions	involving Rational Numbers	in Exponential Notation
 Read	Exponentiating	Functions	involving Rational Numbers	in Scientific Notation
 Read	Exponentiating	Functions	involving Rational Numbers	in Base Ten
 Read	Grouping	Numbers	involving Rational Numbers	in Fractional Notation
 Read	Grouping	Numbers	involving Rational Numbers	in Decimal Notation
 Read	Grouping	Numbers	involving Rational Numbers	in Proportional Notation
 Read	Grouping	Numbers	involving Rational Numbers	in Radical Notation
 Read	Grouping	Numbers	involving Rational Numbers	in Exponential Notation
 Read	Grouping	Numbers	involving Rational Numbers	in Scientific Notation
 Read	Grouping	Numbers	involving Rational Numbers	in Base Ten
 Read	Grouping	Terms	involving Rational Numbers	in Fractional Notation
 Read	Grouping	Terms	involving Rational Numbers	in Decimal Notation
 Read	Grouping	Terms	involving Rational Numbers	in Proportional Notation
 Read	Grouping	Terms	involving Rational Numbers	in Radical Notation
 Read	Grouping	Terms	involving Rational Numbers	in Exponential Notation
 Read	Grouping	Terms	involving Rational Numbers	in Scientific Notation
 Read	Grouping	Terms	involving Rational Numbers	in Base Ten
 Read	Grouping	Factors	involving Rational Numbers	in Fractional Notation
 Read	Grouping	Factors	involving Rational Numbers	in Decimal Notation
 Read	Grouping	Factors	involving Rational Numbers	in Proportional Notation
 Read	Grouping	Factors	involving Rational Numbers	in Radical Notation
 Read	Grouping	Factors	involving Rational Numbers	in Exponential Notation
 Read	Grouping	Factors	involving Rational Numbers	in Scientific Notation
 Read	Grouping	Factors	involving Rational Numbers	in Base Ten
 Read	Grouping	Algebraic Expressions	involving Rational Numbers	in Fractional Notation
 Read	Grouping	Algebraic Expressions	involving Rational Numbers	in Decimal Notation
 Read	Grouping	Algebraic Expressions	involving Rational Numbers	in Proportional Notation
 Read	Grouping	Algebraic Expressions	involving Rational Numbers	in Radical Notation
 Read	Grouping	Algebraic Expressions	involving Rational Numbers	in Exponential Notation
 Read	Grouping	Algebraic Expressions	involving Rational Numbers	in Scientific Notation
 Read	Grouping	Algebraic Expressions	involving Rational Numbers	in Base Ten
 Read	Grouping	Variables	involving Rational Numbers	in Fractional Notation
 Read	Grouping	Variables	involving Rational Numbers	in Decimal Notation
 Read	Grouping	Variables	involving Rational Numbers	in Proportional Notation
 Read	Grouping	Variables	involving Rational Numbers	in Radical Notation
 Read	Grouping	Variables	involving Rational Numbers	in Exponential Notation
 Read	Grouping	Variables	involving Rational Numbers	in Scientific Notation
 Read	Grouping	Variables	involving Rational Numbers	in Base Ten
 Read	Grouping	Functions	involving Rational Numbers	in Fractional Notation
 Read	Grouping	Functions	involving Rational Numbers	in Decimal Notation
 Read	Grouping	Functions	involving Rational Numbers	in Proportional Notation
 Read	Grouping	Functions	involving Rational Numbers	in Radical Notation
 Read	Grouping	Functions	involving Rational Numbers	in Exponential Notation
 Read	Grouping	Functions	involving Rational Numbers	in Scientific Notation
 Read	Grouping	Functions	involving Rational Numbers	in Base Ten
 Write	Sequencing	Numbers	involving Rational Numbers	in Fractional Notation
 Write	Sequencing	Numbers	involving Rational Numbers	in Decimal Notation
 Write	Sequencing	Numbers	involving Rational Numbers	in Proportional Notation
 Write	Sequencing	Numbers	involving Rational Numbers	in Radical Notation
 Write	Sequencing	Numbers	involving Rational Numbers	in Exponential Notation
 Write	Sequencing	Numbers	involving Rational Numbers	in Scientific Notation
 Write	Sequencing	Numbers	involving Rational Numbers	in Base Ten
 Write	Sequencing	Terms	involving Rational Numbers	in Fractional Notation
 Write	Sequencing	Terms	involving Rational Numbers	in Decimal Notation
 Write	Sequencing	Terms	involving Rational Numbers	in Proportional Notation
 Write	Sequencing	Terms	involving Rational Numbers	in Radical Notation
 Write	Sequencing	Terms	involving Rational Numbers	in Exponential Notation
 Write	Sequencing	Terms	involving Rational Numbers	in Scientific Notation
 Write	Sequencing	Terms	involving Rational Numbers	in Base Ten
 Write	Sequencing	Factors	involving Rational Numbers	in Fractional Notation
 Write	Sequencing	Factors	involving Rational Numbers	in Decimal Notation
 Write	Sequencing	Factors	involving Rational Numbers	in Proportional Notation
 Write	Sequencing	Factors	involving Rational Numbers	in Radical Notation
 Write	Sequencing	Factors	involving Rational Numbers	in Exponential Notation
 Write	Sequencing	Factors	involving Rational Numbers	in Scientific Notation
 Write	Sequencing	Factors	involving Rational Numbers	in Base Ten
 Write	Sequencing	Algebraic Expressions	involving Rational Numbers	in Fractional Notation
 Write	Sequencing	Algebraic Expressions	involving Rational Numbers	in Decimal Notation
 Write	Sequencing	Algebraic Expressions	involving Rational Numbers	in Proportional Notation
 Write	Sequencing	Algebraic Expressions	involving Rational Numbers	in Radical Notation
 Write	Sequencing	Algebraic Expressions	involving Rational Numbers	in Exponential Notation
 Write	Sequencing	Algebraic Expressions	involving Rational Numbers	in Scientific Notation
 Write	Sequencing	Algebraic Expressions	involving Rational Numbers	in Base Ten
 Write	Sequencing	Variables	involving Rational Numbers	in Fractional Notation
 Write	Sequencing	Variables	involving Rational Numbers	in Decimal Notation
 Write	Sequencing	Variables	involving Rational Numbers	in Proportional Notation
 Write	Sequencing	Variables	involving Rational Numbers	in Radical Notation
 Write	Sequencing	Variables	involving Rational Numbers	in Exponential Notation
 Write	Sequencing	Variables	involving Rational Numbers	in Scientific Notation
 Write	Sequencing	Variables	involving Rational Numbers	in Base Ten
 Write	Sequencing	Functions	involving Rational Numbers	in Fractional Notation
 Write	Sequencing	Functions	involving Rational Numbers	in Decimal Notation
 Write	Sequencing	Functions	involving Rational Numbers	in Proportional Notation
 Write	Sequencing	Functions	involving Rational Numbers	in Radical Notation
 Write	Sequencing	Functions	involving Rational Numbers	in Exponential Notation
 Write	Sequencing	Functions	involving Rational Numbers	in Scientific Notation
 Write	Sequencing	Functions	involving Rational Numbers	in Base Ten
 Write	Ordering	Numbers	involving Rational Numbers	in Fractional Notation
 Write	Ordering	Numbers	involving Rational Numbers	in Decimal Notation
 Write	Ordering	Numbers	involving Rational Numbers	in Proportional Notation
 Write	Ordering	Numbers	involving Rational Numbers	in Radical Notation
 Write	Ordering	Numbers	involving Rational Numbers	in Exponential Notation
 Write	Ordering	Numbers	involving Rational Numbers	in Scientific Notation
 Write	Ordering	Numbers	involving Rational Numbers	in Base Ten
 Write	Ordering	Terms	involving Rational Numbers	in Fractional Notation
 Write	Ordering	Terms	involving Rational Numbers	in Decimal Notation
 Write	Ordering	Terms	involving Rational Numbers	in Proportional Notation
 Write	Ordering	Terms	involving Rational Numbers	in Radical Notation
 Write	Ordering	Terms	involving Rational Numbers	in Exponential Notation
 Write	Ordering	Terms	involving Rational Numbers	in Scientific Notation
 Write	Ordering	Terms	involving Rational Numbers	in Base Ten
 Write	Ordering	Factors	involving Rational Numbers	in Fractional Notation
 Write	Ordering	Factors	involving Rational Numbers	in Decimal Notation
 Write	Ordering	Factors	involving Rational Numbers	in Proportional Notation
 Write	Ordering	Factors	involving Rational Numbers	in Radical Notation
 Write	Ordering	Factors	involving Rational Numbers	in Exponential Notation
 Write	Ordering	Factors	involving Rational Numbers	in Scientific Notation
 Write	Ordering	Factors	involving Rational Numbers	in Base Ten
 Write	Ordering	Algebraic Expressions	involving Rational Numbers	in Fractional Notation
 Write	Ordering	Algebraic Expressions	involving Rational Numbers	in Decimal Notation
 Write	Ordering	Algebraic Expressions	involving Rational Numbers	in Proportional Notation
 Write	Ordering	Algebraic Expressions	involving Rational Numbers	in Radical Notation
 Write	Ordering	Algebraic Expressions	involving Rational Numbers	in Exponential Notation
 Write	Ordering	Algebraic Expressions	involving Rational Numbers	in Scientific Notation
 Write	Ordering	Algebraic Expressions	involving Rational Numbers	in Base Ten
 Write	Ordering	Variables	involving Rational Numbers	in Fractional Notation
 Write	Ordering	Variables	involving Rational Numbers	in Decimal Notation
 Write	Ordering	Variables	involving Rational Numbers	in Proportional Notation
 Write	Ordering	Variables	involving Rational Numbers	in Radical Notation
 Write	Ordering	Variables	involving Rational Numbers	in Exponential Notation
 Write	Ordering	Variables	involving Rational Numbers	in Scientific Notation
 Write	Ordering	Variables	involving Rational Numbers	in Base Ten
 Write	Ordering	Functions	involving Rational Numbers	in Fractional Notation
 Write	Ordering	Functions	involving Rational Numbers	in Decimal Notation
 Write	Ordering	Functions	involving Rational Numbers	in Proportional Notation
 Write	Ordering	Functions	involving Rational Numbers	in Radical Notation
 Write	Ordering	Functions	involving Rational Numbers	in Exponential Notation
 Write	Ordering	Functions	involving Rational Numbers	in Scientific Notation
 Write	Ordering	Functions	involving Rational Numbers	in Base Ten
 Write	Adding	Numbers	involving Rational Numbers	in Fractional Notation
 Write	Adding	Numbers	involving Rational Numbers	in Decimal Notation
 Write	Adding	Numbers	involving Rational Numbers	in Proportional Notation
 Write	Adding	Numbers	involving Rational Numbers	in Radical Notation
 Write	Adding	Numbers	involving Rational Numbers	in Exponential Notation
 Write	Adding	Numbers	involving Rational Numbers	in Scientific Notation
 Write	Adding	Numbers	involving Rational Numbers	in Base Ten
 Write	Adding	Terms	involving Rational Numbers	in Fractional Notation
 Write	Adding	Terms	involving Rational Numbers	in Decimal Notation
 Write	Adding	Terms	involving Rational Numbers	in Proportional Notation
 Write	Adding	Terms	involving Rational Numbers	in Radical Notation
 Write	Adding	Terms	involving Rational Numbers	in Exponential Notation
 Write	Adding	Terms	involving Rational Numbers	in Scientific Notation
 Write	Adding	Terms	involving Rational Numbers	in Base Ten
 Write	Adding	Factors	involving Rational Numbers	in Fractional Notation
 Write	Adding	Factors	involving Rational Numbers	in Decimal Notation
 Write	Adding	Factors	involving Rational Numbers	in Proportional Notation
 Write	Adding	Factors	involving Rational Numbers	in Radical Notation
 Write	Adding	Factors	involving Rational Numbers	in Exponential Notation
 Write	Adding	Factors	involving Rational Numbers	in Scientific Notation
 Write	Adding	Factors	involving Rational Numbers	in Base Ten
 Write	Adding	Algebraic Expressions	involving Rational Numbers	in Fractional Notation
 Write	Adding	Algebraic Expressions	involving Rational Numbers	in Decimal Notation
 Write	Adding	Algebraic Expressions	involving Rational Numbers	in Proportional Notation
 Write	Adding	Algebraic Expressions	involving Rational Numbers	in Radical Notation
 Write	Adding	Algebraic Expressions	involving Rational Numbers	in Exponential Notation
 Write	Adding	Algebraic Expressions	involving Rational Numbers	in Scientific Notation
 Write	Adding	Algebraic Expressions	involving Rational Numbers	in Base Ten
 Write	Adding	Variables	involving Rational Numbers	in Fractional Notation
 Write	Adding	Variables	involving Rational Numbers	in Decimal Notation
 Write	Adding	Variables	involving Rational Numbers	in Proportional Notation
 Write	Adding	Variables	involving Rational Numbers	in Radical Notation
 Write	Adding	Variables	involving Rational Numbers	in Exponential Notation
 Write	Adding	Variables	involving Rational Numbers	in Scientific Notation
 Write	Adding	Variables	involving Rational Numbers	in Base Ten
 Write	Adding	Functions	involving Rational Numbers	in Fractional Notation
 Write	Adding	Functions	involving Rational Numbers	in Decimal Notation
 Write	Adding	Functions	involving Rational Numbers	in Proportional Notation
 Write	Adding	Functions	involving Rational Numbers	in Radical Notation
 Write	Adding	Functions	involving Rational Numbers	in Exponential Notation
 Write	Adding	Functions	involving Rational Numbers	in Scientific Notation
 Write	Adding	Functions	involving Rational Numbers	in Base Ten
 Write	Subtracting	Numbers	involving Rational Numbers	in Fractional Notation
 Write	Subtracting	Numbers	involving Rational Numbers	in Decimal Notation
 Write	Subtracting	Numbers	involving Rational Numbers	in Proportional Notation
 Write	Subtracting	Numbers	involving Rational Numbers	in Radical Notation
 Write	Subtracting	Numbers	involving Rational Numbers	in Exponential Notation
 Write	Subtracting	Numbers	involving Rational Numbers	in Scientific Notation
 Write	Subtracting	Numbers	involving Rational Numbers	in Base Ten
 Write	Subtracting	Terms	involving Rational Numbers	in Fractional Notation
 Write	Subtracting	Terms	involving Rational Numbers	in Decimal Notation
 Write	Subtracting	Terms	involving Rational Numbers	in Proportional Notation
 Write	Subtracting	Terms	involving Rational Numbers	in Radical Notation
 Write	Subtracting	Terms	involving Rational Numbers	in Exponential Notation
 Write	Subtracting	Terms	involving Rational Numbers	in Scientific Notation
 Write	Subtracting	Terms	involving Rational Numbers	in Base Ten
 Write	Subtracting	Factors	involving Rational Numbers	in Fractional Notation
 Write	Subtracting	Factors	involving Rational Numbers	in Decimal Notation
 Write	Subtracting	Factors	involving Rational Numbers	in Proportional Notation
 Write	Subtracting	Factors	involving Rational Numbers	in Radical Notation
 Write	Subtracting	Factors	involving Rational Numbers	in Exponential Notation
 Write	Subtracting	Factors	involving Rational Numbers	in Scientific Notation
 Write	Subtracting	Factors	involving Rational Numbers	in Base Ten
 Write	Subtracting	Algebraic Expressions	involving Rational Numbers	in Fractional Notation
 Write	Subtracting	Algebraic Expressions	involving Rational Numbers	in Decimal Notation
 Write	Subtracting	Algebraic Expressions	involving Rational Numbers	in Proportional Notation
 Write	Subtracting	Algebraic Expressions	involving Rational Numbers	in Radical Notation
 Write	Subtracting	Algebraic Expressions	involving Rational Numbers	in Exponential Notation
 Write	Subtracting	Algebraic Expressions	involving Rational Numbers	in Scientific Notation
 Write	Subtracting	Algebraic Expressions	involving Rational Numbers	in Base Ten
 Write	Subtracting	Variables	involving Rational Numbers	in Fractional Notation
 Write	Subtracting	Variables	involving Rational Numbers	in Decimal Notation
 Write	Subtracting	Variables	involving Rational Numbers	in Proportional Notation
 Write	Subtracting	Variables	involving Rational Numbers	in Radical Notation
 Write	Subtracting	Variables	involving Rational Numbers	in Exponential Notation
 Write	Subtracting	Variables	involving Rational Numbers	in Scientific Notation
 Write	Subtracting	Variables	involving Rational Numbers	in Base Ten
 Write	Subtracting	Functions	involving Rational Numbers	in Fractional Notation
 Write	Subtracting	Functions	involving Rational Numbers	in Decimal Notation
 Write	Subtracting	Functions	involving Rational Numbers	in Proportional Notation
 Write	Subtracting	Functions	involving Rational Numbers	in Radical Notation
 Write	Subtracting	Functions	involving Rational Numbers	in Exponential Notation
 Write	Subtracting	Functions	involving Rational Numbers	in Scientific Notation
 Write	Subtracting	Functions	involving Rational Numbers	in Base Ten
 Write	Multiplying	Numbers	involving Rational Numbers	in Fractional Notation
 Write	Multiplying	Numbers	involving Rational Numbers	in Decimal Notation
 Write	Multiplying	Numbers	involving Rational Numbers	in Proportional Notation
 Write	Multiplying	Numbers	involving Rational Numbers	in Radical Notation
 Write	Multiplying	Numbers	involving Rational Numbers	in Exponential Notation
 Write	Multiplying	Numbers	involving Rational Numbers	in Scientific Notation
 Write	Multiplying	Numbers	involving Rational Numbers	in Base Ten
 Write	Multiplying	Terms	involving Rational Numbers	in Fractional Notation
 Write	Multiplying	Terms	involving Rational Numbers	in Decimal Notation
 Write	Multiplying	Terms	involving Rational Numbers	in Proportional Notation
 Write	Multiplying	Terms	involving Rational Numbers	in Radical Notation
 Write	Multiplying	Terms	involving Rational Numbers	in Exponential Notation
 Write	Multiplying	Terms	involving Rational Numbers	in Scientific Notation
 Write	Multiplying	Terms	involving Rational Numbers	in Base Ten
 Write	Multiplying	Factors	involving Rational Numbers	in Fractional Notation
 Write	Multiplying	Factors	involving Rational Numbers	in Decimal Notation
 Write	Multiplying	Factors	involving Rational Numbers	in Proportional Notation
 Write	Multiplying	Factors	involving Rational Numbers	in Radical Notation
 Write	Multiplying	Factors	involving Rational Numbers	in Exponential Notation
 Write	Multiplying	Factors	involving Rational Numbers	in Scientific Notation
 Write	Multiplying	Factors	involving Rational Numbers	in Base Ten
 Write	Multiplying	Algebraic Expressions	involving Rational Numbers	in Fractional Notation
 Write	Multiplying	Algebraic Expressions	involving Rational Numbers	in Decimal Notation
 Write	Multiplying	Algebraic Expressions	involving Rational Numbers	in Proportional Notation
 Write	Multiplying	Algebraic Expressions	involving Rational Numbers	in Radical Notation
 Write	Multiplying	Algebraic Expressions	involving Rational Numbers	in Exponential Notation
 Write	Multiplying	Algebraic Expressions	involving Rational Numbers	in Scientific Notation
 Write	Multiplying	Algebraic Expressions	involving Rational Numbers	in Base Ten
 Write	Multiplying	Variables	involving Rational Numbers	in Fractional Notation
 Write	Multiplying	Variables	involving Rational Numbers	in Decimal Notation
 Write	Multiplying	Variables	involving Rational Numbers	in Proportional Notation
 Write	Multiplying	Variables	involving Rational Numbers	in Radical Notation
 Write	Multiplying	Variables	involving Rational Numbers	in Exponential Notation
 Write	Multiplying	Variables	involving Rational Numbers	in Scientific Notation
 Write	Multiplying	Variables	involving Rational Numbers	in Base Ten
 Write	Multiplying	Functions	involving Rational Numbers	in Fractional Notation
 Write	Multiplying	Functions	involving Rational Numbers	in Decimal Notation
 Write	Multiplying	Functions	involving Rational Numbers	in Proportional Notation
 Write	Multiplying	Functions	involving Rational Numbers	in Radical Notation
 Write	Multiplying	Functions	involving Rational Numbers	in Exponential Notation
 Write	Multiplying	Functions	involving Rational Numbers	in Scientific Notation
 Write	Multiplying	Functions	involving Rational Numbers	in Base Ten
 Write	Dividing	Numbers	involving Rational Numbers	in Fractional Notation
 Write	Dividing	Numbers	involving Rational Numbers	in Decimal Notation
 Write	Dividing	Numbers	involving Rational Numbers	in Proportional Notation
 Write	Dividing	Numbers	involving Rational Numbers	in Radical Notation
 Write	Dividing	Numbers	involving Rational Numbers	in Exponential Notation
 Write	Dividing	Numbers	involving Rational Numbers	in Scientific Notation
 Write	Dividing	Numbers	involving Rational Numbers	in Base Ten
 Write	Dividing	Terms	involving Rational Numbers	in Fractional Notation
 Write	Dividing	Terms	involving Rational Numbers	in Decimal Notation
 Write	Dividing	Terms	involving Rational Numbers	in Proportional Notation
 Write	Dividing	Terms	involving Rational Numbers	in Radical Notation
 Write	Dividing	Terms	involving Rational Numbers	in Exponential Notation
 Write	Dividing	Terms	involving Rational Numbers	in Scientific Notation
 Write	Dividing	Terms	involving Rational Numbers	in Base Ten
 Write	Dividing	Factors	involving Rational Numbers	in Fractional Notation
 Write	Dividing	Factors	involving Rational Numbers	in Decimal Notation
 Write	Dividing	Factors	involving Rational Numbers	in Proportional Notation
 Write	Dividing	Factors	involving Rational Numbers	in Radical Notation
 Write	Dividing	Factors	involving Rational Numbers	in Exponential Notation
 Write	Dividing	Factors	involving Rational Numbers	in Scientific Notation
 Write	Dividing	Factors	involving Rational Numbers	in Base Ten
 Write	Dividing	Algebraic Expressions	involving Rational Numbers	in Fractional Notation
 Write	Dividing	Algebraic Expressions	involving Rational Numbers	in Decimal Notation
 Write	Dividing	Algebraic Expressions	involving Rational Numbers	in Proportional Notation
 Write	Dividing	Algebraic Expressions	involving Rational Numbers	in Radical Notation
 Write	Dividing	Algebraic Expressions	involving Rational Numbers	in Exponential Notation
 Write	Dividing	Algebraic Expressions	involving Rational Numbers	in Scientific Notation
 Write	Dividing	Algebraic Expressions	involving Rational Numbers	in Base Ten
 Write	Dividing	Variables	involving Rational Numbers	in Fractional Notation
 Write	Dividing	Variables	involving Rational Numbers	in Decimal Notation
 Write	Dividing	Variables	involving Rational Numbers	in Proportional Notation
 Write	Dividing	Variables	involving Rational Numbers	in Radical Notation
 Write	Dividing	Variables	involving Rational Numbers	in Exponential Notation
 Write	Dividing	Variables	involving Rational Numbers	in Scientific Notation
 Write	Dividing	Variables	involving Rational Numbers	in Base Ten
 Write	Dividing	Functions	involving Rational Numbers	in Fractional Notation
 Write	Dividing	Functions	involving Rational Numbers	in Decimal Notation
 Write	Dividing	Functions	involving Rational Numbers	in Proportional Notation
 Write	Dividing	Functions	involving Rational Numbers	in Radical Notation
 Write	Dividing	Functions	involving Rational Numbers	in Exponential Notation
 Write	Dividing	Functions	involving Rational Numbers	in Scientific Notation
 Write	Dividing	Functions	involving Rational Numbers	in Base Ten
 Write	Negating	Numbers	involving Rational Numbers	in Fractional Notation
 Write	Negating	Numbers	involving Rational Numbers	in Decimal Notation
 Write	Negating	Numbers	involving Rational Numbers	in Proportional Notation
 Write	Negating	Numbers	involving Rational Numbers	in Radical Notation
 Write	Negating	Numbers	involving Rational Numbers	in Exponential Notation
 Write	Negating	Numbers	involving Rational Numbers	in Scientific Notation
 Write	Negating	Numbers	involving Rational Numbers	in Base Ten
 Write	Negating	Terms	involving Rational Numbers	in Fractional Notation
 Write	Negating	Terms	involving Rational Numbers	in Decimal Notation
 Write	Negating	Terms	involving Rational Numbers	in Proportional Notation
 Write	Negating	Terms	involving Rational Numbers	in Radical Notation
 Write	Negating	Terms	involving Rational Numbers	in Exponential Notation
 Write	Negating	Terms	involving Rational Numbers	in Scientific Notation
 Write	Negating	Terms	involving Rational Numbers	in Base Ten
 Write	Negating	Factors	involving Rational Numbers	in Fractional Notation
 Write	Negating	Factors	involving Rational Numbers	in Decimal Notation
 Write	Negating	Factors	involving Rational Numbers	in Proportional Notation
 Write	Negating	Factors	involving Rational Numbers	in Radical Notation
 Write	Negating	Factors	involving Rational Numbers	in Exponential Notation
 Write	Negating	Factors	involving Rational Numbers	in Scientific Notation
 Write	Negating	Factors	involving Rational Numbers	in Base Ten
 Write	Negating	Algebraic Expressions	involving Rational Numbers	in Fractional Notation
 Write	Negating	Algebraic Expressions	involving Rational Numbers	in Decimal Notation
 Write	Negating	Algebraic Expressions	involving Rational Numbers	in Proportional Notation
 Write	Negating	Algebraic Expressions	involving Rational Numbers	in Radical Notation
 Write	Negating	Algebraic Expressions	involving Rational Numbers	in Exponential Notation
 Write	Negating	Algebraic Expressions	involving Rational Numbers	in Scientific Notation
 Write	Negating	Algebraic Expressions	involving Rational Numbers	in Base Ten
 Write	Negating	Variables	involving Rational Numbers	in Fractional Notation
 Write	Negating	Variables	involving Rational Numbers	in Decimal Notation
 Write	Negating	Variables	involving Rational Numbers	in Proportional Notation
 Write	Negating	Variables	involving Rational Numbers	in Radical Notation
 Write	Negating	Variables	involving Rational Numbers	in Exponential Notation
 Write	Negating	Variables	involving Rational Numbers	in Scientific Notation
 Write	Negating	Variables	involving Rational Numbers	in Base Ten
 Write	Negating	Functions	involving Rational Numbers	in Fractional Notation
 Write	Negating	Functions	involving Rational Numbers	in Decimal Notation
 Write	Negating	Functions	involving Rational Numbers	in Proportional Notation
 Write	Negating	Functions	involving Rational Numbers	in Radical Notation
 Write	Negating	Functions	involving Rational Numbers	in Exponential Notation
 Write	Negating	Functions	involving Rational Numbers	in Scientific Notation
 Write	Negating	Functions	involving Rational Numbers	in Base Ten
 Write	Exponentiating	Numbers	involving Rational Numbers	in Fractional Notation
 Write	Exponentiating	Numbers	involving Rational Numbers	in Decimal Notation
 Write	Exponentiating	Numbers	involving Rational Numbers	in Proportional Notation
 Write	Exponentiating	Numbers	involving Rational Numbers	in Radical Notation
 Write	Exponentiating	Numbers	involving Rational Numbers	in Exponential Notation
 Write	Exponentiating	Numbers	involving Rational Numbers	in Scientific Notation
 Write	Exponentiating	Numbers	involving Rational Numbers	in Base Ten
 Write	Exponentiating	Terms	involving Rational Numbers	in Fractional Notation
 Write	Exponentiating	Terms	involving Rational Numbers	in Decimal Notation
 Write	Exponentiating	Terms	involving Rational Numbers	in Proportional Notation
 Write	Exponentiating	Terms	involving Rational Numbers	in Radical Notation
 Write	Exponentiating	Terms	involving Rational Numbers	in Exponential Notation
 Write	Exponentiating	Terms	involving Rational Numbers	in Scientific Notation
 Write	Exponentiating	Terms	involving Rational Numbers	in Base Ten
 Write	Exponentiating	Factors	involving Rational Numbers	in Fractional Notation
 Write	Exponentiating	Factors	involving Rational Numbers	in Decimal Notation
 Write	Exponentiating	Factors	involving Rational Numbers	in Proportional Notation
 Write	Exponentiating	Factors	involving Rational Numbers	in Radical Notation
 Write	Exponentiating	Factors	involving Rational Numbers	in Exponential Notation
 Write	Exponentiating	Factors	involving Rational Numbers	in Scientific Notation
 Write	Exponentiating	Factors	involving Rational Numbers	in Base Ten
 Write	Exponentiating	Algebraic Expressions	involving Rational Numbers	in Fractional Notation
 Write	Exponentiating	Algebraic Expressions	involving Rational Numbers	in Decimal Notation
 Write	Exponentiating	Algebraic Expressions	involving Rational Numbers	in Proportional Notation
 Write	Exponentiating	Algebraic Expressions	involving Rational Numbers	in Radical Notation
 Write	Exponentiating	Algebraic Expressions	involving Rational Numbers	in Exponential Notation
 Write	Exponentiating	Algebraic Expressions	involving Rational Numbers	in Scientific Notation
 Write	Exponentiating	Algebraic Expressions	involving Rational Numbers	in Base Ten
 Write	Exponentiating	Variables	involving Rational Numbers	in Fractional Notation
 Write	Exponentiating	Variables	involving Rational Numbers	in Decimal Notation
 Write	Exponentiating	Variables	involving Rational Numbers	in Proportional Notation
 Write	Exponentiating	Variables	involving Rational Numbers	in Radical Notation
 Write	Exponentiating	Variables	involving Rational Numbers	in Exponential Notation
 Write	Exponentiating	Variables	involving Rational Numbers	in Scientific Notation
 Write	Exponentiating	Variables	involving Rational Numbers	in Base Ten
 Write	Exponentiating	Functions	involving Rational Numbers	in Fractional Notation
 Write	Exponentiating	Functions	involving Rational Numbers	in Decimal Notation
 Write	Exponentiating	Functions	involving Rational Numbers	in Proportional Notation
 Write	Exponentiating	Functions	involving Rational Numbers	in Radical Notation
 Write	Exponentiating	Functions	involving Rational Numbers	in Exponential Notation
 Write	Exponentiating	Functions	involving Rational Numbers	in Scientific Notation
 Write	Exponentiating	Functions	involving Rational Numbers	in Base Ten
 Write	Grouping	Numbers	involving Rational Numbers	in Fractional Notation
 Write	Grouping	Numbers	involving Rational Numbers	in Decimal Notation
 Write	Grouping	Numbers	involving Rational Numbers	in Proportional Notation
 Write	Grouping	Numbers	involving Rational Numbers	in Radical Notation
 Write	Grouping	Numbers	involving Rational Numbers	in Exponential Notation
 Write	Grouping	Numbers	involving Rational Numbers	in Scientific Notation
 Write	Grouping	Numbers	involving Rational Numbers	in Base Ten
 Write	Grouping	Terms	involving Rational Numbers	in Fractional Notation
 Write	Grouping	Terms	involving Rational Numbers	in Decimal Notation
 Write	Grouping	Terms	involving Rational Numbers	in Proportional Notation
 Write	Grouping	Terms	involving Rational Numbers	in Radical Notation
 Write	Grouping	Terms	involving Rational Numbers	in Exponential Notation
 Write	Grouping	Terms	involving Rational Numbers	in Scientific Notation
 Write	Grouping	Terms	involving Rational Numbers	in Base Ten
 Write	Grouping	Factors	involving Rational Numbers	in Fractional Notation
 Write	Grouping	Factors	involving Rational Numbers	in Decimal Notation
 Write	Grouping	Factors	involving Rational Numbers	in Proportional Notation
 Write	Grouping	Factors	involving Rational Numbers	in Radical Notation
 Write	Grouping	Factors	involving Rational Numbers	in Exponential Notation
 Write	Grouping	Factors	involving Rational Numbers	in Scientific Notation
 Write	Grouping	Factors	involving Rational Numbers	in Base Ten
 Write	Grouping	Algebraic Expressions	involving Rational Numbers	in Fractional Notation
 Write	Grouping	Algebraic Expressions	involving Rational Numbers	in Decimal Notation
 Write	Grouping	Algebraic Expressions	involving Rational Numbers	in Proportional Notation
 Write	Grouping	Algebraic Expressions	involving Rational Numbers	in Radical Notation
 Write	Grouping	Algebraic Expressions	involving Rational Numbers	in Exponential Notation
 Write	Grouping	Algebraic Expressions	involving Rational Numbers	in Scientific Notation
 Write	Grouping	Algebraic Expressions	involving Rational Numbers	in Base Ten
 Write	Grouping	Variables	involving Rational Numbers	in Fractional Notation
 Write	Grouping	Variables	involving Rational Numbers	in Decimal Notation
 Write	Grouping	Variables	involving Rational Numbers	in Proportional Notation
 Write	Grouping	Variables	involving Rational Numbers	in Radical Notation
 Write	Grouping	Variables	involving Rational Numbers	in Exponential Notation
 Write	Grouping	Variables	involving Rational Numbers	in Scientific Notation
 Write	Grouping	Variables	involving Rational Numbers	in Base Ten
 Write	Grouping	Functions	involving Rational Numbers	in Fractional Notation
 Write	Grouping	Functions	involving Rational Numbers	in Decimal Notation
 Write	Grouping	Functions	involving Rational Numbers	in Proportional Notation
 Write	Grouping	Functions	involving Rational Numbers	in Radical Notation
 Write	Grouping	Functions	involving Rational Numbers	in Exponential Notation
 Write	Grouping	Functions	involving Rational Numbers	in Scientific Notation
 Write	Grouping	Functions	involving Rational Numbers	in Base Ten
