Read	Numerical Expressions	involving Rational Numbers
 Read	Numerical Equations	involving Rational Numbers
 Read	Properties of Objects	involving Rational Numbers
 Read	Patterns	involving Rational Numbers
 Read	Common Factors	involving Rational Numbers
 Read	Multiples	involving Rational Numbers
 Read	Common Multiples	involving Rational Numbers
 Read	Place Values	involving Rational Numbers
 Read	Standard Units	involving Rational Numbers
 Read	SI Units	involving Rational Numbers
 Read	Data	involving Rational Numbers
 Read	Realia	involving Rational Numbers
 Read	Models	involving Rational Numbers
 Read	Ratios	involving Rational Numbers
 Read	Proportions	involving Rational Numbers
 Read	Numerical Inequalities	involving Rational Numbers
 Read	Algebraic Equations	involving Rational Numbers
 Read	Algebraic Inequalities	involving Rational Numbers
 Read	Lines	involving Rational Numbers
 Read	Linear Equations	involving Rational Numbers
 Read	Simultaneous Equations	involving Rational Numbers
 Read	Sums	involving Rational Numbers
 Read	Differences	involving Rational Numbers
 Read	Products	involving Rational Numbers
 Read	Quotients	involving Rational Numbers
 Read	Remainders	involving Rational Numbers
 Read	Samples	involving Rational Numbers
 Read	Random Samples	involving Rational Numbers
 Recite	Numerical Expressions	involving Rational Numbers
 Recite	Numerical Equations	involving Rational Numbers
 Recite	Properties of Objects	involving Rational Numbers
 Recite	Patterns	involving Rational Numbers
 Recite	Common Factors	involving Rational Numbers
 Recite	Multiples	involving Rational Numbers
 Recite	Common Multiples	involving Rational Numbers
 Recite	Place Values	involving Rational Numbers
 Recite	Standard Units	involving Rational Numbers
 Recite	SI Units	involving Rational Numbers
 Recite	Data	involving Rational Numbers
 Recite	Realia	involving Rational Numbers
 Recite	Models	involving Rational Numbers
 Recite	Ratios	involving Rational Numbers
 Recite	Proportions	involving Rational Numbers
 Recite	Numerical Inequalities	involving Rational Numbers
 Recite	Algebraic Equations	involving Rational Numbers
 Recite	Algebraic Inequalities	involving Rational Numbers
 Recite	Lines	involving Rational Numbers
 Recite	Linear Equations	involving Rational Numbers
 Recite	Simultaneous Equations	involving Rational Numbers
 Recite	Sums	involving Rational Numbers
 Recite	Differences	involving Rational Numbers
 Recite	Products	involving Rational Numbers
 Recite	Quotients	involving Rational Numbers
 Recite	Remainders	involving Rational Numbers
 Recite	Samples	involving Rational Numbers
 Recite	Random Samples	involving Rational Numbers
 Write	Numerical Expressions	involving Rational Numbers
 Write	Numerical Equations	involving Rational Numbers
 Write	Properties of Objects	involving Rational Numbers
 Write	Patterns	involving Rational Numbers
 Write	Common Factors	involving Rational Numbers
 Write	Multiples	involving Rational Numbers
 Write	Common Multiples	involving Rational Numbers
 Write	Place Values	involving Rational Numbers
 Write	Standard Units	involving Rational Numbers
 Write	SI Units	involving Rational Numbers
 Write	Data	involving Rational Numbers
 Write	Realia	involving Rational Numbers
 Write	Models	involving Rational Numbers
 Write	Ratios	involving Rational Numbers
 Write	Proportions	involving Rational Numbers
 Write	Numerical Inequalities	involving Rational Numbers
 Write	Algebraic Equations	involving Rational Numbers
 Write	Algebraic Inequalities	involving Rational Numbers
 Write	Lines	involving Rational Numbers
 Write	Linear Equations	involving Rational Numbers
 Write	Simultaneous Equations	involving Rational Numbers
 Write	Sums	involving Rational Numbers
 Write	Differences	involving Rational Numbers
 Write	Products	involving Rational Numbers
 Write	Quotients	involving Rational Numbers
 Write	Remainders	involving Rational Numbers
 Write	Samples	involving Rational Numbers
 Write	Random Samples	involving Rational Numbers
 Represent	Numerical Expressions	involving Rational Numbers
 Represent	Numerical Equations	involving Rational Numbers
 Represent	Properties of Objects	involving Rational Numbers
 Represent	Patterns	involving Rational Numbers
 Represent	Common Factors	involving Rational Numbers
 Represent	Multiples	involving Rational Numbers
 Represent	Common Multiples	involving Rational Numbers
 Represent	Place Values	involving Rational Numbers
 Represent	Standard Units	involving Rational Numbers
 Represent	SI Units	involving Rational Numbers
 Represent	Data	involving Rational Numbers
 Represent	Realia	involving Rational Numbers
 Represent	Models	involving Rational Numbers
 Represent	Ratios	involving Rational Numbers
 Represent	Proportions	involving Rational Numbers
 Represent	Numerical Inequalities	involving Rational Numbers
 Represent	Algebraic Equations	involving Rational Numbers
 Represent	Algebraic Inequalities	involving Rational Numbers
 Represent	Lines	involving Rational Numbers
 Represent	Linear Equations	involving Rational Numbers
 Represent	Simultaneous Equations	involving Rational Numbers
 Represent	Sums	involving Rational Numbers
 Represent	Differences	involving Rational Numbers
 Represent	Products	involving Rational Numbers
 Represent	Quotients	involving Rational Numbers
 Represent	Remainders	involving Rational Numbers
 Represent	Samples	involving Rational Numbers
 Represent	Random Samples	involving Rational Numbers
 Represent, with activities,	Numerical Expressions	involving Rational Numbers
 Represent, with activities,	Numerical Equations	involving Rational Numbers
 Represent, with activities,	Properties of Objects	involving Rational Numbers
 Represent, with activities,	Patterns	involving Rational Numbers
 Represent, with activities,	Common Factors	involving Rational Numbers
 Represent, with activities,	Multiples	involving Rational Numbers
 Represent, with activities,	Common Multiples	involving Rational Numbers
 Represent, with activities,	Place Values	involving Rational Numbers
 Represent, with activities,	Standard Units	involving Rational Numbers
 Represent, with activities,	SI Units	involving Rational Numbers
 Represent, with activities,	Data	involving Rational Numbers
 Represent, with activities,	Realia	involving Rational Numbers
 Represent, with activities,	Models	involving Rational Numbers
 Represent, with activities,	Ratios	involving Rational Numbers
 Represent, with activities,	Proportions	involving Rational Numbers
 Represent, with activities,	Numerical Inequalities	involving Rational Numbers
 Represent, with activities,	Algebraic Equations	involving Rational Numbers
 Represent, with activities,	Algebraic Inequalities	involving Rational Numbers
 Represent, with activities,	Lines	involving Rational Numbers
 Represent, with activities,	Linear Equations	involving Rational Numbers
 Represent, with activities,	Simultaneous Equations	involving Rational Numbers
 Represent, with activities,	Sums	involving Rational Numbers
 Represent, with activities,	Differences	involving Rational Numbers
 Represent, with activities,	Products	involving Rational Numbers
 Represent, with activities,	Quotients	involving Rational Numbers
 Represent, with activities,	Remainders	involving Rational Numbers
 Represent, with activities,	Samples	involving Rational Numbers
 Represent, with activities,	Random Samples	involving Rational Numbers
 Represent, with words,	Numerical Expressions	involving Rational Numbers
 Represent, with words,	Numerical Equations	involving Rational Numbers
 Represent, with words,	Properties of Objects	involving Rational Numbers
 Represent, with words,	Patterns	involving Rational Numbers
 Represent, with words,	Common Factors	involving Rational Numbers
 Represent, with words,	Multiples	involving Rational Numbers
 Represent, with words,	Common Multiples	involving Rational Numbers
 Represent, with words,	Place Values	involving Rational Numbers
 Represent, with words,	Standard Units	involving Rational Numbers
 Represent, with words,	SI Units	involving Rational Numbers
 Represent, with words,	Data	involving Rational Numbers
 Represent, with words,	Realia	involving Rational Numbers
 Represent, with words,	Models	involving Rational Numbers
 Represent, with words,	Ratios	involving Rational Numbers
 Represent, with words,	Proportions	involving Rational Numbers
 Represent, with words,	Numerical Inequalities	involving Rational Numbers
 Represent, with words,	Algebraic Equations	involving Rational Numbers
 Represent, with words,	Algebraic Inequalities	involving Rational Numbers
 Represent, with words,	Lines	involving Rational Numbers
 Represent, with words,	Linear Equations	involving Rational Numbers
 Represent, with words,	Simultaneous Equations	involving Rational Numbers
 Represent, with words,	Sums	involving Rational Numbers
 Represent, with words,	Differences	involving Rational Numbers
 Represent, with words,	Products	involving Rational Numbers
 Represent, with words,	Quotients	involving Rational Numbers
 Represent, with words,	Remainders	involving Rational Numbers
 Represent, with words,	Samples	involving Rational Numbers
 Represent, with words,	Random Samples	involving Rational Numbers
