Read	Numerical Expressions	involving Integers
 Read	Numerical Equations	involving Integers
 Read	Properties of Objects	involving Integers
 Read	Properties of Operations	involving Integers
 Read	Multiples	involving Integers
 Read	Common Multiples	involving Integers
 Read	Place Values	involving Integers
 Read	Standard Units	involving Integers
 Read	SI Units	involving Integers
 Read	Data	involving Integers
 Read	Ratios	involving Integers
 Read	Proportions	involving Integers
 Read	Numerical Inequalities	involving Integers
 Read	Algebraic Equations	involving Integers
 Read	Algebraic Inequalities	involving Integers
 Read	Lines	involving Integers
 Read	Linear Equations	involving Integers
 Read	Simultaneous Equations	involving Integers
 Read	Sets	involving Integers
 Read	Elements	involving Integers
 Read	Independent Variables	involving Integers
 Read	Sums	involving Integers
 Read	Differences	involving Integers
 Read	Products	involving Integers
 Read	Quotients	involving Integers
 Read	Remainders	involving Integers
 Read	Samples	involving Integers
 Read	Random Samples	involving Integers
 Recite	Numerical Expressions	involving Integers
 Recite	Numerical Equations	involving Integers
 Recite	Properties of Objects	involving Integers
 Recite	Properties of Operations	involving Integers
 Recite	Multiples	involving Integers
 Recite	Common Multiples	involving Integers
 Recite	Place Values	involving Integers
 Recite	Standard Units	involving Integers
 Recite	SI Units	involving Integers
 Recite	Data	involving Integers
 Recite	Ratios	involving Integers
 Recite	Proportions	involving Integers
 Recite	Numerical Inequalities	involving Integers
 Recite	Algebraic Equations	involving Integers
 Recite	Algebraic Inequalities	involving Integers
 Recite	Lines	involving Integers
 Recite	Linear Equations	involving Integers
 Recite	Simultaneous Equations	involving Integers
 Recite	Sets	involving Integers
 Recite	Elements	involving Integers
 Recite	Independent Variables	involving Integers
 Recite	Sums	involving Integers
 Recite	Differences	involving Integers
 Recite	Products	involving Integers
 Recite	Quotients	involving Integers
 Recite	Remainders	involving Integers
 Recite	Samples	involving Integers
 Recite	Random Samples	involving Integers
 Write	Numerical Expressions	involving Integers
 Write	Numerical Equations	involving Integers
 Write	Properties of Objects	involving Integers
 Write	Properties of Operations	involving Integers
 Write	Multiples	involving Integers
 Write	Common Multiples	involving Integers
 Write	Place Values	involving Integers
 Write	Standard Units	involving Integers
 Write	SI Units	involving Integers
 Write	Data	involving Integers
 Write	Ratios	involving Integers
 Write	Proportions	involving Integers
 Write	Numerical Inequalities	involving Integers
 Write	Algebraic Equations	involving Integers
 Write	Algebraic Inequalities	involving Integers
 Write	Lines	involving Integers
 Write	Linear Equations	involving Integers
 Write	Simultaneous Equations	involving Integers
 Write	Sets	involving Integers
 Write	Elements	involving Integers
 Write	Independent Variables	involving Integers
 Write	Sums	involving Integers
 Write	Differences	involving Integers
 Write	Products	involving Integers
 Write	Quotients	involving Integers
 Write	Remainders	involving Integers
 Write	Samples	involving Integers
 Write	Random Samples	involving Integers
 Represent	Numerical Expressions	involving Integers
 Represent	Numerical Equations	involving Integers
 Represent	Properties of Objects	involving Integers
 Represent	Properties of Operations	involving Integers
 Represent	Multiples	involving Integers
 Represent	Common Multiples	involving Integers
 Represent	Place Values	involving Integers
 Represent	Standard Units	involving Integers
 Represent	SI Units	involving Integers
 Represent	Data	involving Integers
 Represent	Ratios	involving Integers
 Represent	Proportions	involving Integers
 Represent	Numerical Inequalities	involving Integers
 Represent	Algebraic Equations	involving Integers
 Represent	Algebraic Inequalities	involving Integers
 Represent	Lines	involving Integers
 Represent	Linear Equations	involving Integers
 Represent	Simultaneous Equations	involving Integers
 Represent	Sets	involving Integers
 Represent	Elements	involving Integers
 Represent	Independent Variables	involving Integers
 Represent	Sums	involving Integers
 Represent	Differences	involving Integers
 Represent	Products	involving Integers
 Represent	Quotients	involving Integers
 Represent	Remainders	involving Integers
 Represent	Samples	involving Integers
 Represent	Random Samples	involving Integers
 Represent, with specimens,	Numerical Expressions	involving Integers
 Represent, with specimens,	Numerical Equations	involving Integers
 Represent, with specimens,	Properties of Objects	involving Integers
 Represent, with specimens,	Properties of Operations	involving Integers
 Represent, with specimens,	Multiples	involving Integers
 Represent, with specimens,	Common Multiples	involving Integers
 Represent, with specimens,	Place Values	involving Integers
 Represent, with specimens,	Standard Units	involving Integers
 Represent, with specimens,	SI Units	involving Integers
 Represent, with specimens,	Data	involving Integers
 Represent, with specimens,	Ratios	involving Integers
 Represent, with specimens,	Proportions	involving Integers
 Represent, with specimens,	Numerical Inequalities	involving Integers
 Represent, with specimens,	Algebraic Equations	involving Integers
 Represent, with specimens,	Algebraic Inequalities	involving Integers
 Represent, with specimens,	Lines	involving Integers
 Represent, with specimens,	Linear Equations	involving Integers
 Represent, with specimens,	Simultaneous Equations	involving Integers
 Represent, with specimens,	Sets	involving Integers
 Represent, with specimens,	Elements	involving Integers
 Represent, with specimens,	Independent Variables	involving Integers
 Represent, with specimens,	Sums	involving Integers
 Represent, with specimens,	Differences	involving Integers
 Represent, with specimens,	Products	involving Integers
 Represent, with specimens,	Quotients	involving Integers
 Represent, with specimens,	Remainders	involving Integers
 Represent, with specimens,	Samples	involving Integers
 Represent, with specimens,	Random Samples	involving Integers
 Represent, with body parts,	Numerical Expressions	involving Integers
 Represent, with body parts,	Numerical Equations	involving Integers
 Represent, with body parts,	Properties of Objects	involving Integers
 Represent, with body parts,	Properties of Operations	involving Integers
 Represent, with body parts,	Multiples	involving Integers
 Represent, with body parts,	Common Multiples	involving Integers
 Represent, with body parts,	Place Values	involving Integers
 Represent, with body parts,	Standard Units	involving Integers
 Represent, with body parts,	SI Units	involving Integers
 Represent, with body parts,	Data	involving Integers
 Represent, with body parts,	Ratios	involving Integers
 Represent, with body parts,	Proportions	involving Integers
 Represent, with body parts,	Numerical Inequalities	involving Integers
 Represent, with body parts,	Algebraic Equations	involving Integers
 Represent, with body parts,	Algebraic Inequalities	involving Integers
 Represent, with body parts,	Lines	involving Integers
 Represent, with body parts,	Linear Equations	involving Integers
 Represent, with body parts,	Simultaneous Equations	involving Integers
 Represent, with body parts,	Sets	involving Integers
 Represent, with body parts,	Elements	involving Integers
 Represent, with body parts,	Independent Variables	involving Integers
 Represent, with body parts,	Sums	involving Integers
 Represent, with body parts,	Differences	involving Integers
 Represent, with body parts,	Products	involving Integers
 Represent, with body parts,	Quotients	involving Integers
 Represent, with body parts,	Remainders	involving Integers
 Represent, with body parts,	Samples	involving Integers
 Represent, with body parts,	Random Samples	involving Integers
 Represent, with words,	Numerical Expressions	involving Integers
 Represent, with words,	Numerical Equations	involving Integers
 Represent, with words,	Properties of Objects	involving Integers
 Represent, with words,	Properties of Operations	involving Integers
 Represent, with words,	Multiples	involving Integers
 Represent, with words,	Common Multiples	involving Integers
 Represent, with words,	Place Values	involving Integers
 Represent, with words,	Standard Units	involving Integers
 Represent, with words,	SI Units	involving Integers
 Represent, with words,	Data	involving Integers
 Represent, with words,	Ratios	involving Integers
 Represent, with words,	Proportions	involving Integers
 Represent, with words,	Numerical Inequalities	involving Integers
 Represent, with words,	Algebraic Equations	involving Integers
 Represent, with words,	Algebraic Inequalities	involving Integers
 Represent, with words,	Lines	involving Integers
 Represent, with words,	Linear Equations	involving Integers
 Represent, with words,	Simultaneous Equations	involving Integers
 Represent, with words,	Sets	involving Integers
 Represent, with words,	Elements	involving Integers
 Represent, with words,	Independent Variables	involving Integers
 Represent, with words,	Sums	involving Integers
 Represent, with words,	Differences	involving Integers
 Represent, with words,	Products	involving Integers
 Represent, with words,	Quotients	involving Integers
 Represent, with words,	Remainders	involving Integers
 Represent, with words,	Samples	involving Integers
 Represent, with words,	Random Samples	involving Integers
