Remember	Numerical Expressions	involving Integers
 Remember	Numerical Equations	involving Integers
 Remember	Properties of Objects	involving Integers
 Remember	Properties of Operations	involving Integers
 Remember	Multiples	involving Integers
 Remember	Common Multiples	involving Integers
 Remember	Place Values	involving Integers
 Remember	Standard Units	involving Integers
 Remember	SI Units	involving Integers
 Remember	Data	involving Integers
 Remember	Ratios	involving Integers
 Remember	Proportions	involving Integers
 Remember	Numerical Inequalities	involving Integers
 Remember	Algebraic Equations	involving Integers
 Remember	Algebraic Inequalities	involving Integers
 Remember	Lines	involving Integers
 Remember	Linear Equations	involving Integers
 Remember	Simultaneous Equations	involving Integers
 Remember	Sets	involving Integers
 Remember	Elements	involving Integers
 Remember	Independent Variables	involving Integers
 Remember	Sums	involving Integers
 Remember	Differences	involving Integers
 Remember	Products	involving Integers
 Remember	Quotients	involving Integers
 Remember	Remainders	involving Integers
 Remember	Samples	involving Integers
 Remember	Random Samples	involving Integers
 Evaluate	Numerical Expressions	involving Integers
 Evaluate	Numerical Equations	involving Integers
 Evaluate	Properties of Objects	involving Integers
 Evaluate	Properties of Operations	involving Integers
 Evaluate	Multiples	involving Integers
 Evaluate	Common Multiples	involving Integers
 Evaluate	Place Values	involving Integers
 Evaluate	Standard Units	involving Integers
 Evaluate	SI Units	involving Integers
 Evaluate	Data	involving Integers
 Evaluate	Ratios	involving Integers
 Evaluate	Proportions	involving Integers
 Evaluate	Numerical Inequalities	involving Integers
 Evaluate	Algebraic Equations	involving Integers
 Evaluate	Algebraic Inequalities	involving Integers
 Evaluate	Lines	involving Integers
 Evaluate	Linear Equations	involving Integers
 Evaluate	Simultaneous Equations	involving Integers
 Evaluate	Sets	involving Integers
 Evaluate	Elements	involving Integers
 Evaluate	Independent Variables	involving Integers
 Evaluate	Sums	involving Integers
 Evaluate	Differences	involving Integers
 Evaluate	Products	involving Integers
 Evaluate	Quotients	involving Integers
 Evaluate	Remainders	involving Integers
 Evaluate	Samples	involving Integers
 Evaluate	Random Samples	involving Integers
 Create	Numerical Expressions	involving Integers
 Create	Numerical Equations	involving Integers
 Create	Properties of Objects	involving Integers
 Create	Properties of Operations	involving Integers
 Create	Multiples	involving Integers
 Create	Common Multiples	involving Integers
 Create	Place Values	involving Integers
 Create	Standard Units	involving Integers
 Create	SI Units	involving Integers
 Create	Data	involving Integers
 Create	Ratios	involving Integers
 Create	Proportions	involving Integers
 Create	Numerical Inequalities	involving Integers
 Create	Algebraic Equations	involving Integers
 Create	Algebraic Inequalities	involving Integers
 Create	Lines	involving Integers
 Create	Linear Equations	involving Integers
 Create	Simultaneous Equations	involving Integers
 Create	Sets	involving Integers
 Create	Elements	involving Integers
 Create	Independent Variables	involving Integers
 Create	Sums	involving Integers
 Create	Differences	involving Integers
 Create	Products	involving Integers
 Create	Quotients	involving Integers
 Create	Remainders	involving Integers
 Create	Samples	involving Integers
 Create	Random Samples	involving Integers
 Understand	Numerical Expressions	involving Integers
 Understand	Numerical Equations	involving Integers
 Understand	Properties of Objects	involving Integers
 Understand	Properties of Operations	involving Integers
 Understand	Multiples	involving Integers
 Understand	Common Multiples	involving Integers
 Understand	Place Values	involving Integers
 Understand	Standard Units	involving Integers
 Understand	SI Units	involving Integers
 Understand	Data	involving Integers
 Understand	Ratios	involving Integers
 Understand	Proportions	involving Integers
 Understand	Numerical Inequalities	involving Integers
 Understand	Algebraic Equations	involving Integers
 Understand	Algebraic Inequalities	involving Integers
 Understand	Lines	involving Integers
 Understand	Linear Equations	involving Integers
 Understand	Simultaneous Equations	involving Integers
 Understand	Sets	involving Integers
 Understand	Elements	involving Integers
 Understand	Independent Variables	involving Integers
 Understand	Sums	involving Integers
 Understand	Differences	involving Integers
 Understand	Products	involving Integers
 Understand	Quotients	involving Integers
 Understand	Remainders	involving Integers
 Understand	Samples	involving Integers
 Understand	Random Samples	involving Integers
 Apply	Numerical Expressions	involving Integers
 Apply	Numerical Equations	involving Integers
 Apply	Properties of Objects	involving Integers
 Apply	Properties of Operations	involving Integers
 Apply	Multiples	involving Integers
 Apply	Common Multiples	involving Integers
 Apply	Place Values	involving Integers
 Apply	Standard Units	involving Integers
 Apply	SI Units	involving Integers
 Apply	Data	involving Integers
 Apply	Ratios	involving Integers
 Apply	Proportions	involving Integers
 Apply	Numerical Inequalities	involving Integers
 Apply	Algebraic Equations	involving Integers
 Apply	Algebraic Inequalities	involving Integers
 Apply	Lines	involving Integers
 Apply	Linear Equations	involving Integers
 Apply	Simultaneous Equations	involving Integers
 Apply	Sets	involving Integers
 Apply	Elements	involving Integers
 Apply	Independent Variables	involving Integers
 Apply	Sums	involving Integers
 Apply	Differences	involving Integers
 Apply	Products	involving Integers
 Apply	Quotients	involving Integers
 Apply	Remainders	involving Integers
 Apply	Samples	involving Integers
 Apply	Random Samples	involving Integers
 Analyze	Numerical Expressions	involving Integers
 Analyze	Numerical Equations	involving Integers
 Analyze	Properties of Objects	involving Integers
 Analyze	Properties of Operations	involving Integers
 Analyze	Multiples	involving Integers
 Analyze	Common Multiples	involving Integers
 Analyze	Place Values	involving Integers
 Analyze	Standard Units	involving Integers
 Analyze	SI Units	involving Integers
 Analyze	Data	involving Integers
 Analyze	Ratios	involving Integers
 Analyze	Proportions	involving Integers
 Analyze	Numerical Inequalities	involving Integers
 Analyze	Algebraic Equations	involving Integers
 Analyze	Algebraic Inequalities	involving Integers
 Analyze	Lines	involving Integers
 Analyze	Linear Equations	involving Integers
 Analyze	Simultaneous Equations	involving Integers
 Analyze	Sets	involving Integers
 Analyze	Elements	involving Integers
 Analyze	Independent Variables	involving Integers
 Analyze	Sums	involving Integers
 Analyze	Differences	involving Integers
 Analyze	Products	involving Integers
 Analyze	Quotients	involving Integers
 Analyze	Remainders	involving Integers
 Analyze	Samples	involving Integers
 Analyze	Random Samples	involving Integers
