Read	Sequencing	Numbers	involving Rational Numbers
 Read	Sequencing	Terms	involving Rational Numbers
 Read	Sequencing	Factors	involving Rational Numbers
 Read	Sequencing	Angles	involving Rational Numbers
 Read	Sequencing	Algebraic Expressions	involving Rational Numbers
 Read	Sequencing	Variables	involving Rational Numbers
 Read	Sequencing	Functions	involving Rational Numbers
 Read	Sequencing	Arrays	involving Rational Numbers
 Read	Ordering	Numbers	involving Rational Numbers
 Read	Ordering	Terms	involving Rational Numbers
 Read	Ordering	Factors	involving Rational Numbers
 Read	Ordering	Angles	involving Rational Numbers
 Read	Ordering	Algebraic Expressions	involving Rational Numbers
 Read	Ordering	Variables	involving Rational Numbers
 Read	Ordering	Functions	involving Rational Numbers
 Read	Ordering	Arrays	involving Rational Numbers
 Read	Adding	Numbers	involving Rational Numbers
 Read	Adding	Terms	involving Rational Numbers
 Read	Adding	Factors	involving Rational Numbers
 Read	Adding	Angles	involving Rational Numbers
 Read	Adding	Algebraic Expressions	involving Rational Numbers
 Read	Adding	Variables	involving Rational Numbers
 Read	Adding	Functions	involving Rational Numbers
 Read	Adding	Arrays	involving Rational Numbers
 Read	Subtracting	Numbers	involving Rational Numbers
 Read	Subtracting	Terms	involving Rational Numbers
 Read	Subtracting	Factors	involving Rational Numbers
 Read	Subtracting	Angles	involving Rational Numbers
 Read	Subtracting	Algebraic Expressions	involving Rational Numbers
 Read	Subtracting	Variables	involving Rational Numbers
 Read	Subtracting	Functions	involving Rational Numbers
 Read	Subtracting	Arrays	involving Rational Numbers
 Read	Multiplying	Numbers	involving Rational Numbers
 Read	Multiplying	Terms	involving Rational Numbers
 Read	Multiplying	Factors	involving Rational Numbers
 Read	Multiplying	Angles	involving Rational Numbers
 Read	Multiplying	Algebraic Expressions	involving Rational Numbers
 Read	Multiplying	Variables	involving Rational Numbers
 Read	Multiplying	Functions	involving Rational Numbers
 Read	Multiplying	Arrays	involving Rational Numbers
 Read	Dividing	Numbers	involving Rational Numbers
 Read	Dividing	Terms	involving Rational Numbers
 Read	Dividing	Factors	involving Rational Numbers
 Read	Dividing	Angles	involving Rational Numbers
 Read	Dividing	Algebraic Expressions	involving Rational Numbers
 Read	Dividing	Variables	involving Rational Numbers
 Read	Dividing	Functions	involving Rational Numbers
 Read	Dividing	Arrays	involving Rational Numbers
 Read	Negating	Numbers	involving Rational Numbers
 Read	Negating	Terms	involving Rational Numbers
 Read	Negating	Factors	involving Rational Numbers
 Read	Negating	Angles	involving Rational Numbers
 Read	Negating	Algebraic Expressions	involving Rational Numbers
 Read	Negating	Variables	involving Rational Numbers
 Read	Negating	Functions	involving Rational Numbers
 Read	Negating	Arrays	involving Rational Numbers
 Read	Exponentiating	Numbers	involving Rational Numbers
 Read	Exponentiating	Terms	involving Rational Numbers
 Read	Exponentiating	Factors	involving Rational Numbers
 Read	Exponentiating	Angles	involving Rational Numbers
 Read	Exponentiating	Algebraic Expressions	involving Rational Numbers
 Read	Exponentiating	Variables	involving Rational Numbers
 Read	Exponentiating	Functions	involving Rational Numbers
 Read	Exponentiating	Arrays	involving Rational Numbers
 Read	Grouping	Numbers	involving Rational Numbers
 Read	Grouping	Terms	involving Rational Numbers
 Read	Grouping	Factors	involving Rational Numbers
 Read	Grouping	Angles	involving Rational Numbers
 Read	Grouping	Algebraic Expressions	involving Rational Numbers
 Read	Grouping	Variables	involving Rational Numbers
 Read	Grouping	Functions	involving Rational Numbers
 Read	Grouping	Arrays	involving Rational Numbers
 Recite	Sequencing	Numbers	involving Rational Numbers
 Recite	Sequencing	Terms	involving Rational Numbers
 Recite	Sequencing	Factors	involving Rational Numbers
 Recite	Sequencing	Angles	involving Rational Numbers
 Recite	Sequencing	Algebraic Expressions	involving Rational Numbers
 Recite	Sequencing	Variables	involving Rational Numbers
 Recite	Sequencing	Functions	involving Rational Numbers
 Recite	Sequencing	Arrays	involving Rational Numbers
 Recite	Ordering	Numbers	involving Rational Numbers
 Recite	Ordering	Terms	involving Rational Numbers
 Recite	Ordering	Factors	involving Rational Numbers
 Recite	Ordering	Angles	involving Rational Numbers
 Recite	Ordering	Algebraic Expressions	involving Rational Numbers
 Recite	Ordering	Variables	involving Rational Numbers
 Recite	Ordering	Functions	involving Rational Numbers
 Recite	Ordering	Arrays	involving Rational Numbers
 Recite	Adding	Numbers	involving Rational Numbers
 Recite	Adding	Terms	involving Rational Numbers
 Recite	Adding	Factors	involving Rational Numbers
 Recite	Adding	Angles	involving Rational Numbers
 Recite	Adding	Algebraic Expressions	involving Rational Numbers
 Recite	Adding	Variables	involving Rational Numbers
 Recite	Adding	Functions	involving Rational Numbers
 Recite	Adding	Arrays	involving Rational Numbers
 Recite	Subtracting	Numbers	involving Rational Numbers
 Recite	Subtracting	Terms	involving Rational Numbers
 Recite	Subtracting	Factors	involving Rational Numbers
 Recite	Subtracting	Angles	involving Rational Numbers
 Recite	Subtracting	Algebraic Expressions	involving Rational Numbers
 Recite	Subtracting	Variables	involving Rational Numbers
 Recite	Subtracting	Functions	involving Rational Numbers
 Recite	Subtracting	Arrays	involving Rational Numbers
 Recite	Multiplying	Numbers	involving Rational Numbers
 Recite	Multiplying	Terms	involving Rational Numbers
 Recite	Multiplying	Factors	involving Rational Numbers
 Recite	Multiplying	Angles	involving Rational Numbers
 Recite	Multiplying	Algebraic Expressions	involving Rational Numbers
 Recite	Multiplying	Variables	involving Rational Numbers
 Recite	Multiplying	Functions	involving Rational Numbers
 Recite	Multiplying	Arrays	involving Rational Numbers
 Recite	Dividing	Numbers	involving Rational Numbers
 Recite	Dividing	Terms	involving Rational Numbers
 Recite	Dividing	Factors	involving Rational Numbers
 Recite	Dividing	Angles	involving Rational Numbers
 Recite	Dividing	Algebraic Expressions	involving Rational Numbers
 Recite	Dividing	Variables	involving Rational Numbers
 Recite	Dividing	Functions	involving Rational Numbers
 Recite	Dividing	Arrays	involving Rational Numbers
 Recite	Negating	Numbers	involving Rational Numbers
 Recite	Negating	Terms	involving Rational Numbers
 Recite	Negating	Factors	involving Rational Numbers
 Recite	Negating	Angles	involving Rational Numbers
 Recite	Negating	Algebraic Expressions	involving Rational Numbers
 Recite	Negating	Variables	involving Rational Numbers
 Recite	Negating	Functions	involving Rational Numbers
 Recite	Negating	Arrays	involving Rational Numbers
 Recite	Exponentiating	Numbers	involving Rational Numbers
 Recite	Exponentiating	Terms	involving Rational Numbers
 Recite	Exponentiating	Factors	involving Rational Numbers
 Recite	Exponentiating	Angles	involving Rational Numbers
 Recite	Exponentiating	Algebraic Expressions	involving Rational Numbers
 Recite	Exponentiating	Variables	involving Rational Numbers
 Recite	Exponentiating	Functions	involving Rational Numbers
 Recite	Exponentiating	Arrays	involving Rational Numbers
 Recite	Grouping	Numbers	involving Rational Numbers
 Recite	Grouping	Terms	involving Rational Numbers
 Recite	Grouping	Factors	involving Rational Numbers
 Recite	Grouping	Angles	involving Rational Numbers
 Recite	Grouping	Algebraic Expressions	involving Rational Numbers
 Recite	Grouping	Variables	involving Rational Numbers
 Recite	Grouping	Functions	involving Rational Numbers
 Recite	Grouping	Arrays	involving Rational Numbers
 Write	Sequencing	Numbers	involving Rational Numbers
 Write	Sequencing	Terms	involving Rational Numbers
 Write	Sequencing	Factors	involving Rational Numbers
 Write	Sequencing	Angles	involving Rational Numbers
 Write	Sequencing	Algebraic Expressions	involving Rational Numbers
 Write	Sequencing	Variables	involving Rational Numbers
 Write	Sequencing	Functions	involving Rational Numbers
 Write	Sequencing	Arrays	involving Rational Numbers
 Write	Ordering	Numbers	involving Rational Numbers
 Write	Ordering	Terms	involving Rational Numbers
 Write	Ordering	Factors	involving Rational Numbers
 Write	Ordering	Angles	involving Rational Numbers
 Write	Ordering	Algebraic Expressions	involving Rational Numbers
 Write	Ordering	Variables	involving Rational Numbers
 Write	Ordering	Functions	involving Rational Numbers
 Write	Ordering	Arrays	involving Rational Numbers
 Write	Adding	Numbers	involving Rational Numbers
 Write	Adding	Terms	involving Rational Numbers
 Write	Adding	Factors	involving Rational Numbers
 Write	Adding	Angles	involving Rational Numbers
 Write	Adding	Algebraic Expressions	involving Rational Numbers
 Write	Adding	Variables	involving Rational Numbers
 Write	Adding	Functions	involving Rational Numbers
 Write	Adding	Arrays	involving Rational Numbers
 Write	Subtracting	Numbers	involving Rational Numbers
 Write	Subtracting	Terms	involving Rational Numbers
 Write	Subtracting	Factors	involving Rational Numbers
 Write	Subtracting	Angles	involving Rational Numbers
 Write	Subtracting	Algebraic Expressions	involving Rational Numbers
 Write	Subtracting	Variables	involving Rational Numbers
 Write	Subtracting	Functions	involving Rational Numbers
 Write	Subtracting	Arrays	involving Rational Numbers
 Write	Multiplying	Numbers	involving Rational Numbers
 Write	Multiplying	Terms	involving Rational Numbers
 Write	Multiplying	Factors	involving Rational Numbers
 Write	Multiplying	Angles	involving Rational Numbers
 Write	Multiplying	Algebraic Expressions	involving Rational Numbers
 Write	Multiplying	Variables	involving Rational Numbers
 Write	Multiplying	Functions	involving Rational Numbers
 Write	Multiplying	Arrays	involving Rational Numbers
 Write	Dividing	Numbers	involving Rational Numbers
 Write	Dividing	Terms	involving Rational Numbers
 Write	Dividing	Factors	involving Rational Numbers
 Write	Dividing	Angles	involving Rational Numbers
 Write	Dividing	Algebraic Expressions	involving Rational Numbers
 Write	Dividing	Variables	involving Rational Numbers
 Write	Dividing	Functions	involving Rational Numbers
 Write	Dividing	Arrays	involving Rational Numbers
 Write	Negating	Numbers	involving Rational Numbers
 Write	Negating	Terms	involving Rational Numbers
 Write	Negating	Factors	involving Rational Numbers
 Write	Negating	Angles	involving Rational Numbers
 Write	Negating	Algebraic Expressions	involving Rational Numbers
 Write	Negating	Variables	involving Rational Numbers
 Write	Negating	Functions	involving Rational Numbers
 Write	Negating	Arrays	involving Rational Numbers
 Write	Exponentiating	Numbers	involving Rational Numbers
 Write	Exponentiating	Terms	involving Rational Numbers
 Write	Exponentiating	Factors	involving Rational Numbers
 Write	Exponentiating	Angles	involving Rational Numbers
 Write	Exponentiating	Algebraic Expressions	involving Rational Numbers
 Write	Exponentiating	Variables	involving Rational Numbers
 Write	Exponentiating	Functions	involving Rational Numbers
 Write	Exponentiating	Arrays	involving Rational Numbers
 Write	Grouping	Numbers	involving Rational Numbers
 Write	Grouping	Terms	involving Rational Numbers
 Write	Grouping	Factors	involving Rational Numbers
 Write	Grouping	Angles	involving Rational Numbers
 Write	Grouping	Algebraic Expressions	involving Rational Numbers
 Write	Grouping	Variables	involving Rational Numbers
 Write	Grouping	Functions	involving Rational Numbers
 Write	Grouping	Arrays	involving Rational Numbers
 Represent	Sequencing	Numbers	involving Rational Numbers
 Represent	Sequencing	Terms	involving Rational Numbers
 Represent	Sequencing	Factors	involving Rational Numbers
 Represent	Sequencing	Angles	involving Rational Numbers
 Represent	Sequencing	Algebraic Expressions	involving Rational Numbers
 Represent	Sequencing	Variables	involving Rational Numbers
 Represent	Sequencing	Functions	involving Rational Numbers
 Represent	Sequencing	Arrays	involving Rational Numbers
 Represent	Ordering	Numbers	involving Rational Numbers
 Represent	Ordering	Terms	involving Rational Numbers
 Represent	Ordering	Factors	involving Rational Numbers
 Represent	Ordering	Angles	involving Rational Numbers
 Represent	Ordering	Algebraic Expressions	involving Rational Numbers
 Represent	Ordering	Variables	involving Rational Numbers
 Represent	Ordering	Functions	involving Rational Numbers
 Represent	Ordering	Arrays	involving Rational Numbers
 Represent	Adding	Numbers	involving Rational Numbers
 Represent	Adding	Terms	involving Rational Numbers
 Represent	Adding	Factors	involving Rational Numbers
 Represent	Adding	Angles	involving Rational Numbers
 Represent	Adding	Algebraic Expressions	involving Rational Numbers
 Represent	Adding	Variables	involving Rational Numbers
 Represent	Adding	Functions	involving Rational Numbers
 Represent	Adding	Arrays	involving Rational Numbers
 Represent	Subtracting	Numbers	involving Rational Numbers
 Represent	Subtracting	Terms	involving Rational Numbers
 Represent	Subtracting	Factors	involving Rational Numbers
 Represent	Subtracting	Angles	involving Rational Numbers
 Represent	Subtracting	Algebraic Expressions	involving Rational Numbers
 Represent	Subtracting	Variables	involving Rational Numbers
 Represent	Subtracting	Functions	involving Rational Numbers
 Represent	Subtracting	Arrays	involving Rational Numbers
 Represent	Multiplying	Numbers	involving Rational Numbers
 Represent	Multiplying	Terms	involving Rational Numbers
 Represent	Multiplying	Factors	involving Rational Numbers
 Represent	Multiplying	Angles	involving Rational Numbers
 Represent	Multiplying	Algebraic Expressions	involving Rational Numbers
 Represent	Multiplying	Variables	involving Rational Numbers
 Represent	Multiplying	Functions	involving Rational Numbers
 Represent	Multiplying	Arrays	involving Rational Numbers
 Represent	Dividing	Numbers	involving Rational Numbers
 Represent	Dividing	Terms	involving Rational Numbers
 Represent	Dividing	Factors	involving Rational Numbers
 Represent	Dividing	Angles	involving Rational Numbers
 Represent	Dividing	Algebraic Expressions	involving Rational Numbers
 Represent	Dividing	Variables	involving Rational Numbers
 Represent	Dividing	Functions	involving Rational Numbers
 Represent	Dividing	Arrays	involving Rational Numbers
 Represent	Negating	Numbers	involving Rational Numbers
 Represent	Negating	Terms	involving Rational Numbers
 Represent	Negating	Factors	involving Rational Numbers
 Represent	Negating	Angles	involving Rational Numbers
 Represent	Negating	Algebraic Expressions	involving Rational Numbers
 Represent	Negating	Variables	involving Rational Numbers
 Represent	Negating	Functions	involving Rational Numbers
 Represent	Negating	Arrays	involving Rational Numbers
 Represent	Exponentiating	Numbers	involving Rational Numbers
 Represent	Exponentiating	Terms	involving Rational Numbers
 Represent	Exponentiating	Factors	involving Rational Numbers
 Represent	Exponentiating	Angles	involving Rational Numbers
 Represent	Exponentiating	Algebraic Expressions	involving Rational Numbers
 Represent	Exponentiating	Variables	involving Rational Numbers
 Represent	Exponentiating	Functions	involving Rational Numbers
 Represent	Exponentiating	Arrays	involving Rational Numbers
 Represent	Grouping	Numbers	involving Rational Numbers
 Represent	Grouping	Terms	involving Rational Numbers
 Represent	Grouping	Factors	involving Rational Numbers
 Represent	Grouping	Angles	involving Rational Numbers
 Represent	Grouping	Algebraic Expressions	involving Rational Numbers
 Represent	Grouping	Variables	involving Rational Numbers
 Represent	Grouping	Functions	involving Rational Numbers
 Represent	Grouping	Arrays	involving Rational Numbers
 Represent, with activities,	Sequencing	Numbers	involving Rational Numbers
 Represent, with activities,	Sequencing	Terms	involving Rational Numbers
 Represent, with activities,	Sequencing	Factors	involving Rational Numbers
 Represent, with activities,	Sequencing	Angles	involving Rational Numbers
 Represent, with activities,	Sequencing	Algebraic Expressions	involving Rational Numbers
 Represent, with activities,	Sequencing	Variables	involving Rational Numbers
 Represent, with activities,	Sequencing	Functions	involving Rational Numbers
 Represent, with activities,	Sequencing	Arrays	involving Rational Numbers
 Represent, with activities,	Ordering	Numbers	involving Rational Numbers
 Represent, with activities,	Ordering	Terms	involving Rational Numbers
 Represent, with activities,	Ordering	Factors	involving Rational Numbers
 Represent, with activities,	Ordering	Angles	involving Rational Numbers
 Represent, with activities,	Ordering	Algebraic Expressions	involving Rational Numbers
 Represent, with activities,	Ordering	Variables	involving Rational Numbers
 Represent, with activities,	Ordering	Functions	involving Rational Numbers
 Represent, with activities,	Ordering	Arrays	involving Rational Numbers
 Represent, with activities,	Adding	Numbers	involving Rational Numbers
 Represent, with activities,	Adding	Terms	involving Rational Numbers
 Represent, with activities,	Adding	Factors	involving Rational Numbers
 Represent, with activities,	Adding	Angles	involving Rational Numbers
 Represent, with activities,	Adding	Algebraic Expressions	involving Rational Numbers
 Represent, with activities,	Adding	Variables	involving Rational Numbers
 Represent, with activities,	Adding	Functions	involving Rational Numbers
 Represent, with activities,	Adding	Arrays	involving Rational Numbers
 Represent, with activities,	Subtracting	Numbers	involving Rational Numbers
 Represent, with activities,	Subtracting	Terms	involving Rational Numbers
 Represent, with activities,	Subtracting	Factors	involving Rational Numbers
 Represent, with activities,	Subtracting	Angles	involving Rational Numbers
 Represent, with activities,	Subtracting	Algebraic Expressions	involving Rational Numbers
 Represent, with activities,	Subtracting	Variables	involving Rational Numbers
 Represent, with activities,	Subtracting	Functions	involving Rational Numbers
 Represent, with activities,	Subtracting	Arrays	involving Rational Numbers
 Represent, with activities,	Multiplying	Numbers	involving Rational Numbers
 Represent, with activities,	Multiplying	Terms	involving Rational Numbers
 Represent, with activities,	Multiplying	Factors	involving Rational Numbers
 Represent, with activities,	Multiplying	Angles	involving Rational Numbers
 Represent, with activities,	Multiplying	Algebraic Expressions	involving Rational Numbers
 Represent, with activities,	Multiplying	Variables	involving Rational Numbers
 Represent, with activities,	Multiplying	Functions	involving Rational Numbers
 Represent, with activities,	Multiplying	Arrays	involving Rational Numbers
 Represent, with activities,	Dividing	Numbers	involving Rational Numbers
 Represent, with activities,	Dividing	Terms	involving Rational Numbers
 Represent, with activities,	Dividing	Factors	involving Rational Numbers
 Represent, with activities,	Dividing	Angles	involving Rational Numbers
 Represent, with activities,	Dividing	Algebraic Expressions	involving Rational Numbers
 Represent, with activities,	Dividing	Variables	involving Rational Numbers
 Represent, with activities,	Dividing	Functions	involving Rational Numbers
 Represent, with activities,	Dividing	Arrays	involving Rational Numbers
 Represent, with activities,	Negating	Numbers	involving Rational Numbers
 Represent, with activities,	Negating	Terms	involving Rational Numbers
 Represent, with activities,	Negating	Factors	involving Rational Numbers
 Represent, with activities,	Negating	Angles	involving Rational Numbers
 Represent, with activities,	Negating	Algebraic Expressions	involving Rational Numbers
 Represent, with activities,	Negating	Variables	involving Rational Numbers
 Represent, with activities,	Negating	Functions	involving Rational Numbers
 Represent, with activities,	Negating	Arrays	involving Rational Numbers
 Represent, with activities,	Exponentiating	Numbers	involving Rational Numbers
 Represent, with activities,	Exponentiating	Terms	involving Rational Numbers
 Represent, with activities,	Exponentiating	Factors	involving Rational Numbers
 Represent, with activities,	Exponentiating	Angles	involving Rational Numbers
 Represent, with activities,	Exponentiating	Algebraic Expressions	involving Rational Numbers
 Represent, with activities,	Exponentiating	Variables	involving Rational Numbers
 Represent, with activities,	Exponentiating	Functions	involving Rational Numbers
 Represent, with activities,	Exponentiating	Arrays	involving Rational Numbers
 Represent, with activities,	Grouping	Numbers	involving Rational Numbers
 Represent, with activities,	Grouping	Terms	involving Rational Numbers
 Represent, with activities,	Grouping	Factors	involving Rational Numbers
 Represent, with activities,	Grouping	Angles	involving Rational Numbers
 Represent, with activities,	Grouping	Algebraic Expressions	involving Rational Numbers
 Represent, with activities,	Grouping	Variables	involving Rational Numbers
 Represent, with activities,	Grouping	Functions	involving Rational Numbers
 Represent, with activities,	Grouping	Arrays	involving Rational Numbers
 Represent, with words,	Sequencing	Numbers	involving Rational Numbers
 Represent, with words,	Sequencing	Terms	involving Rational Numbers
 Represent, with words,	Sequencing	Factors	involving Rational Numbers
 Represent, with words,	Sequencing	Angles	involving Rational Numbers
 Represent, with words,	Sequencing	Algebraic Expressions	involving Rational Numbers
 Represent, with words,	Sequencing	Variables	involving Rational Numbers
 Represent, with words,	Sequencing	Functions	involving Rational Numbers
 Represent, with words,	Sequencing	Arrays	involving Rational Numbers
 Represent, with words,	Ordering	Numbers	involving Rational Numbers
 Represent, with words,	Ordering	Terms	involving Rational Numbers
 Represent, with words,	Ordering	Factors	involving Rational Numbers
 Represent, with words,	Ordering	Angles	involving Rational Numbers
 Represent, with words,	Ordering	Algebraic Expressions	involving Rational Numbers
 Represent, with words,	Ordering	Variables	involving Rational Numbers
 Represent, with words,	Ordering	Functions	involving Rational Numbers
 Represent, with words,	Ordering	Arrays	involving Rational Numbers
 Represent, with words,	Adding	Numbers	involving Rational Numbers
 Represent, with words,	Adding	Terms	involving Rational Numbers
 Represent, with words,	Adding	Factors	involving Rational Numbers
 Represent, with words,	Adding	Angles	involving Rational Numbers
 Represent, with words,	Adding	Algebraic Expressions	involving Rational Numbers
 Represent, with words,	Adding	Variables	involving Rational Numbers
 Represent, with words,	Adding	Functions	involving Rational Numbers
 Represent, with words,	Adding	Arrays	involving Rational Numbers
 Represent, with words,	Subtracting	Numbers	involving Rational Numbers
 Represent, with words,	Subtracting	Terms	involving Rational Numbers
 Represent, with words,	Subtracting	Factors	involving Rational Numbers
 Represent, with words,	Subtracting	Angles	involving Rational Numbers
 Represent, with words,	Subtracting	Algebraic Expressions	involving Rational Numbers
 Represent, with words,	Subtracting	Variables	involving Rational Numbers
 Represent, with words,	Subtracting	Functions	involving Rational Numbers
 Represent, with words,	Subtracting	Arrays	involving Rational Numbers
 Represent, with words,	Multiplying	Numbers	involving Rational Numbers
 Represent, with words,	Multiplying	Terms	involving Rational Numbers
 Represent, with words,	Multiplying	Factors	involving Rational Numbers
 Represent, with words,	Multiplying	Angles	involving Rational Numbers
 Represent, with words,	Multiplying	Algebraic Expressions	involving Rational Numbers
 Represent, with words,	Multiplying	Variables	involving Rational Numbers
 Represent, with words,	Multiplying	Functions	involving Rational Numbers
 Represent, with words,	Multiplying	Arrays	involving Rational Numbers
 Represent, with words,	Dividing	Numbers	involving Rational Numbers
 Represent, with words,	Dividing	Terms	involving Rational Numbers
 Represent, with words,	Dividing	Factors	involving Rational Numbers
 Represent, with words,	Dividing	Angles	involving Rational Numbers
 Represent, with words,	Dividing	Algebraic Expressions	involving Rational Numbers
 Represent, with words,	Dividing	Variables	involving Rational Numbers
 Represent, with words,	Dividing	Functions	involving Rational Numbers
 Represent, with words,	Dividing	Arrays	involving Rational Numbers
 Represent, with words,	Negating	Numbers	involving Rational Numbers
 Represent, with words,	Negating	Terms	involving Rational Numbers
 Represent, with words,	Negating	Factors	involving Rational Numbers
 Represent, with words,	Negating	Angles	involving Rational Numbers
 Represent, with words,	Negating	Algebraic Expressions	involving Rational Numbers
 Represent, with words,	Negating	Variables	involving Rational Numbers
 Represent, with words,	Negating	Functions	involving Rational Numbers
 Represent, with words,	Negating	Arrays	involving Rational Numbers
 Represent, with words,	Exponentiating	Numbers	involving Rational Numbers
 Represent, with words,	Exponentiating	Terms	involving Rational Numbers
 Represent, with words,	Exponentiating	Factors	involving Rational Numbers
 Represent, with words,	Exponentiating	Angles	involving Rational Numbers
 Represent, with words,	Exponentiating	Algebraic Expressions	involving Rational Numbers
 Represent, with words,	Exponentiating	Variables	involving Rational Numbers
 Represent, with words,	Exponentiating	Functions	involving Rational Numbers
 Represent, with words,	Exponentiating	Arrays	involving Rational Numbers
 Represent, with words,	Grouping	Numbers	involving Rational Numbers
 Represent, with words,	Grouping	Terms	involving Rational Numbers
 Represent, with words,	Grouping	Factors	involving Rational Numbers
 Represent, with words,	Grouping	Angles	involving Rational Numbers
 Represent, with words,	Grouping	Algebraic Expressions	involving Rational Numbers
 Represent, with words,	Grouping	Variables	involving Rational Numbers
 Represent, with words,	Grouping	Functions	involving Rational Numbers
 Represent, with words,	Grouping	Arrays	involving Rational Numbers
 Randomly sample	Sequencing	Numbers	involving Rational Numbers
 Randomly sample	Sequencing	Terms	involving Rational Numbers
 Randomly sample	Sequencing	Factors	involving Rational Numbers
 Randomly sample	Sequencing	Angles	involving Rational Numbers
 Randomly sample	Sequencing	Algebraic Expressions	involving Rational Numbers
 Randomly sample	Sequencing	Variables	involving Rational Numbers
 Randomly sample	Sequencing	Functions	involving Rational Numbers
 Randomly sample	Sequencing	Arrays	involving Rational Numbers
 Randomly sample	Ordering	Numbers	involving Rational Numbers
 Randomly sample	Ordering	Terms	involving Rational Numbers
 Randomly sample	Ordering	Factors	involving Rational Numbers
 Randomly sample	Ordering	Angles	involving Rational Numbers
 Randomly sample	Ordering	Algebraic Expressions	involving Rational Numbers
 Randomly sample	Ordering	Variables	involving Rational Numbers
 Randomly sample	Ordering	Functions	involving Rational Numbers
 Randomly sample	Ordering	Arrays	involving Rational Numbers
 Randomly sample	Adding	Numbers	involving Rational Numbers
 Randomly sample	Adding	Terms	involving Rational Numbers
 Randomly sample	Adding	Factors	involving Rational Numbers
 Randomly sample	Adding	Angles	involving Rational Numbers
 Randomly sample	Adding	Algebraic Expressions	involving Rational Numbers
 Randomly sample	Adding	Variables	involving Rational Numbers
 Randomly sample	Adding	Functions	involving Rational Numbers
 Randomly sample	Adding	Arrays	involving Rational Numbers
 Randomly sample	Subtracting	Numbers	involving Rational Numbers
 Randomly sample	Subtracting	Terms	involving Rational Numbers
 Randomly sample	Subtracting	Factors	involving Rational Numbers
 Randomly sample	Subtracting	Angles	involving Rational Numbers
 Randomly sample	Subtracting	Algebraic Expressions	involving Rational Numbers
 Randomly sample	Subtracting	Variables	involving Rational Numbers
 Randomly sample	Subtracting	Functions	involving Rational Numbers
 Randomly sample	Subtracting	Arrays	involving Rational Numbers
 Randomly sample	Multiplying	Numbers	involving Rational Numbers
 Randomly sample	Multiplying	Terms	involving Rational Numbers
 Randomly sample	Multiplying	Factors	involving Rational Numbers
 Randomly sample	Multiplying	Angles	involving Rational Numbers
 Randomly sample	Multiplying	Algebraic Expressions	involving Rational Numbers
 Randomly sample	Multiplying	Variables	involving Rational Numbers
 Randomly sample	Multiplying	Functions	involving Rational Numbers
 Randomly sample	Multiplying	Arrays	involving Rational Numbers
 Randomly sample	Dividing	Numbers	involving Rational Numbers
 Randomly sample	Dividing	Terms	involving Rational Numbers
 Randomly sample	Dividing	Factors	involving Rational Numbers
 Randomly sample	Dividing	Angles	involving Rational Numbers
 Randomly sample	Dividing	Algebraic Expressions	involving Rational Numbers
 Randomly sample	Dividing	Variables	involving Rational Numbers
 Randomly sample	Dividing	Functions	involving Rational Numbers
 Randomly sample	Dividing	Arrays	involving Rational Numbers
 Randomly sample	Negating	Numbers	involving Rational Numbers
 Randomly sample	Negating	Terms	involving Rational Numbers
 Randomly sample	Negating	Factors	involving Rational Numbers
 Randomly sample	Negating	Angles	involving Rational Numbers
 Randomly sample	Negating	Algebraic Expressions	involving Rational Numbers
 Randomly sample	Negating	Variables	involving Rational Numbers
 Randomly sample	Negating	Functions	involving Rational Numbers
 Randomly sample	Negating	Arrays	involving Rational Numbers
 Randomly sample	Exponentiating	Numbers	involving Rational Numbers
 Randomly sample	Exponentiating	Terms	involving Rational Numbers
 Randomly sample	Exponentiating	Factors	involving Rational Numbers
 Randomly sample	Exponentiating	Angles	involving Rational Numbers
 Randomly sample	Exponentiating	Algebraic Expressions	involving Rational Numbers
 Randomly sample	Exponentiating	Variables	involving Rational Numbers
 Randomly sample	Exponentiating	Functions	involving Rational Numbers
 Randomly sample	Exponentiating	Arrays	involving Rational Numbers
 Randomly sample	Grouping	Numbers	involving Rational Numbers
 Randomly sample	Grouping	Terms	involving Rational Numbers
 Randomly sample	Grouping	Factors	involving Rational Numbers
 Randomly sample	Grouping	Angles	involving Rational Numbers
 Randomly sample	Grouping	Algebraic Expressions	involving Rational Numbers
 Randomly sample	Grouping	Variables	involving Rational Numbers
 Randomly sample	Grouping	Functions	involving Rational Numbers
 Randomly sample	Grouping	Arrays	involving Rational Numbers
