Remember	Numerical Expressions	involving Rational Numbers
 Remember	Numerical Equations	involving Rational Numbers
 Remember	Properties of Objects	involving Rational Numbers
 Remember	Properties of Operations	involving Rational Numbers
 Remember	Patterns	involving Rational Numbers
 Remember	Common Factors	involving Rational Numbers
 Remember	Multiples	involving Rational Numbers
 Remember	Common Multiples	involving Rational Numbers
 Remember	Data	involving Rational Numbers
 Remember	Ratios	involving Rational Numbers
 Remember	Proportions	involving Rational Numbers
 Remember	Numerical Inequalities	involving Rational Numbers
 Remember	Algebraic Equations	involving Rational Numbers
 Remember	Algebraic Inequalities	involving Rational Numbers
 Remember	Linear Equations	involving Rational Numbers
 Remember	Simultaneous Equations	involving Rational Numbers
 Remember	Statistical Variability	involving Rational Numbers
 Remember	Distributions	involving Rational Numbers
 Remember	Probability Models	involving Rational Numbers
 Remember	Bivariate Data	involving Rational Numbers
 Remember	Observations	involving Rational Numbers
 Remember	Sums	involving Rational Numbers
 Remember	Differences	involving Rational Numbers
 Remember	Products	involving Rational Numbers
 Remember	Quotients	involving Rational Numbers
 Remember	Remainders	involving Rational Numbers
 Remember	Samples	involving Rational Numbers
 Remember	Random Samples	involving Rational Numbers
 Evaluate	Numerical Expressions	involving Rational Numbers
 Evaluate	Numerical Equations	involving Rational Numbers
 Evaluate	Properties of Objects	involving Rational Numbers
 Evaluate	Properties of Operations	involving Rational Numbers
 Evaluate	Patterns	involving Rational Numbers
 Evaluate	Common Factors	involving Rational Numbers
 Evaluate	Multiples	involving Rational Numbers
 Evaluate	Common Multiples	involving Rational Numbers
 Evaluate	Data	involving Rational Numbers
 Evaluate	Ratios	involving Rational Numbers
 Evaluate	Proportions	involving Rational Numbers
 Evaluate	Numerical Inequalities	involving Rational Numbers
 Evaluate	Algebraic Equations	involving Rational Numbers
 Evaluate	Algebraic Inequalities	involving Rational Numbers
 Evaluate	Linear Equations	involving Rational Numbers
 Evaluate	Simultaneous Equations	involving Rational Numbers
 Evaluate	Statistical Variability	involving Rational Numbers
 Evaluate	Distributions	involving Rational Numbers
 Evaluate	Probability Models	involving Rational Numbers
 Evaluate	Bivariate Data	involving Rational Numbers
 Evaluate	Observations	involving Rational Numbers
 Evaluate	Sums	involving Rational Numbers
 Evaluate	Differences	involving Rational Numbers
 Evaluate	Products	involving Rational Numbers
 Evaluate	Quotients	involving Rational Numbers
 Evaluate	Remainders	involving Rational Numbers
 Evaluate	Samples	involving Rational Numbers
 Evaluate	Random Samples	involving Rational Numbers
 Create	Numerical Expressions	involving Rational Numbers
 Create	Numerical Equations	involving Rational Numbers
 Create	Properties of Objects	involving Rational Numbers
 Create	Properties of Operations	involving Rational Numbers
 Create	Patterns	involving Rational Numbers
 Create	Common Factors	involving Rational Numbers
 Create	Multiples	involving Rational Numbers
 Create	Common Multiples	involving Rational Numbers
 Create	Data	involving Rational Numbers
 Create	Ratios	involving Rational Numbers
 Create	Proportions	involving Rational Numbers
 Create	Numerical Inequalities	involving Rational Numbers
 Create	Algebraic Equations	involving Rational Numbers
 Create	Algebraic Inequalities	involving Rational Numbers
 Create	Linear Equations	involving Rational Numbers
 Create	Simultaneous Equations	involving Rational Numbers
 Create	Statistical Variability	involving Rational Numbers
 Create	Distributions	involving Rational Numbers
 Create	Probability Models	involving Rational Numbers
 Create	Bivariate Data	involving Rational Numbers
 Create	Observations	involving Rational Numbers
 Create	Sums	involving Rational Numbers
 Create	Differences	involving Rational Numbers
 Create	Products	involving Rational Numbers
 Create	Quotients	involving Rational Numbers
 Create	Remainders	involving Rational Numbers
 Create	Samples	involving Rational Numbers
 Create	Random Samples	involving Rational Numbers
 Understand	Numerical Expressions	involving Rational Numbers
 Understand	Numerical Equations	involving Rational Numbers
 Understand	Properties of Objects	involving Rational Numbers
 Understand	Properties of Operations	involving Rational Numbers
 Understand	Patterns	involving Rational Numbers
 Understand	Common Factors	involving Rational Numbers
 Understand	Multiples	involving Rational Numbers
 Understand	Common Multiples	involving Rational Numbers
 Understand	Data	involving Rational Numbers
 Understand	Ratios	involving Rational Numbers
 Understand	Proportions	involving Rational Numbers
 Understand	Numerical Inequalities	involving Rational Numbers
 Understand	Algebraic Equations	involving Rational Numbers
 Understand	Algebraic Inequalities	involving Rational Numbers
 Understand	Linear Equations	involving Rational Numbers
 Understand	Simultaneous Equations	involving Rational Numbers
 Understand	Statistical Variability	involving Rational Numbers
 Understand	Distributions	involving Rational Numbers
 Understand	Probability Models	involving Rational Numbers
 Understand	Bivariate Data	involving Rational Numbers
 Understand	Observations	involving Rational Numbers
 Understand	Sums	involving Rational Numbers
 Understand	Differences	involving Rational Numbers
 Understand	Products	involving Rational Numbers
 Understand	Quotients	involving Rational Numbers
 Understand	Remainders	involving Rational Numbers
 Understand	Samples	involving Rational Numbers
 Understand	Random Samples	involving Rational Numbers
 Apply	Numerical Expressions	involving Rational Numbers
 Apply	Numerical Equations	involving Rational Numbers
 Apply	Properties of Objects	involving Rational Numbers
 Apply	Properties of Operations	involving Rational Numbers
 Apply	Patterns	involving Rational Numbers
 Apply	Common Factors	involving Rational Numbers
 Apply	Multiples	involving Rational Numbers
 Apply	Common Multiples	involving Rational Numbers
 Apply	Data	involving Rational Numbers
 Apply	Ratios	involving Rational Numbers
 Apply	Proportions	involving Rational Numbers
 Apply	Numerical Inequalities	involving Rational Numbers
 Apply	Algebraic Equations	involving Rational Numbers
 Apply	Algebraic Inequalities	involving Rational Numbers
 Apply	Linear Equations	involving Rational Numbers
 Apply	Simultaneous Equations	involving Rational Numbers
 Apply	Statistical Variability	involving Rational Numbers
 Apply	Distributions	involving Rational Numbers
 Apply	Probability Models	involving Rational Numbers
 Apply	Bivariate Data	involving Rational Numbers
 Apply	Observations	involving Rational Numbers
 Apply	Sums	involving Rational Numbers
 Apply	Differences	involving Rational Numbers
 Apply	Products	involving Rational Numbers
 Apply	Quotients	involving Rational Numbers
 Apply	Remainders	involving Rational Numbers
 Apply	Samples	involving Rational Numbers
 Apply	Random Samples	involving Rational Numbers
 Analyze	Numerical Expressions	involving Rational Numbers
 Analyze	Numerical Equations	involving Rational Numbers
 Analyze	Properties of Objects	involving Rational Numbers
 Analyze	Properties of Operations	involving Rational Numbers
 Analyze	Patterns	involving Rational Numbers
 Analyze	Common Factors	involving Rational Numbers
 Analyze	Multiples	involving Rational Numbers
 Analyze	Common Multiples	involving Rational Numbers
 Analyze	Data	involving Rational Numbers
 Analyze	Ratios	involving Rational Numbers
 Analyze	Proportions	involving Rational Numbers
 Analyze	Numerical Inequalities	involving Rational Numbers
 Analyze	Algebraic Equations	involving Rational Numbers
 Analyze	Algebraic Inequalities	involving Rational Numbers
 Analyze	Linear Equations	involving Rational Numbers
 Analyze	Simultaneous Equations	involving Rational Numbers
 Analyze	Statistical Variability	involving Rational Numbers
 Analyze	Distributions	involving Rational Numbers
 Analyze	Probability Models	involving Rational Numbers
 Analyze	Bivariate Data	involving Rational Numbers
 Analyze	Observations	involving Rational Numbers
 Analyze	Sums	involving Rational Numbers
 Analyze	Differences	involving Rational Numbers
 Analyze	Products	involving Rational Numbers
 Analyze	Quotients	involving Rational Numbers
 Analyze	Remainders	involving Rational Numbers
 Analyze	Samples	involving Rational Numbers
 Analyze	Random Samples	involving Rational Numbers
