Remember	Naming	Terms
 Remember	Naming	Factors
 Remember	Naming	Angles
 Remember	Naming	Algebraic Expressions
 Remember	Naming	Variables
 Remember	Naming	Functions
 Remember	Sequencing	Terms
 Remember	Sequencing	Factors
 Remember	Sequencing	Angles
 Remember	Sequencing	Algebraic Expressions
 Remember	Sequencing	Variables
 Remember	Sequencing	Functions
 Remember	Ordering	Terms
 Remember	Ordering	Factors
 Remember	Ordering	Angles
 Remember	Ordering	Algebraic Expressions
 Remember	Ordering	Variables
 Remember	Ordering	Functions
 Remember	Adding	Terms
 Remember	Adding	Factors
 Remember	Adding	Angles
 Remember	Adding	Algebraic Expressions
 Remember	Adding	Variables
 Remember	Adding	Functions
 Remember	Subtracting	Terms
 Remember	Subtracting	Factors
 Remember	Subtracting	Angles
 Remember	Subtracting	Algebraic Expressions
 Remember	Subtracting	Variables
 Remember	Subtracting	Functions
 Remember	Multiplying	Terms
 Remember	Multiplying	Factors
 Remember	Multiplying	Angles
 Remember	Multiplying	Algebraic Expressions
 Remember	Multiplying	Variables
 Remember	Multiplying	Functions
 Remember	Dividing	Terms
 Remember	Dividing	Factors
 Remember	Dividing	Angles
 Remember	Dividing	Algebraic Expressions
 Remember	Dividing	Variables
 Remember	Dividing	Functions
 Remember	Negating	Terms
 Remember	Negating	Factors
 Remember	Negating	Angles
 Remember	Negating	Algebraic Expressions
 Remember	Negating	Variables
 Remember	Negating	Functions
 Remember	Exponentiating	Terms
 Remember	Exponentiating	Factors
 Remember	Exponentiating	Angles
 Remember	Exponentiating	Algebraic Expressions
 Remember	Exponentiating	Variables
 Remember	Exponentiating	Functions
 Remember	Grouping	Terms
 Remember	Grouping	Factors
 Remember	Grouping	Angles
 Remember	Grouping	Algebraic Expressions
 Remember	Grouping	Variables
 Remember	Grouping	Functions
 Evaluate	Naming	Terms
 Evaluate	Naming	Factors
 Evaluate	Naming	Angles
 Evaluate	Naming	Algebraic Expressions
 Evaluate	Naming	Variables
 Evaluate	Naming	Functions
 Evaluate	Sequencing	Terms
 Evaluate	Sequencing	Factors
 Evaluate	Sequencing	Angles
 Evaluate	Sequencing	Algebraic Expressions
 Evaluate	Sequencing	Variables
 Evaluate	Sequencing	Functions
 Evaluate	Ordering	Terms
 Evaluate	Ordering	Factors
 Evaluate	Ordering	Angles
 Evaluate	Ordering	Algebraic Expressions
 Evaluate	Ordering	Variables
 Evaluate	Ordering	Functions
 Evaluate	Adding	Terms
 Evaluate	Adding	Factors
 Evaluate	Adding	Angles
 Evaluate	Adding	Algebraic Expressions
 Evaluate	Adding	Variables
 Evaluate	Adding	Functions
 Evaluate	Subtracting	Terms
 Evaluate	Subtracting	Factors
 Evaluate	Subtracting	Angles
 Evaluate	Subtracting	Algebraic Expressions
 Evaluate	Subtracting	Variables
 Evaluate	Subtracting	Functions
 Evaluate	Multiplying	Terms
 Evaluate	Multiplying	Factors
 Evaluate	Multiplying	Angles
 Evaluate	Multiplying	Algebraic Expressions
 Evaluate	Multiplying	Variables
 Evaluate	Multiplying	Functions
 Evaluate	Dividing	Terms
 Evaluate	Dividing	Factors
 Evaluate	Dividing	Angles
 Evaluate	Dividing	Algebraic Expressions
 Evaluate	Dividing	Variables
 Evaluate	Dividing	Functions
 Evaluate	Negating	Terms
 Evaluate	Negating	Factors
 Evaluate	Negating	Angles
 Evaluate	Negating	Algebraic Expressions
 Evaluate	Negating	Variables
 Evaluate	Negating	Functions
 Evaluate	Exponentiating	Terms
 Evaluate	Exponentiating	Factors
 Evaluate	Exponentiating	Angles
 Evaluate	Exponentiating	Algebraic Expressions
 Evaluate	Exponentiating	Variables
 Evaluate	Exponentiating	Functions
 Evaluate	Grouping	Terms
 Evaluate	Grouping	Factors
 Evaluate	Grouping	Angles
 Evaluate	Grouping	Algebraic Expressions
 Evaluate	Grouping	Variables
 Evaluate	Grouping	Functions
 Create	Naming	Terms
 Create	Naming	Factors
 Create	Naming	Angles
 Create	Naming	Algebraic Expressions
 Create	Naming	Variables
 Create	Naming	Functions
 Create	Sequencing	Terms
 Create	Sequencing	Factors
 Create	Sequencing	Angles
 Create	Sequencing	Algebraic Expressions
 Create	Sequencing	Variables
 Create	Sequencing	Functions
 Create	Ordering	Terms
 Create	Ordering	Factors
 Create	Ordering	Angles
 Create	Ordering	Algebraic Expressions
 Create	Ordering	Variables
 Create	Ordering	Functions
 Create	Adding	Terms
 Create	Adding	Factors
 Create	Adding	Angles
 Create	Adding	Algebraic Expressions
 Create	Adding	Variables
 Create	Adding	Functions
 Create	Subtracting	Terms
 Create	Subtracting	Factors
 Create	Subtracting	Angles
 Create	Subtracting	Algebraic Expressions
 Create	Subtracting	Variables
 Create	Subtracting	Functions
 Create	Multiplying	Terms
 Create	Multiplying	Factors
 Create	Multiplying	Angles
 Create	Multiplying	Algebraic Expressions
 Create	Multiplying	Variables
 Create	Multiplying	Functions
 Create	Dividing	Terms
 Create	Dividing	Factors
 Create	Dividing	Angles
 Create	Dividing	Algebraic Expressions
 Create	Dividing	Variables
 Create	Dividing	Functions
 Create	Negating	Terms
 Create	Negating	Factors
 Create	Negating	Angles
 Create	Negating	Algebraic Expressions
 Create	Negating	Variables
 Create	Negating	Functions
 Create	Exponentiating	Terms
 Create	Exponentiating	Factors
 Create	Exponentiating	Angles
 Create	Exponentiating	Algebraic Expressions
 Create	Exponentiating	Variables
 Create	Exponentiating	Functions
 Create	Grouping	Terms
 Create	Grouping	Factors
 Create	Grouping	Angles
 Create	Grouping	Algebraic Expressions
 Create	Grouping	Variables
 Create	Grouping	Functions
 Understand	Naming	Terms
 Understand	Naming	Factors
 Understand	Naming	Angles
 Understand	Naming	Algebraic Expressions
 Understand	Naming	Variables
 Understand	Naming	Functions
 Understand	Sequencing	Terms
 Understand	Sequencing	Factors
 Understand	Sequencing	Angles
 Understand	Sequencing	Algebraic Expressions
 Understand	Sequencing	Variables
 Understand	Sequencing	Functions
 Understand	Ordering	Terms
 Understand	Ordering	Factors
 Understand	Ordering	Angles
 Understand	Ordering	Algebraic Expressions
 Understand	Ordering	Variables
 Understand	Ordering	Functions
 Understand	Adding	Terms
 Understand	Adding	Factors
 Understand	Adding	Angles
 Understand	Adding	Algebraic Expressions
 Understand	Adding	Variables
 Understand	Adding	Functions
 Understand	Subtracting	Terms
 Understand	Subtracting	Factors
 Understand	Subtracting	Angles
 Understand	Subtracting	Algebraic Expressions
 Understand	Subtracting	Variables
 Understand	Subtracting	Functions
 Understand	Multiplying	Terms
 Understand	Multiplying	Factors
 Understand	Multiplying	Angles
 Understand	Multiplying	Algebraic Expressions
 Understand	Multiplying	Variables
 Understand	Multiplying	Functions
 Understand	Dividing	Terms
 Understand	Dividing	Factors
 Understand	Dividing	Angles
 Understand	Dividing	Algebraic Expressions
 Understand	Dividing	Variables
 Understand	Dividing	Functions
 Understand	Negating	Terms
 Understand	Negating	Factors
 Understand	Negating	Angles
 Understand	Negating	Algebraic Expressions
 Understand	Negating	Variables
 Understand	Negating	Functions
 Understand	Exponentiating	Terms
 Understand	Exponentiating	Factors
 Understand	Exponentiating	Angles
 Understand	Exponentiating	Algebraic Expressions
 Understand	Exponentiating	Variables
 Understand	Exponentiating	Functions
 Understand	Grouping	Terms
 Understand	Grouping	Factors
 Understand	Grouping	Angles
 Understand	Grouping	Algebraic Expressions
 Understand	Grouping	Variables
 Understand	Grouping	Functions
 Apply	Naming	Terms
 Apply	Naming	Factors
 Apply	Naming	Angles
 Apply	Naming	Algebraic Expressions
 Apply	Naming	Variables
 Apply	Naming	Functions
 Apply	Sequencing	Terms
 Apply	Sequencing	Factors
 Apply	Sequencing	Angles
 Apply	Sequencing	Algebraic Expressions
 Apply	Sequencing	Variables
 Apply	Sequencing	Functions
 Apply	Ordering	Terms
 Apply	Ordering	Factors
 Apply	Ordering	Angles
 Apply	Ordering	Algebraic Expressions
 Apply	Ordering	Variables
 Apply	Ordering	Functions
 Apply	Adding	Terms
 Apply	Adding	Factors
 Apply	Adding	Angles
 Apply	Adding	Algebraic Expressions
 Apply	Adding	Variables
 Apply	Adding	Functions
 Apply	Subtracting	Terms
 Apply	Subtracting	Factors
 Apply	Subtracting	Angles
 Apply	Subtracting	Algebraic Expressions
 Apply	Subtracting	Variables
 Apply	Subtracting	Functions
 Apply	Multiplying	Terms
 Apply	Multiplying	Factors
 Apply	Multiplying	Angles
 Apply	Multiplying	Algebraic Expressions
 Apply	Multiplying	Variables
 Apply	Multiplying	Functions
 Apply	Dividing	Terms
 Apply	Dividing	Factors
 Apply	Dividing	Angles
 Apply	Dividing	Algebraic Expressions
 Apply	Dividing	Variables
 Apply	Dividing	Functions
 Apply	Negating	Terms
 Apply	Negating	Factors
 Apply	Negating	Angles
 Apply	Negating	Algebraic Expressions
 Apply	Negating	Variables
 Apply	Negating	Functions
 Apply	Exponentiating	Terms
 Apply	Exponentiating	Factors
 Apply	Exponentiating	Angles
 Apply	Exponentiating	Algebraic Expressions
 Apply	Exponentiating	Variables
 Apply	Exponentiating	Functions
 Apply	Grouping	Terms
 Apply	Grouping	Factors
 Apply	Grouping	Angles
 Apply	Grouping	Algebraic Expressions
 Apply	Grouping	Variables
 Apply	Grouping	Functions
 Analyze	Naming	Terms
 Analyze	Naming	Factors
 Analyze	Naming	Angles
 Analyze	Naming	Algebraic Expressions
 Analyze	Naming	Variables
 Analyze	Naming	Functions
 Analyze	Sequencing	Terms
 Analyze	Sequencing	Factors
 Analyze	Sequencing	Angles
 Analyze	Sequencing	Algebraic Expressions
 Analyze	Sequencing	Variables
 Analyze	Sequencing	Functions
 Analyze	Ordering	Terms
 Analyze	Ordering	Factors
 Analyze	Ordering	Angles
 Analyze	Ordering	Algebraic Expressions
 Analyze	Ordering	Variables
 Analyze	Ordering	Functions
 Analyze	Adding	Terms
 Analyze	Adding	Factors
 Analyze	Adding	Angles
 Analyze	Adding	Algebraic Expressions
 Analyze	Adding	Variables
 Analyze	Adding	Functions
 Analyze	Subtracting	Terms
 Analyze	Subtracting	Factors
 Analyze	Subtracting	Angles
 Analyze	Subtracting	Algebraic Expressions
 Analyze	Subtracting	Variables
 Analyze	Subtracting	Functions
 Analyze	Multiplying	Terms
 Analyze	Multiplying	Factors
 Analyze	Multiplying	Angles
 Analyze	Multiplying	Algebraic Expressions
 Analyze	Multiplying	Variables
 Analyze	Multiplying	Functions
 Analyze	Dividing	Terms
 Analyze	Dividing	Factors
 Analyze	Dividing	Angles
 Analyze	Dividing	Algebraic Expressions
 Analyze	Dividing	Variables
 Analyze	Dividing	Functions
 Analyze	Negating	Terms
 Analyze	Negating	Factors
 Analyze	Negating	Angles
 Analyze	Negating	Algebraic Expressions
 Analyze	Negating	Variables
 Analyze	Negating	Functions
 Analyze	Exponentiating	Terms
 Analyze	Exponentiating	Factors
 Analyze	Exponentiating	Angles
 Analyze	Exponentiating	Algebraic Expressions
 Analyze	Exponentiating	Variables
 Analyze	Exponentiating	Functions
 Analyze	Grouping	Terms
 Analyze	Grouping	Factors
 Analyze	Grouping	Angles
 Analyze	Grouping	Algebraic Expressions
 Analyze	Grouping	Variables
 Analyze	Grouping	Functions
