Write	Volumes	involving Space
 Write	Properties of Objects	involving Space
 Write	Patterns	involving Space
 Write	Attributes	involving Space
 Write	Standard Units	involving Space
 Write	Areas	involving Space
 Write	Perimeters	involving Space
 Write	Data	involving Space
 Write	Shapes	involving Space
 Write	Surface Areas	involving Space
 Write	Realia	involving Space
 Write	Models	involving Space
 Write	Congruence	involving Space
 Write	Similarity	involving Space
 Write	Algebraic Equations	involving Space
 Write	Lines	involving Space
 Write	Linear Equations	involving Space
 Write	Sets	involving Space
 Write	Elements	involving Space
 Write	Observations	involving Space
 Write	Dependent Variables	involving Space
 Write	Independent Variables	involving Space
 Write	Sums	involving Space
 Write	Differences	involving Space
 Write	Groups	involving Space
 Write	Length	involving Space
 Write	Width	involving Space
 Write	Depth or Height	involving Space
 Write	Qualitative Attributes	involving Space
 Write	Plane Figures	involving Space
 Write	Objects in Space	involving Space
 Write	Prisms and Cylinders	involving Space
 Write	Spheres	involving Space
 Write	Cones	involving Space
 Write	Quantitative Stories	involving Space
 Represent	Volumes	involving Space
 Represent	Properties of Objects	involving Space
 Represent	Patterns	involving Space
 Represent	Attributes	involving Space
 Represent	Standard Units	involving Space
 Represent	Areas	involving Space
 Represent	Perimeters	involving Space
 Represent	Data	involving Space
 Represent	Shapes	involving Space
 Represent	Surface Areas	involving Space
 Represent	Realia	involving Space
 Represent	Models	involving Space
 Represent	Congruence	involving Space
 Represent	Similarity	involving Space
 Represent	Algebraic Equations	involving Space
 Represent	Lines	involving Space
 Represent	Linear Equations	involving Space
 Represent	Sets	involving Space
 Represent	Elements	involving Space
 Represent	Observations	involving Space
 Represent	Dependent Variables	involving Space
 Represent	Independent Variables	involving Space
 Represent	Sums	involving Space
 Represent	Differences	involving Space
 Represent	Groups	involving Space
 Represent	Length	involving Space
 Represent	Width	involving Space
 Represent	Depth or Height	involving Space
 Represent	Qualitative Attributes	involving Space
 Represent	Plane Figures	involving Space
 Represent	Objects in Space	involving Space
 Represent	Prisms and Cylinders	involving Space
 Represent	Spheres	involving Space
 Represent	Cones	involving Space
 Represent	Quantitative Stories	involving Space
 Represent, with images,	Volumes	involving Space
 Represent, with images,	Properties of Objects	involving Space
 Represent, with images,	Patterns	involving Space
 Represent, with images,	Attributes	involving Space
 Represent, with images,	Standard Units	involving Space
 Represent, with images,	Areas	involving Space
 Represent, with images,	Perimeters	involving Space
 Represent, with images,	Data	involving Space
 Represent, with images,	Shapes	involving Space
 Represent, with images,	Surface Areas	involving Space
 Represent, with images,	Realia	involving Space
 Represent, with images,	Models	involving Space
 Represent, with images,	Congruence	involving Space
 Represent, with images,	Similarity	involving Space
 Represent, with images,	Algebraic Equations	involving Space
 Represent, with images,	Lines	involving Space
 Represent, with images,	Linear Equations	involving Space
 Represent, with images,	Sets	involving Space
 Represent, with images,	Elements	involving Space
 Represent, with images,	Observations	involving Space
 Represent, with images,	Dependent Variables	involving Space
 Represent, with images,	Independent Variables	involving Space
 Represent, with images,	Sums	involving Space
 Represent, with images,	Differences	involving Space
 Represent, with images,	Groups	involving Space
 Represent, with images,	Length	involving Space
 Represent, with images,	Width	involving Space
 Represent, with images,	Depth or Height	involving Space
 Represent, with images,	Qualitative Attributes	involving Space
 Represent, with images,	Plane Figures	involving Space
 Represent, with images,	Objects in Space	involving Space
 Represent, with images,	Prisms and Cylinders	involving Space
 Represent, with images,	Spheres	involving Space
 Represent, with images,	Cones	involving Space
 Represent, with images,	Quantitative Stories	involving Space
 Represent, with activities,	Volumes	involving Space
 Represent, with activities,	Properties of Objects	involving Space
 Represent, with activities,	Patterns	involving Space
 Represent, with activities,	Attributes	involving Space
 Represent, with activities,	Standard Units	involving Space
 Represent, with activities,	Areas	involving Space
 Represent, with activities,	Perimeters	involving Space
 Represent, with activities,	Data	involving Space
 Represent, with activities,	Shapes	involving Space
 Represent, with activities,	Surface Areas	involving Space
 Represent, with activities,	Realia	involving Space
 Represent, with activities,	Models	involving Space
 Represent, with activities,	Congruence	involving Space
 Represent, with activities,	Similarity	involving Space
 Represent, with activities,	Algebraic Equations	involving Space
 Represent, with activities,	Lines	involving Space
 Represent, with activities,	Linear Equations	involving Space
 Represent, with activities,	Sets	involving Space
 Represent, with activities,	Elements	involving Space
 Represent, with activities,	Observations	involving Space
 Represent, with activities,	Dependent Variables	involving Space
 Represent, with activities,	Independent Variables	involving Space
 Represent, with activities,	Sums	involving Space
 Represent, with activities,	Differences	involving Space
 Represent, with activities,	Groups	involving Space
 Represent, with activities,	Length	involving Space
 Represent, with activities,	Width	involving Space
 Represent, with activities,	Depth or Height	involving Space
 Represent, with activities,	Qualitative Attributes	involving Space
 Represent, with activities,	Plane Figures	involving Space
 Represent, with activities,	Objects in Space	involving Space
 Represent, with activities,	Prisms and Cylinders	involving Space
 Represent, with activities,	Spheres	involving Space
 Represent, with activities,	Cones	involving Space
 Represent, with activities,	Quantitative Stories	involving Space
 Represent, with drawings,	Volumes	involving Space
 Represent, with drawings,	Properties of Objects	involving Space
 Represent, with drawings,	Patterns	involving Space
 Represent, with drawings,	Attributes	involving Space
 Represent, with drawings,	Standard Units	involving Space
 Represent, with drawings,	Areas	involving Space
 Represent, with drawings,	Perimeters	involving Space
 Represent, with drawings,	Data	involving Space
 Represent, with drawings,	Shapes	involving Space
 Represent, with drawings,	Surface Areas	involving Space
 Represent, with drawings,	Realia	involving Space
 Represent, with drawings,	Models	involving Space
 Represent, with drawings,	Congruence	involving Space
 Represent, with drawings,	Similarity	involving Space
 Represent, with drawings,	Algebraic Equations	involving Space
 Represent, with drawings,	Lines	involving Space
 Represent, with drawings,	Linear Equations	involving Space
 Represent, with drawings,	Sets	involving Space
 Represent, with drawings,	Elements	involving Space
 Represent, with drawings,	Observations	involving Space
 Represent, with drawings,	Dependent Variables	involving Space
 Represent, with drawings,	Independent Variables	involving Space
 Represent, with drawings,	Sums	involving Space
 Represent, with drawings,	Differences	involving Space
 Represent, with drawings,	Groups	involving Space
 Represent, with drawings,	Length	involving Space
 Represent, with drawings,	Width	involving Space
 Represent, with drawings,	Depth or Height	involving Space
 Represent, with drawings,	Qualitative Attributes	involving Space
 Represent, with drawings,	Plane Figures	involving Space
 Represent, with drawings,	Objects in Space	involving Space
 Represent, with drawings,	Prisms and Cylinders	involving Space
 Represent, with drawings,	Spheres	involving Space
 Represent, with drawings,	Cones	involving Space
 Represent, with drawings,	Quantitative Stories	involving Space
 Represent, with graphs,	Volumes	involving Space
 Represent, with graphs,	Properties of Objects	involving Space
 Represent, with graphs,	Patterns	involving Space
 Represent, with graphs,	Attributes	involving Space
 Represent, with graphs,	Standard Units	involving Space
 Represent, with graphs,	Areas	involving Space
 Represent, with graphs,	Perimeters	involving Space
 Represent, with graphs,	Data	involving Space
 Represent, with graphs,	Shapes	involving Space
 Represent, with graphs,	Surface Areas	involving Space
 Represent, with graphs,	Realia	involving Space
 Represent, with graphs,	Models	involving Space
 Represent, with graphs,	Congruence	involving Space
 Represent, with graphs,	Similarity	involving Space
 Represent, with graphs,	Algebraic Equations	involving Space
 Represent, with graphs,	Lines	involving Space
 Represent, with graphs,	Linear Equations	involving Space
 Represent, with graphs,	Sets	involving Space
 Represent, with graphs,	Elements	involving Space
 Represent, with graphs,	Observations	involving Space
 Represent, with graphs,	Dependent Variables	involving Space
 Represent, with graphs,	Independent Variables	involving Space
 Represent, with graphs,	Sums	involving Space
 Represent, with graphs,	Differences	involving Space
 Represent, with graphs,	Groups	involving Space
 Represent, with graphs,	Length	involving Space
 Represent, with graphs,	Width	involving Space
 Represent, with graphs,	Depth or Height	involving Space
 Represent, with graphs,	Qualitative Attributes	involving Space
 Represent, with graphs,	Plane Figures	involving Space
 Represent, with graphs,	Objects in Space	involving Space
 Represent, with graphs,	Prisms and Cylinders	involving Space
 Represent, with graphs,	Spheres	involving Space
 Represent, with graphs,	Cones	involving Space
 Represent, with graphs,	Quantitative Stories	involving Space
