Remember	by putting together	Naming	Numbers
 Remember	by putting together	Naming	Terms
 Remember	by putting together	Naming	Factors
 Remember	by putting together	Naming	Angles
 Remember	by putting together	Naming	Algebraic Expressions
 Remember	by putting together	Naming	Variables
 Remember	by putting together	Naming	Functions
 Remember	by putting together	Naming	Chance Processes
 Remember	by putting together	Naming	Arrays
 Remember	by putting together	Sequencing	Numbers
 Remember	by putting together	Sequencing	Terms
 Remember	by putting together	Sequencing	Factors
 Remember	by putting together	Sequencing	Angles
 Remember	by putting together	Sequencing	Algebraic Expressions
 Remember	by putting together	Sequencing	Variables
 Remember	by putting together	Sequencing	Functions
 Remember	by putting together	Sequencing	Chance Processes
 Remember	by putting together	Sequencing	Arrays
 Remember	by putting together	Ordering	Numbers
 Remember	by putting together	Ordering	Terms
 Remember	by putting together	Ordering	Factors
 Remember	by putting together	Ordering	Angles
 Remember	by putting together	Ordering	Algebraic Expressions
 Remember	by putting together	Ordering	Variables
 Remember	by putting together	Ordering	Functions
 Remember	by putting together	Ordering	Chance Processes
 Remember	by putting together	Ordering	Arrays
 Remember	by putting together	Adding	Numbers
 Remember	by putting together	Adding	Terms
 Remember	by putting together	Adding	Factors
 Remember	by putting together	Adding	Angles
 Remember	by putting together	Adding	Algebraic Expressions
 Remember	by putting together	Adding	Variables
 Remember	by putting together	Adding	Functions
 Remember	by putting together	Adding	Chance Processes
 Remember	by putting together	Adding	Arrays
 Remember	by putting together	Subtracting	Numbers
 Remember	by putting together	Subtracting	Terms
 Remember	by putting together	Subtracting	Factors
 Remember	by putting together	Subtracting	Angles
 Remember	by putting together	Subtracting	Algebraic Expressions
 Remember	by putting together	Subtracting	Variables
 Remember	by putting together	Subtracting	Functions
 Remember	by putting together	Subtracting	Chance Processes
 Remember	by putting together	Subtracting	Arrays
 Remember	by putting together	Multiplying	Numbers
 Remember	by putting together	Multiplying	Terms
 Remember	by putting together	Multiplying	Factors
 Remember	by putting together	Multiplying	Angles
 Remember	by putting together	Multiplying	Algebraic Expressions
 Remember	by putting together	Multiplying	Variables
 Remember	by putting together	Multiplying	Functions
 Remember	by putting together	Multiplying	Chance Processes
 Remember	by putting together	Multiplying	Arrays
 Remember	by putting together	Dividing	Numbers
 Remember	by putting together	Dividing	Terms
 Remember	by putting together	Dividing	Factors
 Remember	by putting together	Dividing	Angles
 Remember	by putting together	Dividing	Algebraic Expressions
 Remember	by putting together	Dividing	Variables
 Remember	by putting together	Dividing	Functions
 Remember	by putting together	Dividing	Chance Processes
 Remember	by putting together	Dividing	Arrays
 Remember	by putting together	Negating	Numbers
 Remember	by putting together	Negating	Terms
 Remember	by putting together	Negating	Factors
 Remember	by putting together	Negating	Angles
 Remember	by putting together	Negating	Algebraic Expressions
 Remember	by putting together	Negating	Variables
 Remember	by putting together	Negating	Functions
 Remember	by putting together	Negating	Chance Processes
 Remember	by putting together	Negating	Arrays
 Remember	by putting together	Exponentiating	Numbers
 Remember	by putting together	Exponentiating	Terms
 Remember	by putting together	Exponentiating	Factors
 Remember	by putting together	Exponentiating	Angles
 Remember	by putting together	Exponentiating	Algebraic Expressions
 Remember	by putting together	Exponentiating	Variables
 Remember	by putting together	Exponentiating	Functions
 Remember	by putting together	Exponentiating	Chance Processes
 Remember	by putting together	Exponentiating	Arrays
 Remember	by putting together	Grouping	Numbers
 Remember	by putting together	Grouping	Terms
 Remember	by putting together	Grouping	Factors
 Remember	by putting together	Grouping	Angles
 Remember	by putting together	Grouping	Algebraic Expressions
 Remember	by putting together	Grouping	Variables
 Remember	by putting together	Grouping	Functions
 Remember	by putting together	Grouping	Chance Processes
 Remember	by putting together	Grouping	Arrays
 Remember	by adding to	Naming	Numbers
 Remember	by adding to	Naming	Terms
 Remember	by adding to	Naming	Factors
 Remember	by adding to	Naming	Angles
 Remember	by adding to	Naming	Algebraic Expressions
 Remember	by adding to	Naming	Variables
 Remember	by adding to	Naming	Functions
 Remember	by adding to	Naming	Chance Processes
 Remember	by adding to	Naming	Arrays
 Remember	by adding to	Sequencing	Numbers
 Remember	by adding to	Sequencing	Terms
 Remember	by adding to	Sequencing	Factors
 Remember	by adding to	Sequencing	Angles
 Remember	by adding to	Sequencing	Algebraic Expressions
 Remember	by adding to	Sequencing	Variables
 Remember	by adding to	Sequencing	Functions
 Remember	by adding to	Sequencing	Chance Processes
 Remember	by adding to	Sequencing	Arrays
 Remember	by adding to	Ordering	Numbers
 Remember	by adding to	Ordering	Terms
 Remember	by adding to	Ordering	Factors
 Remember	by adding to	Ordering	Angles
 Remember	by adding to	Ordering	Algebraic Expressions
 Remember	by adding to	Ordering	Variables
 Remember	by adding to	Ordering	Functions
 Remember	by adding to	Ordering	Chance Processes
 Remember	by adding to	Ordering	Arrays
 Remember	by adding to	Adding	Numbers
 Remember	by adding to	Adding	Terms
 Remember	by adding to	Adding	Factors
 Remember	by adding to	Adding	Angles
 Remember	by adding to	Adding	Algebraic Expressions
 Remember	by adding to	Adding	Variables
 Remember	by adding to	Adding	Functions
 Remember	by adding to	Adding	Chance Processes
 Remember	by adding to	Adding	Arrays
 Remember	by adding to	Subtracting	Numbers
 Remember	by adding to	Subtracting	Terms
 Remember	by adding to	Subtracting	Factors
 Remember	by adding to	Subtracting	Angles
 Remember	by adding to	Subtracting	Algebraic Expressions
 Remember	by adding to	Subtracting	Variables
 Remember	by adding to	Subtracting	Functions
 Remember	by adding to	Subtracting	Chance Processes
 Remember	by adding to	Subtracting	Arrays
 Remember	by adding to	Multiplying	Numbers
 Remember	by adding to	Multiplying	Terms
 Remember	by adding to	Multiplying	Factors
 Remember	by adding to	Multiplying	Angles
 Remember	by adding to	Multiplying	Algebraic Expressions
 Remember	by adding to	Multiplying	Variables
 Remember	by adding to	Multiplying	Functions
 Remember	by adding to	Multiplying	Chance Processes
 Remember	by adding to	Multiplying	Arrays
 Remember	by adding to	Dividing	Numbers
 Remember	by adding to	Dividing	Terms
 Remember	by adding to	Dividing	Factors
 Remember	by adding to	Dividing	Angles
 Remember	by adding to	Dividing	Algebraic Expressions
 Remember	by adding to	Dividing	Variables
 Remember	by adding to	Dividing	Functions
 Remember	by adding to	Dividing	Chance Processes
 Remember	by adding to	Dividing	Arrays
 Remember	by adding to	Negating	Numbers
 Remember	by adding to	Negating	Terms
 Remember	by adding to	Negating	Factors
 Remember	by adding to	Negating	Angles
 Remember	by adding to	Negating	Algebraic Expressions
 Remember	by adding to	Negating	Variables
 Remember	by adding to	Negating	Functions
 Remember	by adding to	Negating	Chance Processes
 Remember	by adding to	Negating	Arrays
 Remember	by adding to	Exponentiating	Numbers
 Remember	by adding to	Exponentiating	Terms
 Remember	by adding to	Exponentiating	Factors
 Remember	by adding to	Exponentiating	Angles
 Remember	by adding to	Exponentiating	Algebraic Expressions
 Remember	by adding to	Exponentiating	Variables
 Remember	by adding to	Exponentiating	Functions
 Remember	by adding to	Exponentiating	Chance Processes
 Remember	by adding to	Exponentiating	Arrays
 Remember	by adding to	Grouping	Numbers
 Remember	by adding to	Grouping	Terms
 Remember	by adding to	Grouping	Factors
 Remember	by adding to	Grouping	Angles
 Remember	by adding to	Grouping	Algebraic Expressions
 Remember	by adding to	Grouping	Variables
 Remember	by adding to	Grouping	Functions
 Remember	by adding to	Grouping	Chance Processes
 Remember	by adding to	Grouping	Arrays
 Remember	by taking apart	Naming	Numbers
 Remember	by taking apart	Naming	Terms
 Remember	by taking apart	Naming	Factors
 Remember	by taking apart	Naming	Angles
 Remember	by taking apart	Naming	Algebraic Expressions
 Remember	by taking apart	Naming	Variables
 Remember	by taking apart	Naming	Functions
 Remember	by taking apart	Naming	Chance Processes
 Remember	by taking apart	Naming	Arrays
 Remember	by taking apart	Sequencing	Numbers
 Remember	by taking apart	Sequencing	Terms
 Remember	by taking apart	Sequencing	Factors
 Remember	by taking apart	Sequencing	Angles
 Remember	by taking apart	Sequencing	Algebraic Expressions
 Remember	by taking apart	Sequencing	Variables
 Remember	by taking apart	Sequencing	Functions
 Remember	by taking apart	Sequencing	Chance Processes
 Remember	by taking apart	Sequencing	Arrays
 Remember	by taking apart	Ordering	Numbers
 Remember	by taking apart	Ordering	Terms
 Remember	by taking apart	Ordering	Factors
 Remember	by taking apart	Ordering	Angles
 Remember	by taking apart	Ordering	Algebraic Expressions
 Remember	by taking apart	Ordering	Variables
 Remember	by taking apart	Ordering	Functions
 Remember	by taking apart	Ordering	Chance Processes
 Remember	by taking apart	Ordering	Arrays
 Remember	by taking apart	Adding	Numbers
 Remember	by taking apart	Adding	Terms
 Remember	by taking apart	Adding	Factors
 Remember	by taking apart	Adding	Angles
 Remember	by taking apart	Adding	Algebraic Expressions
 Remember	by taking apart	Adding	Variables
 Remember	by taking apart	Adding	Functions
 Remember	by taking apart	Adding	Chance Processes
 Remember	by taking apart	Adding	Arrays
 Remember	by taking apart	Subtracting	Numbers
 Remember	by taking apart	Subtracting	Terms
 Remember	by taking apart	Subtracting	Factors
 Remember	by taking apart	Subtracting	Angles
 Remember	by taking apart	Subtracting	Algebraic Expressions
 Remember	by taking apart	Subtracting	Variables
 Remember	by taking apart	Subtracting	Functions
 Remember	by taking apart	Subtracting	Chance Processes
 Remember	by taking apart	Subtracting	Arrays
 Remember	by taking apart	Multiplying	Numbers
 Remember	by taking apart	Multiplying	Terms
 Remember	by taking apart	Multiplying	Factors
 Remember	by taking apart	Multiplying	Angles
 Remember	by taking apart	Multiplying	Algebraic Expressions
 Remember	by taking apart	Multiplying	Variables
 Remember	by taking apart	Multiplying	Functions
 Remember	by taking apart	Multiplying	Chance Processes
 Remember	by taking apart	Multiplying	Arrays
 Remember	by taking apart	Dividing	Numbers
 Remember	by taking apart	Dividing	Terms
 Remember	by taking apart	Dividing	Factors
 Remember	by taking apart	Dividing	Angles
 Remember	by taking apart	Dividing	Algebraic Expressions
 Remember	by taking apart	Dividing	Variables
 Remember	by taking apart	Dividing	Functions
 Remember	by taking apart	Dividing	Chance Processes
 Remember	by taking apart	Dividing	Arrays
 Remember	by taking apart	Negating	Numbers
 Remember	by taking apart	Negating	Terms
 Remember	by taking apart	Negating	Factors
 Remember	by taking apart	Negating	Angles
 Remember	by taking apart	Negating	Algebraic Expressions
 Remember	by taking apart	Negating	Variables
 Remember	by taking apart	Negating	Functions
 Remember	by taking apart	Negating	Chance Processes
 Remember	by taking apart	Negating	Arrays
 Remember	by taking apart	Exponentiating	Numbers
 Remember	by taking apart	Exponentiating	Terms
 Remember	by taking apart	Exponentiating	Factors
 Remember	by taking apart	Exponentiating	Angles
 Remember	by taking apart	Exponentiating	Algebraic Expressions
 Remember	by taking apart	Exponentiating	Variables
 Remember	by taking apart	Exponentiating	Functions
 Remember	by taking apart	Exponentiating	Chance Processes
 Remember	by taking apart	Exponentiating	Arrays
 Remember	by taking apart	Grouping	Numbers
 Remember	by taking apart	Grouping	Terms
 Remember	by taking apart	Grouping	Factors
 Remember	by taking apart	Grouping	Angles
 Remember	by taking apart	Grouping	Algebraic Expressions
 Remember	by taking apart	Grouping	Variables
 Remember	by taking apart	Grouping	Functions
 Remember	by taking apart	Grouping	Chance Processes
 Remember	by taking apart	Grouping	Arrays
 Remember	by taking from	Naming	Numbers
 Remember	by taking from	Naming	Terms
 Remember	by taking from	Naming	Factors
 Remember	by taking from	Naming	Angles
 Remember	by taking from	Naming	Algebraic Expressions
 Remember	by taking from	Naming	Variables
 Remember	by taking from	Naming	Functions
 Remember	by taking from	Naming	Chance Processes
 Remember	by taking from	Naming	Arrays
 Remember	by taking from	Sequencing	Numbers
 Remember	by taking from	Sequencing	Terms
 Remember	by taking from	Sequencing	Factors
 Remember	by taking from	Sequencing	Angles
 Remember	by taking from	Sequencing	Algebraic Expressions
 Remember	by taking from	Sequencing	Variables
 Remember	by taking from	Sequencing	Functions
 Remember	by taking from	Sequencing	Chance Processes
 Remember	by taking from	Sequencing	Arrays
 Remember	by taking from	Ordering	Numbers
 Remember	by taking from	Ordering	Terms
 Remember	by taking from	Ordering	Factors
 Remember	by taking from	Ordering	Angles
 Remember	by taking from	Ordering	Algebraic Expressions
 Remember	by taking from	Ordering	Variables
 Remember	by taking from	Ordering	Functions
 Remember	by taking from	Ordering	Chance Processes
 Remember	by taking from	Ordering	Arrays
 Remember	by taking from	Adding	Numbers
 Remember	by taking from	Adding	Terms
 Remember	by taking from	Adding	Factors
 Remember	by taking from	Adding	Angles
 Remember	by taking from	Adding	Algebraic Expressions
 Remember	by taking from	Adding	Variables
 Remember	by taking from	Adding	Functions
 Remember	by taking from	Adding	Chance Processes
 Remember	by taking from	Adding	Arrays
 Remember	by taking from	Subtracting	Numbers
 Remember	by taking from	Subtracting	Terms
 Remember	by taking from	Subtracting	Factors
 Remember	by taking from	Subtracting	Angles
 Remember	by taking from	Subtracting	Algebraic Expressions
 Remember	by taking from	Subtracting	Variables
 Remember	by taking from	Subtracting	Functions
 Remember	by taking from	Subtracting	Chance Processes
 Remember	by taking from	Subtracting	Arrays
 Remember	by taking from	Multiplying	Numbers
 Remember	by taking from	Multiplying	Terms
 Remember	by taking from	Multiplying	Factors
 Remember	by taking from	Multiplying	Angles
 Remember	by taking from	Multiplying	Algebraic Expressions
 Remember	by taking from	Multiplying	Variables
 Remember	by taking from	Multiplying	Functions
 Remember	by taking from	Multiplying	Chance Processes
 Remember	by taking from	Multiplying	Arrays
 Remember	by taking from	Dividing	Numbers
 Remember	by taking from	Dividing	Terms
 Remember	by taking from	Dividing	Factors
 Remember	by taking from	Dividing	Angles
 Remember	by taking from	Dividing	Algebraic Expressions
 Remember	by taking from	Dividing	Variables
 Remember	by taking from	Dividing	Functions
 Remember	by taking from	Dividing	Chance Processes
 Remember	by taking from	Dividing	Arrays
 Remember	by taking from	Negating	Numbers
 Remember	by taking from	Negating	Terms
 Remember	by taking from	Negating	Factors
 Remember	by taking from	Negating	Angles
 Remember	by taking from	Negating	Algebraic Expressions
 Remember	by taking from	Negating	Variables
 Remember	by taking from	Negating	Functions
 Remember	by taking from	Negating	Chance Processes
 Remember	by taking from	Negating	Arrays
 Remember	by taking from	Exponentiating	Numbers
 Remember	by taking from	Exponentiating	Terms
 Remember	by taking from	Exponentiating	Factors
 Remember	by taking from	Exponentiating	Angles
 Remember	by taking from	Exponentiating	Algebraic Expressions
 Remember	by taking from	Exponentiating	Variables
 Remember	by taking from	Exponentiating	Functions
 Remember	by taking from	Exponentiating	Chance Processes
 Remember	by taking from	Exponentiating	Arrays
 Remember	by taking from	Grouping	Numbers
 Remember	by taking from	Grouping	Terms
 Remember	by taking from	Grouping	Factors
 Remember	by taking from	Grouping	Angles
 Remember	by taking from	Grouping	Algebraic Expressions
 Remember	by taking from	Grouping	Variables
 Remember	by taking from	Grouping	Functions
 Remember	by taking from	Grouping	Chance Processes
 Remember	by taking from	Grouping	Arrays
 Evaluate	by putting together	Naming	Numbers
 Evaluate	by putting together	Naming	Terms
 Evaluate	by putting together	Naming	Factors
 Evaluate	by putting together	Naming	Angles
 Evaluate	by putting together	Naming	Algebraic Expressions
 Evaluate	by putting together	Naming	Variables
 Evaluate	by putting together	Naming	Functions
 Evaluate	by putting together	Naming	Chance Processes
 Evaluate	by putting together	Naming	Arrays
 Evaluate	by putting together	Sequencing	Numbers
 Evaluate	by putting together	Sequencing	Terms
 Evaluate	by putting together	Sequencing	Factors
 Evaluate	by putting together	Sequencing	Angles
 Evaluate	by putting together	Sequencing	Algebraic Expressions
 Evaluate	by putting together	Sequencing	Variables
 Evaluate	by putting together	Sequencing	Functions
 Evaluate	by putting together	Sequencing	Chance Processes
 Evaluate	by putting together	Sequencing	Arrays
 Evaluate	by putting together	Ordering	Numbers
 Evaluate	by putting together	Ordering	Terms
 Evaluate	by putting together	Ordering	Factors
 Evaluate	by putting together	Ordering	Angles
 Evaluate	by putting together	Ordering	Algebraic Expressions
 Evaluate	by putting together	Ordering	Variables
 Evaluate	by putting together	Ordering	Functions
 Evaluate	by putting together	Ordering	Chance Processes
 Evaluate	by putting together	Ordering	Arrays
 Evaluate	by putting together	Adding	Numbers
 Evaluate	by putting together	Adding	Terms
 Evaluate	by putting together	Adding	Factors
 Evaluate	by putting together	Adding	Angles
 Evaluate	by putting together	Adding	Algebraic Expressions
 Evaluate	by putting together	Adding	Variables
 Evaluate	by putting together	Adding	Functions
 Evaluate	by putting together	Adding	Chance Processes
 Evaluate	by putting together	Adding	Arrays
 Evaluate	by putting together	Subtracting	Numbers
 Evaluate	by putting together	Subtracting	Terms
 Evaluate	by putting together	Subtracting	Factors
 Evaluate	by putting together	Subtracting	Angles
 Evaluate	by putting together	Subtracting	Algebraic Expressions
 Evaluate	by putting together	Subtracting	Variables
 Evaluate	by putting together	Subtracting	Functions
 Evaluate	by putting together	Subtracting	Chance Processes
 Evaluate	by putting together	Subtracting	Arrays
 Evaluate	by putting together	Multiplying	Numbers
 Evaluate	by putting together	Multiplying	Terms
 Evaluate	by putting together	Multiplying	Factors
 Evaluate	by putting together	Multiplying	Angles
 Evaluate	by putting together	Multiplying	Algebraic Expressions
 Evaluate	by putting together	Multiplying	Variables
 Evaluate	by putting together	Multiplying	Functions
 Evaluate	by putting together	Multiplying	Chance Processes
 Evaluate	by putting together	Multiplying	Arrays
 Evaluate	by putting together	Dividing	Numbers
 Evaluate	by putting together	Dividing	Terms
 Evaluate	by putting together	Dividing	Factors
 Evaluate	by putting together	Dividing	Angles
 Evaluate	by putting together	Dividing	Algebraic Expressions
 Evaluate	by putting together	Dividing	Variables
 Evaluate	by putting together	Dividing	Functions
 Evaluate	by putting together	Dividing	Chance Processes
 Evaluate	by putting together	Dividing	Arrays
 Evaluate	by putting together	Negating	Numbers
 Evaluate	by putting together	Negating	Terms
 Evaluate	by putting together	Negating	Factors
 Evaluate	by putting together	Negating	Angles
 Evaluate	by putting together	Negating	Algebraic Expressions
 Evaluate	by putting together	Negating	Variables
 Evaluate	by putting together	Negating	Functions
 Evaluate	by putting together	Negating	Chance Processes
 Evaluate	by putting together	Negating	Arrays
 Evaluate	by putting together	Exponentiating	Numbers
 Evaluate	by putting together	Exponentiating	Terms
 Evaluate	by putting together	Exponentiating	Factors
 Evaluate	by putting together	Exponentiating	Angles
 Evaluate	by putting together	Exponentiating	Algebraic Expressions
 Evaluate	by putting together	Exponentiating	Variables
 Evaluate	by putting together	Exponentiating	Functions
 Evaluate	by putting together	Exponentiating	Chance Processes
 Evaluate	by putting together	Exponentiating	Arrays
 Evaluate	by putting together	Grouping	Numbers
 Evaluate	by putting together	Grouping	Terms
 Evaluate	by putting together	Grouping	Factors
 Evaluate	by putting together	Grouping	Angles
 Evaluate	by putting together	Grouping	Algebraic Expressions
 Evaluate	by putting together	Grouping	Variables
 Evaluate	by putting together	Grouping	Functions
 Evaluate	by putting together	Grouping	Chance Processes
 Evaluate	by putting together	Grouping	Arrays
 Evaluate	by adding to	Naming	Numbers
 Evaluate	by adding to	Naming	Terms
 Evaluate	by adding to	Naming	Factors
 Evaluate	by adding to	Naming	Angles
 Evaluate	by adding to	Naming	Algebraic Expressions
 Evaluate	by adding to	Naming	Variables
 Evaluate	by adding to	Naming	Functions
 Evaluate	by adding to	Naming	Chance Processes
 Evaluate	by adding to	Naming	Arrays
 Evaluate	by adding to	Sequencing	Numbers
 Evaluate	by adding to	Sequencing	Terms
 Evaluate	by adding to	Sequencing	Factors
 Evaluate	by adding to	Sequencing	Angles
 Evaluate	by adding to	Sequencing	Algebraic Expressions
 Evaluate	by adding to	Sequencing	Variables
 Evaluate	by adding to	Sequencing	Functions
 Evaluate	by adding to	Sequencing	Chance Processes
 Evaluate	by adding to	Sequencing	Arrays
 Evaluate	by adding to	Ordering	Numbers
 Evaluate	by adding to	Ordering	Terms
 Evaluate	by adding to	Ordering	Factors
 Evaluate	by adding to	Ordering	Angles
 Evaluate	by adding to	Ordering	Algebraic Expressions
 Evaluate	by adding to	Ordering	Variables
 Evaluate	by adding to	Ordering	Functions
 Evaluate	by adding to	Ordering	Chance Processes
 Evaluate	by adding to	Ordering	Arrays
 Evaluate	by adding to	Adding	Numbers
 Evaluate	by adding to	Adding	Terms
 Evaluate	by adding to	Adding	Factors
 Evaluate	by adding to	Adding	Angles
 Evaluate	by adding to	Adding	Algebraic Expressions
 Evaluate	by adding to	Adding	Variables
 Evaluate	by adding to	Adding	Functions
 Evaluate	by adding to	Adding	Chance Processes
 Evaluate	by adding to	Adding	Arrays
 Evaluate	by adding to	Subtracting	Numbers
 Evaluate	by adding to	Subtracting	Terms
 Evaluate	by adding to	Subtracting	Factors
 Evaluate	by adding to	Subtracting	Angles
 Evaluate	by adding to	Subtracting	Algebraic Expressions
 Evaluate	by adding to	Subtracting	Variables
 Evaluate	by adding to	Subtracting	Functions
 Evaluate	by adding to	Subtracting	Chance Processes
 Evaluate	by adding to	Subtracting	Arrays
 Evaluate	by adding to	Multiplying	Numbers
 Evaluate	by adding to	Multiplying	Terms
 Evaluate	by adding to	Multiplying	Factors
 Evaluate	by adding to	Multiplying	Angles
 Evaluate	by adding to	Multiplying	Algebraic Expressions
 Evaluate	by adding to	Multiplying	Variables
 Evaluate	by adding to	Multiplying	Functions
 Evaluate	by adding to	Multiplying	Chance Processes
 Evaluate	by adding to	Multiplying	Arrays
 Evaluate	by adding to	Dividing	Numbers
 Evaluate	by adding to	Dividing	Terms
 Evaluate	by adding to	Dividing	Factors
 Evaluate	by adding to	Dividing	Angles
 Evaluate	by adding to	Dividing	Algebraic Expressions
 Evaluate	by adding to	Dividing	Variables
 Evaluate	by adding to	Dividing	Functions
 Evaluate	by adding to	Dividing	Chance Processes
 Evaluate	by adding to	Dividing	Arrays
 Evaluate	by adding to	Negating	Numbers
 Evaluate	by adding to	Negating	Terms
 Evaluate	by adding to	Negating	Factors
 Evaluate	by adding to	Negating	Angles
 Evaluate	by adding to	Negating	Algebraic Expressions
 Evaluate	by adding to	Negating	Variables
 Evaluate	by adding to	Negating	Functions
 Evaluate	by adding to	Negating	Chance Processes
 Evaluate	by adding to	Negating	Arrays
 Evaluate	by adding to	Exponentiating	Numbers
 Evaluate	by adding to	Exponentiating	Terms
 Evaluate	by adding to	Exponentiating	Factors
 Evaluate	by adding to	Exponentiating	Angles
 Evaluate	by adding to	Exponentiating	Algebraic Expressions
 Evaluate	by adding to	Exponentiating	Variables
 Evaluate	by adding to	Exponentiating	Functions
 Evaluate	by adding to	Exponentiating	Chance Processes
 Evaluate	by adding to	Exponentiating	Arrays
 Evaluate	by adding to	Grouping	Numbers
 Evaluate	by adding to	Grouping	Terms
 Evaluate	by adding to	Grouping	Factors
 Evaluate	by adding to	Grouping	Angles
 Evaluate	by adding to	Grouping	Algebraic Expressions
 Evaluate	by adding to	Grouping	Variables
 Evaluate	by adding to	Grouping	Functions
 Evaluate	by adding to	Grouping	Chance Processes
 Evaluate	by adding to	Grouping	Arrays
 Evaluate	by taking apart	Naming	Numbers
 Evaluate	by taking apart	Naming	Terms
 Evaluate	by taking apart	Naming	Factors
 Evaluate	by taking apart	Naming	Angles
 Evaluate	by taking apart	Naming	Algebraic Expressions
 Evaluate	by taking apart	Naming	Variables
 Evaluate	by taking apart	Naming	Functions
 Evaluate	by taking apart	Naming	Chance Processes
 Evaluate	by taking apart	Naming	Arrays
 Evaluate	by taking apart	Sequencing	Numbers
 Evaluate	by taking apart	Sequencing	Terms
 Evaluate	by taking apart	Sequencing	Factors
 Evaluate	by taking apart	Sequencing	Angles
 Evaluate	by taking apart	Sequencing	Algebraic Expressions
 Evaluate	by taking apart	Sequencing	Variables
 Evaluate	by taking apart	Sequencing	Functions
 Evaluate	by taking apart	Sequencing	Chance Processes
 Evaluate	by taking apart	Sequencing	Arrays
 Evaluate	by taking apart	Ordering	Numbers
 Evaluate	by taking apart	Ordering	Terms
 Evaluate	by taking apart	Ordering	Factors
 Evaluate	by taking apart	Ordering	Angles
 Evaluate	by taking apart	Ordering	Algebraic Expressions
 Evaluate	by taking apart	Ordering	Variables
 Evaluate	by taking apart	Ordering	Functions
 Evaluate	by taking apart	Ordering	Chance Processes
 Evaluate	by taking apart	Ordering	Arrays
 Evaluate	by taking apart	Adding	Numbers
 Evaluate	by taking apart	Adding	Terms
 Evaluate	by taking apart	Adding	Factors
 Evaluate	by taking apart	Adding	Angles
 Evaluate	by taking apart	Adding	Algebraic Expressions
 Evaluate	by taking apart	Adding	Variables
 Evaluate	by taking apart	Adding	Functions
 Evaluate	by taking apart	Adding	Chance Processes
 Evaluate	by taking apart	Adding	Arrays
 Evaluate	by taking apart	Subtracting	Numbers
 Evaluate	by taking apart	Subtracting	Terms
 Evaluate	by taking apart	Subtracting	Factors
 Evaluate	by taking apart	Subtracting	Angles
 Evaluate	by taking apart	Subtracting	Algebraic Expressions
 Evaluate	by taking apart	Subtracting	Variables
 Evaluate	by taking apart	Subtracting	Functions
 Evaluate	by taking apart	Subtracting	Chance Processes
 Evaluate	by taking apart	Subtracting	Arrays
 Evaluate	by taking apart	Multiplying	Numbers
 Evaluate	by taking apart	Multiplying	Terms
 Evaluate	by taking apart	Multiplying	Factors
 Evaluate	by taking apart	Multiplying	Angles
 Evaluate	by taking apart	Multiplying	Algebraic Expressions
 Evaluate	by taking apart	Multiplying	Variables
 Evaluate	by taking apart	Multiplying	Functions
 Evaluate	by taking apart	Multiplying	Chance Processes
 Evaluate	by taking apart	Multiplying	Arrays
 Evaluate	by taking apart	Dividing	Numbers
 Evaluate	by taking apart	Dividing	Terms
 Evaluate	by taking apart	Dividing	Factors
 Evaluate	by taking apart	Dividing	Angles
 Evaluate	by taking apart	Dividing	Algebraic Expressions
 Evaluate	by taking apart	Dividing	Variables
 Evaluate	by taking apart	Dividing	Functions
 Evaluate	by taking apart	Dividing	Chance Processes
 Evaluate	by taking apart	Dividing	Arrays
 Evaluate	by taking apart	Negating	Numbers
 Evaluate	by taking apart	Negating	Terms
 Evaluate	by taking apart	Negating	Factors
 Evaluate	by taking apart	Negating	Angles
 Evaluate	by taking apart	Negating	Algebraic Expressions
 Evaluate	by taking apart	Negating	Variables
 Evaluate	by taking apart	Negating	Functions
 Evaluate	by taking apart	Negating	Chance Processes
 Evaluate	by taking apart	Negating	Arrays
 Evaluate	by taking apart	Exponentiating	Numbers
 Evaluate	by taking apart	Exponentiating	Terms
 Evaluate	by taking apart	Exponentiating	Factors
 Evaluate	by taking apart	Exponentiating	Angles
 Evaluate	by taking apart	Exponentiating	Algebraic Expressions
 Evaluate	by taking apart	Exponentiating	Variables
 Evaluate	by taking apart	Exponentiating	Functions
 Evaluate	by taking apart	Exponentiating	Chance Processes
 Evaluate	by taking apart	Exponentiating	Arrays
 Evaluate	by taking apart	Grouping	Numbers
 Evaluate	by taking apart	Grouping	Terms
 Evaluate	by taking apart	Grouping	Factors
 Evaluate	by taking apart	Grouping	Angles
 Evaluate	by taking apart	Grouping	Algebraic Expressions
 Evaluate	by taking apart	Grouping	Variables
 Evaluate	by taking apart	Grouping	Functions
 Evaluate	by taking apart	Grouping	Chance Processes
 Evaluate	by taking apart	Grouping	Arrays
 Evaluate	by taking from	Naming	Numbers
 Evaluate	by taking from	Naming	Terms
 Evaluate	by taking from	Naming	Factors
 Evaluate	by taking from	Naming	Angles
 Evaluate	by taking from	Naming	Algebraic Expressions
 Evaluate	by taking from	Naming	Variables
 Evaluate	by taking from	Naming	Functions
 Evaluate	by taking from	Naming	Chance Processes
 Evaluate	by taking from	Naming	Arrays
 Evaluate	by taking from	Sequencing	Numbers
 Evaluate	by taking from	Sequencing	Terms
 Evaluate	by taking from	Sequencing	Factors
 Evaluate	by taking from	Sequencing	Angles
 Evaluate	by taking from	Sequencing	Algebraic Expressions
 Evaluate	by taking from	Sequencing	Variables
 Evaluate	by taking from	Sequencing	Functions
 Evaluate	by taking from	Sequencing	Chance Processes
 Evaluate	by taking from	Sequencing	Arrays
 Evaluate	by taking from	Ordering	Numbers
 Evaluate	by taking from	Ordering	Terms
 Evaluate	by taking from	Ordering	Factors
 Evaluate	by taking from	Ordering	Angles
 Evaluate	by taking from	Ordering	Algebraic Expressions
 Evaluate	by taking from	Ordering	Variables
 Evaluate	by taking from	Ordering	Functions
 Evaluate	by taking from	Ordering	Chance Processes
 Evaluate	by taking from	Ordering	Arrays
 Evaluate	by taking from	Adding	Numbers
 Evaluate	by taking from	Adding	Terms
 Evaluate	by taking from	Adding	Factors
 Evaluate	by taking from	Adding	Angles
 Evaluate	by taking from	Adding	Algebraic Expressions
 Evaluate	by taking from	Adding	Variables
 Evaluate	by taking from	Adding	Functions
 Evaluate	by taking from	Adding	Chance Processes
 Evaluate	by taking from	Adding	Arrays
 Evaluate	by taking from	Subtracting	Numbers
 Evaluate	by taking from	Subtracting	Terms
 Evaluate	by taking from	Subtracting	Factors
 Evaluate	by taking from	Subtracting	Angles
 Evaluate	by taking from	Subtracting	Algebraic Expressions
 Evaluate	by taking from	Subtracting	Variables
 Evaluate	by taking from	Subtracting	Functions
 Evaluate	by taking from	Subtracting	Chance Processes
 Evaluate	by taking from	Subtracting	Arrays
 Evaluate	by taking from	Multiplying	Numbers
 Evaluate	by taking from	Multiplying	Terms
 Evaluate	by taking from	Multiplying	Factors
 Evaluate	by taking from	Multiplying	Angles
 Evaluate	by taking from	Multiplying	Algebraic Expressions
 Evaluate	by taking from	Multiplying	Variables
 Evaluate	by taking from	Multiplying	Functions
 Evaluate	by taking from	Multiplying	Chance Processes
 Evaluate	by taking from	Multiplying	Arrays
 Evaluate	by taking from	Dividing	Numbers
 Evaluate	by taking from	Dividing	Terms
 Evaluate	by taking from	Dividing	Factors
 Evaluate	by taking from	Dividing	Angles
 Evaluate	by taking from	Dividing	Algebraic Expressions
 Evaluate	by taking from	Dividing	Variables
 Evaluate	by taking from	Dividing	Functions
 Evaluate	by taking from	Dividing	Chance Processes
 Evaluate	by taking from	Dividing	Arrays
 Evaluate	by taking from	Negating	Numbers
 Evaluate	by taking from	Negating	Terms
 Evaluate	by taking from	Negating	Factors
 Evaluate	by taking from	Negating	Angles
 Evaluate	by taking from	Negating	Algebraic Expressions
 Evaluate	by taking from	Negating	Variables
 Evaluate	by taking from	Negating	Functions
 Evaluate	by taking from	Negating	Chance Processes
 Evaluate	by taking from	Negating	Arrays
 Evaluate	by taking from	Exponentiating	Numbers
 Evaluate	by taking from	Exponentiating	Terms
 Evaluate	by taking from	Exponentiating	Factors
 Evaluate	by taking from	Exponentiating	Angles
 Evaluate	by taking from	Exponentiating	Algebraic Expressions
 Evaluate	by taking from	Exponentiating	Variables
 Evaluate	by taking from	Exponentiating	Functions
 Evaluate	by taking from	Exponentiating	Chance Processes
 Evaluate	by taking from	Exponentiating	Arrays
 Evaluate	by taking from	Grouping	Numbers
 Evaluate	by taking from	Grouping	Terms
 Evaluate	by taking from	Grouping	Factors
 Evaluate	by taking from	Grouping	Angles
 Evaluate	by taking from	Grouping	Algebraic Expressions
 Evaluate	by taking from	Grouping	Variables
 Evaluate	by taking from	Grouping	Functions
 Evaluate	by taking from	Grouping	Chance Processes
 Evaluate	by taking from	Grouping	Arrays
 Create	by putting together	Naming	Numbers
 Create	by putting together	Naming	Terms
 Create	by putting together	Naming	Factors
 Create	by putting together	Naming	Angles
 Create	by putting together	Naming	Algebraic Expressions
 Create	by putting together	Naming	Variables
 Create	by putting together	Naming	Functions
 Create	by putting together	Naming	Chance Processes
 Create	by putting together	Naming	Arrays
 Create	by putting together	Sequencing	Numbers
 Create	by putting together	Sequencing	Terms
 Create	by putting together	Sequencing	Factors
 Create	by putting together	Sequencing	Angles
 Create	by putting together	Sequencing	Algebraic Expressions
 Create	by putting together	Sequencing	Variables
 Create	by putting together	Sequencing	Functions
 Create	by putting together	Sequencing	Chance Processes
 Create	by putting together	Sequencing	Arrays
 Create	by putting together	Ordering	Numbers
 Create	by putting together	Ordering	Terms
 Create	by putting together	Ordering	Factors
 Create	by putting together	Ordering	Angles
 Create	by putting together	Ordering	Algebraic Expressions
 Create	by putting together	Ordering	Variables
 Create	by putting together	Ordering	Functions
 Create	by putting together	Ordering	Chance Processes
 Create	by putting together	Ordering	Arrays
 Create	by putting together	Adding	Numbers
 Create	by putting together	Adding	Terms
 Create	by putting together	Adding	Factors
 Create	by putting together	Adding	Angles
 Create	by putting together	Adding	Algebraic Expressions
 Create	by putting together	Adding	Variables
 Create	by putting together	Adding	Functions
 Create	by putting together	Adding	Chance Processes
 Create	by putting together	Adding	Arrays
 Create	by putting together	Subtracting	Numbers
 Create	by putting together	Subtracting	Terms
 Create	by putting together	Subtracting	Factors
 Create	by putting together	Subtracting	Angles
 Create	by putting together	Subtracting	Algebraic Expressions
 Create	by putting together	Subtracting	Variables
 Create	by putting together	Subtracting	Functions
 Create	by putting together	Subtracting	Chance Processes
 Create	by putting together	Subtracting	Arrays
 Create	by putting together	Multiplying	Numbers
 Create	by putting together	Multiplying	Terms
 Create	by putting together	Multiplying	Factors
 Create	by putting together	Multiplying	Angles
 Create	by putting together	Multiplying	Algebraic Expressions
 Create	by putting together	Multiplying	Variables
 Create	by putting together	Multiplying	Functions
 Create	by putting together	Multiplying	Chance Processes
 Create	by putting together	Multiplying	Arrays
 Create	by putting together	Dividing	Numbers
 Create	by putting together	Dividing	Terms
 Create	by putting together	Dividing	Factors
 Create	by putting together	Dividing	Angles
 Create	by putting together	Dividing	Algebraic Expressions
 Create	by putting together	Dividing	Variables
 Create	by putting together	Dividing	Functions
 Create	by putting together	Dividing	Chance Processes
 Create	by putting together	Dividing	Arrays
 Create	by putting together	Negating	Numbers
 Create	by putting together	Negating	Terms
 Create	by putting together	Negating	Factors
 Create	by putting together	Negating	Angles
 Create	by putting together	Negating	Algebraic Expressions
 Create	by putting together	Negating	Variables
 Create	by putting together	Negating	Functions
 Create	by putting together	Negating	Chance Processes
 Create	by putting together	Negating	Arrays
 Create	by putting together	Exponentiating	Numbers
 Create	by putting together	Exponentiating	Terms
 Create	by putting together	Exponentiating	Factors
 Create	by putting together	Exponentiating	Angles
 Create	by putting together	Exponentiating	Algebraic Expressions
 Create	by putting together	Exponentiating	Variables
 Create	by putting together	Exponentiating	Functions
 Create	by putting together	Exponentiating	Chance Processes
 Create	by putting together	Exponentiating	Arrays
 Create	by putting together	Grouping	Numbers
 Create	by putting together	Grouping	Terms
 Create	by putting together	Grouping	Factors
 Create	by putting together	Grouping	Angles
 Create	by putting together	Grouping	Algebraic Expressions
 Create	by putting together	Grouping	Variables
 Create	by putting together	Grouping	Functions
 Create	by putting together	Grouping	Chance Processes
 Create	by putting together	Grouping	Arrays
 Create	by adding to	Naming	Numbers
 Create	by adding to	Naming	Terms
 Create	by adding to	Naming	Factors
 Create	by adding to	Naming	Angles
 Create	by adding to	Naming	Algebraic Expressions
 Create	by adding to	Naming	Variables
 Create	by adding to	Naming	Functions
 Create	by adding to	Naming	Chance Processes
 Create	by adding to	Naming	Arrays
 Create	by adding to	Sequencing	Numbers
 Create	by adding to	Sequencing	Terms
 Create	by adding to	Sequencing	Factors
 Create	by adding to	Sequencing	Angles
 Create	by adding to	Sequencing	Algebraic Expressions
 Create	by adding to	Sequencing	Variables
 Create	by adding to	Sequencing	Functions
 Create	by adding to	Sequencing	Chance Processes
 Create	by adding to	Sequencing	Arrays
 Create	by adding to	Ordering	Numbers
 Create	by adding to	Ordering	Terms
 Create	by adding to	Ordering	Factors
 Create	by adding to	Ordering	Angles
 Create	by adding to	Ordering	Algebraic Expressions
 Create	by adding to	Ordering	Variables
 Create	by adding to	Ordering	Functions
 Create	by adding to	Ordering	Chance Processes
 Create	by adding to	Ordering	Arrays
 Create	by adding to	Adding	Numbers
 Create	by adding to	Adding	Terms
 Create	by adding to	Adding	Factors
 Create	by adding to	Adding	Angles
 Create	by adding to	Adding	Algebraic Expressions
 Create	by adding to	Adding	Variables
 Create	by adding to	Adding	Functions
 Create	by adding to	Adding	Chance Processes
 Create	by adding to	Adding	Arrays
 Create	by adding to	Subtracting	Numbers
 Create	by adding to	Subtracting	Terms
 Create	by adding to	Subtracting	Factors
 Create	by adding to	Subtracting	Angles
 Create	by adding to	Subtracting	Algebraic Expressions
 Create	by adding to	Subtracting	Variables
 Create	by adding to	Subtracting	Functions
 Create	by adding to	Subtracting	Chance Processes
 Create	by adding to	Subtracting	Arrays
 Create	by adding to	Multiplying	Numbers
 Create	by adding to	Multiplying	Terms
 Create	by adding to	Multiplying	Factors
 Create	by adding to	Multiplying	Angles
 Create	by adding to	Multiplying	Algebraic Expressions
 Create	by adding to	Multiplying	Variables
 Create	by adding to	Multiplying	Functions
 Create	by adding to	Multiplying	Chance Processes
 Create	by adding to	Multiplying	Arrays
 Create	by adding to	Dividing	Numbers
 Create	by adding to	Dividing	Terms
 Create	by adding to	Dividing	Factors
 Create	by adding to	Dividing	Angles
 Create	by adding to	Dividing	Algebraic Expressions
 Create	by adding to	Dividing	Variables
 Create	by adding to	Dividing	Functions
 Create	by adding to	Dividing	Chance Processes
 Create	by adding to	Dividing	Arrays
 Create	by adding to	Negating	Numbers
 Create	by adding to	Negating	Terms
 Create	by adding to	Negating	Factors
 Create	by adding to	Negating	Angles
 Create	by adding to	Negating	Algebraic Expressions
 Create	by adding to	Negating	Variables
 Create	by adding to	Negating	Functions
 Create	by adding to	Negating	Chance Processes
 Create	by adding to	Negating	Arrays
 Create	by adding to	Exponentiating	Numbers
 Create	by adding to	Exponentiating	Terms
 Create	by adding to	Exponentiating	Factors
 Create	by adding to	Exponentiating	Angles
 Create	by adding to	Exponentiating	Algebraic Expressions
 Create	by adding to	Exponentiating	Variables
 Create	by adding to	Exponentiating	Functions
 Create	by adding to	Exponentiating	Chance Processes
 Create	by adding to	Exponentiating	Arrays
 Create	by adding to	Grouping	Numbers
 Create	by adding to	Grouping	Terms
 Create	by adding to	Grouping	Factors
 Create	by adding to	Grouping	Angles
 Create	by adding to	Grouping	Algebraic Expressions
 Create	by adding to	Grouping	Variables
 Create	by adding to	Grouping	Functions
 Create	by adding to	Grouping	Chance Processes
 Create	by adding to	Grouping	Arrays
 Create	by taking apart	Naming	Numbers
 Create	by taking apart	Naming	Terms
 Create	by taking apart	Naming	Factors
 Create	by taking apart	Naming	Angles
 Create	by taking apart	Naming	Algebraic Expressions
 Create	by taking apart	Naming	Variables
 Create	by taking apart	Naming	Functions
 Create	by taking apart	Naming	Chance Processes
 Create	by taking apart	Naming	Arrays
 Create	by taking apart	Sequencing	Numbers
 Create	by taking apart	Sequencing	Terms
 Create	by taking apart	Sequencing	Factors
 Create	by taking apart	Sequencing	Angles
 Create	by taking apart	Sequencing	Algebraic Expressions
 Create	by taking apart	Sequencing	Variables
 Create	by taking apart	Sequencing	Functions
 Create	by taking apart	Sequencing	Chance Processes
 Create	by taking apart	Sequencing	Arrays
 Create	by taking apart	Ordering	Numbers
 Create	by taking apart	Ordering	Terms
 Create	by taking apart	Ordering	Factors
 Create	by taking apart	Ordering	Angles
 Create	by taking apart	Ordering	Algebraic Expressions
 Create	by taking apart	Ordering	Variables
 Create	by taking apart	Ordering	Functions
 Create	by taking apart	Ordering	Chance Processes
 Create	by taking apart	Ordering	Arrays
 Create	by taking apart	Adding	Numbers
 Create	by taking apart	Adding	Terms
 Create	by taking apart	Adding	Factors
 Create	by taking apart	Adding	Angles
 Create	by taking apart	Adding	Algebraic Expressions
 Create	by taking apart	Adding	Variables
 Create	by taking apart	Adding	Functions
 Create	by taking apart	Adding	Chance Processes
 Create	by taking apart	Adding	Arrays
 Create	by taking apart	Subtracting	Numbers
 Create	by taking apart	Subtracting	Terms
 Create	by taking apart	Subtracting	Factors
 Create	by taking apart	Subtracting	Angles
 Create	by taking apart	Subtracting	Algebraic Expressions
 Create	by taking apart	Subtracting	Variables
 Create	by taking apart	Subtracting	Functions
 Create	by taking apart	Subtracting	Chance Processes
 Create	by taking apart	Subtracting	Arrays
 Create	by taking apart	Multiplying	Numbers
 Create	by taking apart	Multiplying	Terms
 Create	by taking apart	Multiplying	Factors
 Create	by taking apart	Multiplying	Angles
 Create	by taking apart	Multiplying	Algebraic Expressions
 Create	by taking apart	Multiplying	Variables
 Create	by taking apart	Multiplying	Functions
 Create	by taking apart	Multiplying	Chance Processes
 Create	by taking apart	Multiplying	Arrays
 Create	by taking apart	Dividing	Numbers
 Create	by taking apart	Dividing	Terms
 Create	by taking apart	Dividing	Factors
 Create	by taking apart	Dividing	Angles
 Create	by taking apart	Dividing	Algebraic Expressions
 Create	by taking apart	Dividing	Variables
 Create	by taking apart	Dividing	Functions
 Create	by taking apart	Dividing	Chance Processes
 Create	by taking apart	Dividing	Arrays
 Create	by taking apart	Negating	Numbers
 Create	by taking apart	Negating	Terms
 Create	by taking apart	Negating	Factors
 Create	by taking apart	Negating	Angles
 Create	by taking apart	Negating	Algebraic Expressions
 Create	by taking apart	Negating	Variables
 Create	by taking apart	Negating	Functions
 Create	by taking apart	Negating	Chance Processes
 Create	by taking apart	Negating	Arrays
 Create	by taking apart	Exponentiating	Numbers
 Create	by taking apart	Exponentiating	Terms
 Create	by taking apart	Exponentiating	Factors
 Create	by taking apart	Exponentiating	Angles
 Create	by taking apart	Exponentiating	Algebraic Expressions
 Create	by taking apart	Exponentiating	Variables
 Create	by taking apart	Exponentiating	Functions
 Create	by taking apart	Exponentiating	Chance Processes
 Create	by taking apart	Exponentiating	Arrays
 Create	by taking apart	Grouping	Numbers
 Create	by taking apart	Grouping	Terms
 Create	by taking apart	Grouping	Factors
 Create	by taking apart	Grouping	Angles
 Create	by taking apart	Grouping	Algebraic Expressions
 Create	by taking apart	Grouping	Variables
 Create	by taking apart	Grouping	Functions
 Create	by taking apart	Grouping	Chance Processes
 Create	by taking apart	Grouping	Arrays
 Create	by taking from	Naming	Numbers
 Create	by taking from	Naming	Terms
 Create	by taking from	Naming	Factors
 Create	by taking from	Naming	Angles
 Create	by taking from	Naming	Algebraic Expressions
 Create	by taking from	Naming	Variables
 Create	by taking from	Naming	Functions
 Create	by taking from	Naming	Chance Processes
 Create	by taking from	Naming	Arrays
 Create	by taking from	Sequencing	Numbers
 Create	by taking from	Sequencing	Terms
 Create	by taking from	Sequencing	Factors
 Create	by taking from	Sequencing	Angles
 Create	by taking from	Sequencing	Algebraic Expressions
 Create	by taking from	Sequencing	Variables
 Create	by taking from	Sequencing	Functions
 Create	by taking from	Sequencing	Chance Processes
 Create	by taking from	Sequencing	Arrays
 Create	by taking from	Ordering	Numbers
 Create	by taking from	Ordering	Terms
 Create	by taking from	Ordering	Factors
 Create	by taking from	Ordering	Angles
 Create	by taking from	Ordering	Algebraic Expressions
 Create	by taking from	Ordering	Variables
 Create	by taking from	Ordering	Functions
 Create	by taking from	Ordering	Chance Processes
 Create	by taking from	Ordering	Arrays
 Create	by taking from	Adding	Numbers
 Create	by taking from	Adding	Terms
 Create	by taking from	Adding	Factors
 Create	by taking from	Adding	Angles
 Create	by taking from	Adding	Algebraic Expressions
 Create	by taking from	Adding	Variables
 Create	by taking from	Adding	Functions
 Create	by taking from	Adding	Chance Processes
 Create	by taking from	Adding	Arrays
 Create	by taking from	Subtracting	Numbers
 Create	by taking from	Subtracting	Terms
 Create	by taking from	Subtracting	Factors
 Create	by taking from	Subtracting	Angles
 Create	by taking from	Subtracting	Algebraic Expressions
 Create	by taking from	Subtracting	Variables
 Create	by taking from	Subtracting	Functions
 Create	by taking from	Subtracting	Chance Processes
 Create	by taking from	Subtracting	Arrays
 Create	by taking from	Multiplying	Numbers
 Create	by taking from	Multiplying	Terms
 Create	by taking from	Multiplying	Factors
 Create	by taking from	Multiplying	Angles
 Create	by taking from	Multiplying	Algebraic Expressions
 Create	by taking from	Multiplying	Variables
 Create	by taking from	Multiplying	Functions
 Create	by taking from	Multiplying	Chance Processes
 Create	by taking from	Multiplying	Arrays
 Create	by taking from	Dividing	Numbers
 Create	by taking from	Dividing	Terms
 Create	by taking from	Dividing	Factors
 Create	by taking from	Dividing	Angles
 Create	by taking from	Dividing	Algebraic Expressions
 Create	by taking from	Dividing	Variables
 Create	by taking from	Dividing	Functions
 Create	by taking from	Dividing	Chance Processes
 Create	by taking from	Dividing	Arrays
 Create	by taking from	Negating	Numbers
 Create	by taking from	Negating	Terms
 Create	by taking from	Negating	Factors
 Create	by taking from	Negating	Angles
 Create	by taking from	Negating	Algebraic Expressions
 Create	by taking from	Negating	Variables
 Create	by taking from	Negating	Functions
 Create	by taking from	Negating	Chance Processes
 Create	by taking from	Negating	Arrays
 Create	by taking from	Exponentiating	Numbers
 Create	by taking from	Exponentiating	Terms
 Create	by taking from	Exponentiating	Factors
 Create	by taking from	Exponentiating	Angles
 Create	by taking from	Exponentiating	Algebraic Expressions
 Create	by taking from	Exponentiating	Variables
 Create	by taking from	Exponentiating	Functions
 Create	by taking from	Exponentiating	Chance Processes
 Create	by taking from	Exponentiating	Arrays
 Create	by taking from	Grouping	Numbers
 Create	by taking from	Grouping	Terms
 Create	by taking from	Grouping	Factors
 Create	by taking from	Grouping	Angles
 Create	by taking from	Grouping	Algebraic Expressions
 Create	by taking from	Grouping	Variables
 Create	by taking from	Grouping	Functions
 Create	by taking from	Grouping	Chance Processes
 Create	by taking from	Grouping	Arrays
 Understand	by putting together	Naming	Numbers
 Understand	by putting together	Naming	Terms
 Understand	by putting together	Naming	Factors
 Understand	by putting together	Naming	Angles
 Understand	by putting together	Naming	Algebraic Expressions
 Understand	by putting together	Naming	Variables
 Understand	by putting together	Naming	Functions
 Understand	by putting together	Naming	Chance Processes
 Understand	by putting together	Naming	Arrays
 Understand	by putting together	Sequencing	Numbers
 Understand	by putting together	Sequencing	Terms
 Understand	by putting together	Sequencing	Factors
 Understand	by putting together	Sequencing	Angles
 Understand	by putting together	Sequencing	Algebraic Expressions
 Understand	by putting together	Sequencing	Variables
 Understand	by putting together	Sequencing	Functions
 Understand	by putting together	Sequencing	Chance Processes
 Understand	by putting together	Sequencing	Arrays
 Understand	by putting together	Ordering	Numbers
 Understand	by putting together	Ordering	Terms
 Understand	by putting together	Ordering	Factors
 Understand	by putting together	Ordering	Angles
 Understand	by putting together	Ordering	Algebraic Expressions
 Understand	by putting together	Ordering	Variables
 Understand	by putting together	Ordering	Functions
 Understand	by putting together	Ordering	Chance Processes
 Understand	by putting together	Ordering	Arrays
 Understand	by putting together	Adding	Numbers
 Understand	by putting together	Adding	Terms
 Understand	by putting together	Adding	Factors
 Understand	by putting together	Adding	Angles
 Understand	by putting together	Adding	Algebraic Expressions
 Understand	by putting together	Adding	Variables
 Understand	by putting together	Adding	Functions
 Understand	by putting together	Adding	Chance Processes
 Understand	by putting together	Adding	Arrays
 Understand	by putting together	Subtracting	Numbers
 Understand	by putting together	Subtracting	Terms
 Understand	by putting together	Subtracting	Factors
 Understand	by putting together	Subtracting	Angles
 Understand	by putting together	Subtracting	Algebraic Expressions
 Understand	by putting together	Subtracting	Variables
 Understand	by putting together	Subtracting	Functions
 Understand	by putting together	Subtracting	Chance Processes
 Understand	by putting together	Subtracting	Arrays
 Understand	by putting together	Multiplying	Numbers
 Understand	by putting together	Multiplying	Terms
 Understand	by putting together	Multiplying	Factors
 Understand	by putting together	Multiplying	Angles
 Understand	by putting together	Multiplying	Algebraic Expressions
 Understand	by putting together	Multiplying	Variables
 Understand	by putting together	Multiplying	Functions
 Understand	by putting together	Multiplying	Chance Processes
 Understand	by putting together	Multiplying	Arrays
 Understand	by putting together	Dividing	Numbers
 Understand	by putting together	Dividing	Terms
 Understand	by putting together	Dividing	Factors
 Understand	by putting together	Dividing	Angles
 Understand	by putting together	Dividing	Algebraic Expressions
 Understand	by putting together	Dividing	Variables
 Understand	by putting together	Dividing	Functions
 Understand	by putting together	Dividing	Chance Processes
 Understand	by putting together	Dividing	Arrays
 Understand	by putting together	Negating	Numbers
 Understand	by putting together	Negating	Terms
 Understand	by putting together	Negating	Factors
 Understand	by putting together	Negating	Angles
 Understand	by putting together	Negating	Algebraic Expressions
 Understand	by putting together	Negating	Variables
 Understand	by putting together	Negating	Functions
 Understand	by putting together	Negating	Chance Processes
 Understand	by putting together	Negating	Arrays
 Understand	by putting together	Exponentiating	Numbers
 Understand	by putting together	Exponentiating	Terms
 Understand	by putting together	Exponentiating	Factors
 Understand	by putting together	Exponentiating	Angles
 Understand	by putting together	Exponentiating	Algebraic Expressions
 Understand	by putting together	Exponentiating	Variables
 Understand	by putting together	Exponentiating	Functions
 Understand	by putting together	Exponentiating	Chance Processes
 Understand	by putting together	Exponentiating	Arrays
 Understand	by putting together	Grouping	Numbers
 Understand	by putting together	Grouping	Terms
 Understand	by putting together	Grouping	Factors
 Understand	by putting together	Grouping	Angles
 Understand	by putting together	Grouping	Algebraic Expressions
 Understand	by putting together	Grouping	Variables
 Understand	by putting together	Grouping	Functions
 Understand	by putting together	Grouping	Chance Processes
 Understand	by putting together	Grouping	Arrays
 Understand	by adding to	Naming	Numbers
 Understand	by adding to	Naming	Terms
 Understand	by adding to	Naming	Factors
 Understand	by adding to	Naming	Angles
 Understand	by adding to	Naming	Algebraic Expressions
 Understand	by adding to	Naming	Variables
 Understand	by adding to	Naming	Functions
 Understand	by adding to	Naming	Chance Processes
 Understand	by adding to	Naming	Arrays
 Understand	by adding to	Sequencing	Numbers
 Understand	by adding to	Sequencing	Terms
 Understand	by adding to	Sequencing	Factors
 Understand	by adding to	Sequencing	Angles
 Understand	by adding to	Sequencing	Algebraic Expressions
 Understand	by adding to	Sequencing	Variables
 Understand	by adding to	Sequencing	Functions
 Understand	by adding to	Sequencing	Chance Processes
 Understand	by adding to	Sequencing	Arrays
 Understand	by adding to	Ordering	Numbers
 Understand	by adding to	Ordering	Terms
 Understand	by adding to	Ordering	Factors
 Understand	by adding to	Ordering	Angles
 Understand	by adding to	Ordering	Algebraic Expressions
 Understand	by adding to	Ordering	Variables
 Understand	by adding to	Ordering	Functions
 Understand	by adding to	Ordering	Chance Processes
 Understand	by adding to	Ordering	Arrays
 Understand	by adding to	Adding	Numbers
 Understand	by adding to	Adding	Terms
 Understand	by adding to	Adding	Factors
 Understand	by adding to	Adding	Angles
 Understand	by adding to	Adding	Algebraic Expressions
 Understand	by adding to	Adding	Variables
 Understand	by adding to	Adding	Functions
 Understand	by adding to	Adding	Chance Processes
 Understand	by adding to	Adding	Arrays
 Understand	by adding to	Subtracting	Numbers
 Understand	by adding to	Subtracting	Terms
 Understand	by adding to	Subtracting	Factors
 Understand	by adding to	Subtracting	Angles
 Understand	by adding to	Subtracting	Algebraic Expressions
 Understand	by adding to	Subtracting	Variables
 Understand	by adding to	Subtracting	Functions
 Understand	by adding to	Subtracting	Chance Processes
 Understand	by adding to	Subtracting	Arrays
 Understand	by adding to	Multiplying	Numbers
 Understand	by adding to	Multiplying	Terms
 Understand	by adding to	Multiplying	Factors
 Understand	by adding to	Multiplying	Angles
 Understand	by adding to	Multiplying	Algebraic Expressions
 Understand	by adding to	Multiplying	Variables
 Understand	by adding to	Multiplying	Functions
 Understand	by adding to	Multiplying	Chance Processes
 Understand	by adding to	Multiplying	Arrays
 Understand	by adding to	Dividing	Numbers
 Understand	by adding to	Dividing	Terms
 Understand	by adding to	Dividing	Factors
 Understand	by adding to	Dividing	Angles
 Understand	by adding to	Dividing	Algebraic Expressions
 Understand	by adding to	Dividing	Variables
 Understand	by adding to	Dividing	Functions
 Understand	by adding to	Dividing	Chance Processes
 Understand	by adding to	Dividing	Arrays
 Understand	by adding to	Negating	Numbers
 Understand	by adding to	Negating	Terms
 Understand	by adding to	Negating	Factors
 Understand	by adding to	Negating	Angles
 Understand	by adding to	Negating	Algebraic Expressions
 Understand	by adding to	Negating	Variables
 Understand	by adding to	Negating	Functions
 Understand	by adding to	Negating	Chance Processes
 Understand	by adding to	Negating	Arrays
 Understand	by adding to	Exponentiating	Numbers
 Understand	by adding to	Exponentiating	Terms
 Understand	by adding to	Exponentiating	Factors
 Understand	by adding to	Exponentiating	Angles
 Understand	by adding to	Exponentiating	Algebraic Expressions
 Understand	by adding to	Exponentiating	Variables
 Understand	by adding to	Exponentiating	Functions
 Understand	by adding to	Exponentiating	Chance Processes
 Understand	by adding to	Exponentiating	Arrays
 Understand	by adding to	Grouping	Numbers
 Understand	by adding to	Grouping	Terms
 Understand	by adding to	Grouping	Factors
 Understand	by adding to	Grouping	Angles
 Understand	by adding to	Grouping	Algebraic Expressions
 Understand	by adding to	Grouping	Variables
 Understand	by adding to	Grouping	Functions
 Understand	by adding to	Grouping	Chance Processes
 Understand	by adding to	Grouping	Arrays
 Understand	by taking apart	Naming	Numbers
 Understand	by taking apart	Naming	Terms
 Understand	by taking apart	Naming	Factors
 Understand	by taking apart	Naming	Angles
 Understand	by taking apart	Naming	Algebraic Expressions
 Understand	by taking apart	Naming	Variables
 Understand	by taking apart	Naming	Functions
 Understand	by taking apart	Naming	Chance Processes
 Understand	by taking apart	Naming	Arrays
 Understand	by taking apart	Sequencing	Numbers
 Understand	by taking apart	Sequencing	Terms
 Understand	by taking apart	Sequencing	Factors
 Understand	by taking apart	Sequencing	Angles
 Understand	by taking apart	Sequencing	Algebraic Expressions
 Understand	by taking apart	Sequencing	Variables
 Understand	by taking apart	Sequencing	Functions
 Understand	by taking apart	Sequencing	Chance Processes
 Understand	by taking apart	Sequencing	Arrays
 Understand	by taking apart	Ordering	Numbers
 Understand	by taking apart	Ordering	Terms
 Understand	by taking apart	Ordering	Factors
 Understand	by taking apart	Ordering	Angles
 Understand	by taking apart	Ordering	Algebraic Expressions
 Understand	by taking apart	Ordering	Variables
 Understand	by taking apart	Ordering	Functions
 Understand	by taking apart	Ordering	Chance Processes
 Understand	by taking apart	Ordering	Arrays
 Understand	by taking apart	Adding	Numbers
 Understand	by taking apart	Adding	Terms
 Understand	by taking apart	Adding	Factors
 Understand	by taking apart	Adding	Angles
 Understand	by taking apart	Adding	Algebraic Expressions
 Understand	by taking apart	Adding	Variables
 Understand	by taking apart	Adding	Functions
 Understand	by taking apart	Adding	Chance Processes
 Understand	by taking apart	Adding	Arrays
 Understand	by taking apart	Subtracting	Numbers
 Understand	by taking apart	Subtracting	Terms
 Understand	by taking apart	Subtracting	Factors
 Understand	by taking apart	Subtracting	Angles
 Understand	by taking apart	Subtracting	Algebraic Expressions
 Understand	by taking apart	Subtracting	Variables
 Understand	by taking apart	Subtracting	Functions
 Understand	by taking apart	Subtracting	Chance Processes
 Understand	by taking apart	Subtracting	Arrays
 Understand	by taking apart	Multiplying	Numbers
 Understand	by taking apart	Multiplying	Terms
 Understand	by taking apart	Multiplying	Factors
 Understand	by taking apart	Multiplying	Angles
 Understand	by taking apart	Multiplying	Algebraic Expressions
 Understand	by taking apart	Multiplying	Variables
 Understand	by taking apart	Multiplying	Functions
 Understand	by taking apart	Multiplying	Chance Processes
 Understand	by taking apart	Multiplying	Arrays
 Understand	by taking apart	Dividing	Numbers
 Understand	by taking apart	Dividing	Terms
 Understand	by taking apart	Dividing	Factors
 Understand	by taking apart	Dividing	Angles
 Understand	by taking apart	Dividing	Algebraic Expressions
 Understand	by taking apart	Dividing	Variables
 Understand	by taking apart	Dividing	Functions
 Understand	by taking apart	Dividing	Chance Processes
 Understand	by taking apart	Dividing	Arrays
 Understand	by taking apart	Negating	Numbers
 Understand	by taking apart	Negating	Terms
 Understand	by taking apart	Negating	Factors
 Understand	by taking apart	Negating	Angles
 Understand	by taking apart	Negating	Algebraic Expressions
 Understand	by taking apart	Negating	Variables
 Understand	by taking apart	Negating	Functions
 Understand	by taking apart	Negating	Chance Processes
 Understand	by taking apart	Negating	Arrays
 Understand	by taking apart	Exponentiating	Numbers
 Understand	by taking apart	Exponentiating	Terms
 Understand	by taking apart	Exponentiating	Factors
 Understand	by taking apart	Exponentiating	Angles
 Understand	by taking apart	Exponentiating	Algebraic Expressions
 Understand	by taking apart	Exponentiating	Variables
 Understand	by taking apart	Exponentiating	Functions
 Understand	by taking apart	Exponentiating	Chance Processes
 Understand	by taking apart	Exponentiating	Arrays
 Understand	by taking apart	Grouping	Numbers
 Understand	by taking apart	Grouping	Terms
 Understand	by taking apart	Grouping	Factors
 Understand	by taking apart	Grouping	Angles
 Understand	by taking apart	Grouping	Algebraic Expressions
 Understand	by taking apart	Grouping	Variables
 Understand	by taking apart	Grouping	Functions
 Understand	by taking apart	Grouping	Chance Processes
 Understand	by taking apart	Grouping	Arrays
 Understand	by taking from	Naming	Numbers
 Understand	by taking from	Naming	Terms
 Understand	by taking from	Naming	Factors
 Understand	by taking from	Naming	Angles
 Understand	by taking from	Naming	Algebraic Expressions
 Understand	by taking from	Naming	Variables
 Understand	by taking from	Naming	Functions
 Understand	by taking from	Naming	Chance Processes
 Understand	by taking from	Naming	Arrays
 Understand	by taking from	Sequencing	Numbers
 Understand	by taking from	Sequencing	Terms
 Understand	by taking from	Sequencing	Factors
 Understand	by taking from	Sequencing	Angles
 Understand	by taking from	Sequencing	Algebraic Expressions
 Understand	by taking from	Sequencing	Variables
 Understand	by taking from	Sequencing	Functions
 Understand	by taking from	Sequencing	Chance Processes
 Understand	by taking from	Sequencing	Arrays
 Understand	by taking from	Ordering	Numbers
 Understand	by taking from	Ordering	Terms
 Understand	by taking from	Ordering	Factors
 Understand	by taking from	Ordering	Angles
 Understand	by taking from	Ordering	Algebraic Expressions
 Understand	by taking from	Ordering	Variables
 Understand	by taking from	Ordering	Functions
 Understand	by taking from	Ordering	Chance Processes
 Understand	by taking from	Ordering	Arrays
 Understand	by taking from	Adding	Numbers
 Understand	by taking from	Adding	Terms
 Understand	by taking from	Adding	Factors
 Understand	by taking from	Adding	Angles
 Understand	by taking from	Adding	Algebraic Expressions
 Understand	by taking from	Adding	Variables
 Understand	by taking from	Adding	Functions
 Understand	by taking from	Adding	Chance Processes
 Understand	by taking from	Adding	Arrays
 Understand	by taking from	Subtracting	Numbers
 Understand	by taking from	Subtracting	Terms
 Understand	by taking from	Subtracting	Factors
 Understand	by taking from	Subtracting	Angles
 Understand	by taking from	Subtracting	Algebraic Expressions
 Understand	by taking from	Subtracting	Variables
 Understand	by taking from	Subtracting	Functions
 Understand	by taking from	Subtracting	Chance Processes
 Understand	by taking from	Subtracting	Arrays
 Understand	by taking from	Multiplying	Numbers
 Understand	by taking from	Multiplying	Terms
 Understand	by taking from	Multiplying	Factors
 Understand	by taking from	Multiplying	Angles
 Understand	by taking from	Multiplying	Algebraic Expressions
 Understand	by taking from	Multiplying	Variables
 Understand	by taking from	Multiplying	Functions
 Understand	by taking from	Multiplying	Chance Processes
 Understand	by taking from	Multiplying	Arrays
 Understand	by taking from	Dividing	Numbers
 Understand	by taking from	Dividing	Terms
 Understand	by taking from	Dividing	Factors
 Understand	by taking from	Dividing	Angles
 Understand	by taking from	Dividing	Algebraic Expressions
 Understand	by taking from	Dividing	Variables
 Understand	by taking from	Dividing	Functions
 Understand	by taking from	Dividing	Chance Processes
 Understand	by taking from	Dividing	Arrays
 Understand	by taking from	Negating	Numbers
 Understand	by taking from	Negating	Terms
 Understand	by taking from	Negating	Factors
 Understand	by taking from	Negating	Angles
 Understand	by taking from	Negating	Algebraic Expressions
 Understand	by taking from	Negating	Variables
 Understand	by taking from	Negating	Functions
 Understand	by taking from	Negating	Chance Processes
 Understand	by taking from	Negating	Arrays
 Understand	by taking from	Exponentiating	Numbers
 Understand	by taking from	Exponentiating	Terms
 Understand	by taking from	Exponentiating	Factors
 Understand	by taking from	Exponentiating	Angles
 Understand	by taking from	Exponentiating	Algebraic Expressions
 Understand	by taking from	Exponentiating	Variables
 Understand	by taking from	Exponentiating	Functions
 Understand	by taking from	Exponentiating	Chance Processes
 Understand	by taking from	Exponentiating	Arrays
 Understand	by taking from	Grouping	Numbers
 Understand	by taking from	Grouping	Terms
 Understand	by taking from	Grouping	Factors
 Understand	by taking from	Grouping	Angles
 Understand	by taking from	Grouping	Algebraic Expressions
 Understand	by taking from	Grouping	Variables
 Understand	by taking from	Grouping	Functions
 Understand	by taking from	Grouping	Chance Processes
 Understand	by taking from	Grouping	Arrays
 Apply	by putting together	Naming	Numbers
 Apply	by putting together	Naming	Terms
 Apply	by putting together	Naming	Factors
 Apply	by putting together	Naming	Angles
 Apply	by putting together	Naming	Algebraic Expressions
 Apply	by putting together	Naming	Variables
 Apply	by putting together	Naming	Functions
 Apply	by putting together	Naming	Chance Processes
 Apply	by putting together	Naming	Arrays
 Apply	by putting together	Sequencing	Numbers
 Apply	by putting together	Sequencing	Terms
 Apply	by putting together	Sequencing	Factors
 Apply	by putting together	Sequencing	Angles
 Apply	by putting together	Sequencing	Algebraic Expressions
 Apply	by putting together	Sequencing	Variables
 Apply	by putting together	Sequencing	Functions
 Apply	by putting together	Sequencing	Chance Processes
 Apply	by putting together	Sequencing	Arrays
 Apply	by putting together	Ordering	Numbers
 Apply	by putting together	Ordering	Terms
 Apply	by putting together	Ordering	Factors
 Apply	by putting together	Ordering	Angles
 Apply	by putting together	Ordering	Algebraic Expressions
 Apply	by putting together	Ordering	Variables
 Apply	by putting together	Ordering	Functions
 Apply	by putting together	Ordering	Chance Processes
 Apply	by putting together	Ordering	Arrays
 Apply	by putting together	Adding	Numbers
 Apply	by putting together	Adding	Terms
 Apply	by putting together	Adding	Factors
 Apply	by putting together	Adding	Angles
 Apply	by putting together	Adding	Algebraic Expressions
 Apply	by putting together	Adding	Variables
 Apply	by putting together	Adding	Functions
 Apply	by putting together	Adding	Chance Processes
 Apply	by putting together	Adding	Arrays
 Apply	by putting together	Subtracting	Numbers
 Apply	by putting together	Subtracting	Terms
 Apply	by putting together	Subtracting	Factors
 Apply	by putting together	Subtracting	Angles
 Apply	by putting together	Subtracting	Algebraic Expressions
 Apply	by putting together	Subtracting	Variables
 Apply	by putting together	Subtracting	Functions
 Apply	by putting together	Subtracting	Chance Processes
 Apply	by putting together	Subtracting	Arrays
 Apply	by putting together	Multiplying	Numbers
 Apply	by putting together	Multiplying	Terms
 Apply	by putting together	Multiplying	Factors
 Apply	by putting together	Multiplying	Angles
 Apply	by putting together	Multiplying	Algebraic Expressions
 Apply	by putting together	Multiplying	Variables
 Apply	by putting together	Multiplying	Functions
 Apply	by putting together	Multiplying	Chance Processes
 Apply	by putting together	Multiplying	Arrays
 Apply	by putting together	Dividing	Numbers
 Apply	by putting together	Dividing	Terms
 Apply	by putting together	Dividing	Factors
 Apply	by putting together	Dividing	Angles
 Apply	by putting together	Dividing	Algebraic Expressions
 Apply	by putting together	Dividing	Variables
 Apply	by putting together	Dividing	Functions
 Apply	by putting together	Dividing	Chance Processes
 Apply	by putting together	Dividing	Arrays
 Apply	by putting together	Negating	Numbers
 Apply	by putting together	Negating	Terms
 Apply	by putting together	Negating	Factors
 Apply	by putting together	Negating	Angles
 Apply	by putting together	Negating	Algebraic Expressions
 Apply	by putting together	Negating	Variables
 Apply	by putting together	Negating	Functions
 Apply	by putting together	Negating	Chance Processes
 Apply	by putting together	Negating	Arrays
 Apply	by putting together	Exponentiating	Numbers
 Apply	by putting together	Exponentiating	Terms
 Apply	by putting together	Exponentiating	Factors
 Apply	by putting together	Exponentiating	Angles
 Apply	by putting together	Exponentiating	Algebraic Expressions
 Apply	by putting together	Exponentiating	Variables
 Apply	by putting together	Exponentiating	Functions
 Apply	by putting together	Exponentiating	Chance Processes
 Apply	by putting together	Exponentiating	Arrays
 Apply	by putting together	Grouping	Numbers
 Apply	by putting together	Grouping	Terms
 Apply	by putting together	Grouping	Factors
 Apply	by putting together	Grouping	Angles
 Apply	by putting together	Grouping	Algebraic Expressions
 Apply	by putting together	Grouping	Variables
 Apply	by putting together	Grouping	Functions
 Apply	by putting together	Grouping	Chance Processes
 Apply	by putting together	Grouping	Arrays
 Apply	by adding to	Naming	Numbers
 Apply	by adding to	Naming	Terms
 Apply	by adding to	Naming	Factors
 Apply	by adding to	Naming	Angles
 Apply	by adding to	Naming	Algebraic Expressions
 Apply	by adding to	Naming	Variables
 Apply	by adding to	Naming	Functions
 Apply	by adding to	Naming	Chance Processes
 Apply	by adding to	Naming	Arrays
 Apply	by adding to	Sequencing	Numbers
 Apply	by adding to	Sequencing	Terms
 Apply	by adding to	Sequencing	Factors
 Apply	by adding to	Sequencing	Angles
 Apply	by adding to	Sequencing	Algebraic Expressions
 Apply	by adding to	Sequencing	Variables
 Apply	by adding to	Sequencing	Functions
 Apply	by adding to	Sequencing	Chance Processes
 Apply	by adding to	Sequencing	Arrays
 Apply	by adding to	Ordering	Numbers
 Apply	by adding to	Ordering	Terms
 Apply	by adding to	Ordering	Factors
 Apply	by adding to	Ordering	Angles
 Apply	by adding to	Ordering	Algebraic Expressions
 Apply	by adding to	Ordering	Variables
 Apply	by adding to	Ordering	Functions
 Apply	by adding to	Ordering	Chance Processes
 Apply	by adding to	Ordering	Arrays
 Apply	by adding to	Adding	Numbers
 Apply	by adding to	Adding	Terms
 Apply	by adding to	Adding	Factors
 Apply	by adding to	Adding	Angles
 Apply	by adding to	Adding	Algebraic Expressions
 Apply	by adding to	Adding	Variables
 Apply	by adding to	Adding	Functions
 Apply	by adding to	Adding	Chance Processes
 Apply	by adding to	Adding	Arrays
 Apply	by adding to	Subtracting	Numbers
 Apply	by adding to	Subtracting	Terms
 Apply	by adding to	Subtracting	Factors
 Apply	by adding to	Subtracting	Angles
 Apply	by adding to	Subtracting	Algebraic Expressions
 Apply	by adding to	Subtracting	Variables
 Apply	by adding to	Subtracting	Functions
 Apply	by adding to	Subtracting	Chance Processes
 Apply	by adding to	Subtracting	Arrays
 Apply	by adding to	Multiplying	Numbers
 Apply	by adding to	Multiplying	Terms
 Apply	by adding to	Multiplying	Factors
 Apply	by adding to	Multiplying	Angles
 Apply	by adding to	Multiplying	Algebraic Expressions
 Apply	by adding to	Multiplying	Variables
 Apply	by adding to	Multiplying	Functions
 Apply	by adding to	Multiplying	Chance Processes
 Apply	by adding to	Multiplying	Arrays
 Apply	by adding to	Dividing	Numbers
 Apply	by adding to	Dividing	Terms
 Apply	by adding to	Dividing	Factors
 Apply	by adding to	Dividing	Angles
 Apply	by adding to	Dividing	Algebraic Expressions
 Apply	by adding to	Dividing	Variables
 Apply	by adding to	Dividing	Functions
 Apply	by adding to	Dividing	Chance Processes
 Apply	by adding to	Dividing	Arrays
 Apply	by adding to	Negating	Numbers
 Apply	by adding to	Negating	Terms
 Apply	by adding to	Negating	Factors
 Apply	by adding to	Negating	Angles
 Apply	by adding to	Negating	Algebraic Expressions
 Apply	by adding to	Negating	Variables
 Apply	by adding to	Negating	Functions
 Apply	by adding to	Negating	Chance Processes
 Apply	by adding to	Negating	Arrays
 Apply	by adding to	Exponentiating	Numbers
 Apply	by adding to	Exponentiating	Terms
 Apply	by adding to	Exponentiating	Factors
 Apply	by adding to	Exponentiating	Angles
 Apply	by adding to	Exponentiating	Algebraic Expressions
 Apply	by adding to	Exponentiating	Variables
 Apply	by adding to	Exponentiating	Functions
 Apply	by adding to	Exponentiating	Chance Processes
 Apply	by adding to	Exponentiating	Arrays
 Apply	by adding to	Grouping	Numbers
 Apply	by adding to	Grouping	Terms
 Apply	by adding to	Grouping	Factors
 Apply	by adding to	Grouping	Angles
 Apply	by adding to	Grouping	Algebraic Expressions
 Apply	by adding to	Grouping	Variables
 Apply	by adding to	Grouping	Functions
 Apply	by adding to	Grouping	Chance Processes
 Apply	by adding to	Grouping	Arrays
 Apply	by taking apart	Naming	Numbers
 Apply	by taking apart	Naming	Terms
 Apply	by taking apart	Naming	Factors
 Apply	by taking apart	Naming	Angles
 Apply	by taking apart	Naming	Algebraic Expressions
 Apply	by taking apart	Naming	Variables
 Apply	by taking apart	Naming	Functions
 Apply	by taking apart	Naming	Chance Processes
 Apply	by taking apart	Naming	Arrays
 Apply	by taking apart	Sequencing	Numbers
 Apply	by taking apart	Sequencing	Terms
 Apply	by taking apart	Sequencing	Factors
 Apply	by taking apart	Sequencing	Angles
 Apply	by taking apart	Sequencing	Algebraic Expressions
 Apply	by taking apart	Sequencing	Variables
 Apply	by taking apart	Sequencing	Functions
 Apply	by taking apart	Sequencing	Chance Processes
 Apply	by taking apart	Sequencing	Arrays
 Apply	by taking apart	Ordering	Numbers
 Apply	by taking apart	Ordering	Terms
 Apply	by taking apart	Ordering	Factors
 Apply	by taking apart	Ordering	Angles
 Apply	by taking apart	Ordering	Algebraic Expressions
 Apply	by taking apart	Ordering	Variables
 Apply	by taking apart	Ordering	Functions
 Apply	by taking apart	Ordering	Chance Processes
 Apply	by taking apart	Ordering	Arrays
 Apply	by taking apart	Adding	Numbers
 Apply	by taking apart	Adding	Terms
 Apply	by taking apart	Adding	Factors
 Apply	by taking apart	Adding	Angles
 Apply	by taking apart	Adding	Algebraic Expressions
 Apply	by taking apart	Adding	Variables
 Apply	by taking apart	Adding	Functions
 Apply	by taking apart	Adding	Chance Processes
 Apply	by taking apart	Adding	Arrays
 Apply	by taking apart	Subtracting	Numbers
 Apply	by taking apart	Subtracting	Terms
 Apply	by taking apart	Subtracting	Factors
 Apply	by taking apart	Subtracting	Angles
 Apply	by taking apart	Subtracting	Algebraic Expressions
 Apply	by taking apart	Subtracting	Variables
 Apply	by taking apart	Subtracting	Functions
 Apply	by taking apart	Subtracting	Chance Processes
 Apply	by taking apart	Subtracting	Arrays
 Apply	by taking apart	Multiplying	Numbers
 Apply	by taking apart	Multiplying	Terms
 Apply	by taking apart	Multiplying	Factors
 Apply	by taking apart	Multiplying	Angles
 Apply	by taking apart	Multiplying	Algebraic Expressions
 Apply	by taking apart	Multiplying	Variables
 Apply	by taking apart	Multiplying	Functions
 Apply	by taking apart	Multiplying	Chance Processes
 Apply	by taking apart	Multiplying	Arrays
 Apply	by taking apart	Dividing	Numbers
 Apply	by taking apart	Dividing	Terms
 Apply	by taking apart	Dividing	Factors
 Apply	by taking apart	Dividing	Angles
 Apply	by taking apart	Dividing	Algebraic Expressions
 Apply	by taking apart	Dividing	Variables
 Apply	by taking apart	Dividing	Functions
 Apply	by taking apart	Dividing	Chance Processes
 Apply	by taking apart	Dividing	Arrays
 Apply	by taking apart	Negating	Numbers
 Apply	by taking apart	Negating	Terms
 Apply	by taking apart	Negating	Factors
 Apply	by taking apart	Negating	Angles
 Apply	by taking apart	Negating	Algebraic Expressions
 Apply	by taking apart	Negating	Variables
 Apply	by taking apart	Negating	Functions
 Apply	by taking apart	Negating	Chance Processes
 Apply	by taking apart	Negating	Arrays
 Apply	by taking apart	Exponentiating	Numbers
 Apply	by taking apart	Exponentiating	Terms
 Apply	by taking apart	Exponentiating	Factors
 Apply	by taking apart	Exponentiating	Angles
 Apply	by taking apart	Exponentiating	Algebraic Expressions
 Apply	by taking apart	Exponentiating	Variables
 Apply	by taking apart	Exponentiating	Functions
 Apply	by taking apart	Exponentiating	Chance Processes
 Apply	by taking apart	Exponentiating	Arrays
 Apply	by taking apart	Grouping	Numbers
 Apply	by taking apart	Grouping	Terms
 Apply	by taking apart	Grouping	Factors
 Apply	by taking apart	Grouping	Angles
 Apply	by taking apart	Grouping	Algebraic Expressions
 Apply	by taking apart	Grouping	Variables
 Apply	by taking apart	Grouping	Functions
 Apply	by taking apart	Grouping	Chance Processes
 Apply	by taking apart	Grouping	Arrays
 Apply	by taking from	Naming	Numbers
 Apply	by taking from	Naming	Terms
 Apply	by taking from	Naming	Factors
 Apply	by taking from	Naming	Angles
 Apply	by taking from	Naming	Algebraic Expressions
 Apply	by taking from	Naming	Variables
 Apply	by taking from	Naming	Functions
 Apply	by taking from	Naming	Chance Processes
 Apply	by taking from	Naming	Arrays
 Apply	by taking from	Sequencing	Numbers
 Apply	by taking from	Sequencing	Terms
 Apply	by taking from	Sequencing	Factors
 Apply	by taking from	Sequencing	Angles
 Apply	by taking from	Sequencing	Algebraic Expressions
 Apply	by taking from	Sequencing	Variables
 Apply	by taking from	Sequencing	Functions
 Apply	by taking from	Sequencing	Chance Processes
 Apply	by taking from	Sequencing	Arrays
 Apply	by taking from	Ordering	Numbers
 Apply	by taking from	Ordering	Terms
 Apply	by taking from	Ordering	Factors
 Apply	by taking from	Ordering	Angles
 Apply	by taking from	Ordering	Algebraic Expressions
 Apply	by taking from	Ordering	Variables
 Apply	by taking from	Ordering	Functions
 Apply	by taking from	Ordering	Chance Processes
 Apply	by taking from	Ordering	Arrays
 Apply	by taking from	Adding	Numbers
 Apply	by taking from	Adding	Terms
 Apply	by taking from	Adding	Factors
 Apply	by taking from	Adding	Angles
 Apply	by taking from	Adding	Algebraic Expressions
 Apply	by taking from	Adding	Variables
 Apply	by taking from	Adding	Functions
 Apply	by taking from	Adding	Chance Processes
 Apply	by taking from	Adding	Arrays
 Apply	by taking from	Subtracting	Numbers
 Apply	by taking from	Subtracting	Terms
 Apply	by taking from	Subtracting	Factors
 Apply	by taking from	Subtracting	Angles
 Apply	by taking from	Subtracting	Algebraic Expressions
 Apply	by taking from	Subtracting	Variables
 Apply	by taking from	Subtracting	Functions
 Apply	by taking from	Subtracting	Chance Processes
 Apply	by taking from	Subtracting	Arrays
 Apply	by taking from	Multiplying	Numbers
 Apply	by taking from	Multiplying	Terms
 Apply	by taking from	Multiplying	Factors
 Apply	by taking from	Multiplying	Angles
 Apply	by taking from	Multiplying	Algebraic Expressions
 Apply	by taking from	Multiplying	Variables
 Apply	by taking from	Multiplying	Functions
 Apply	by taking from	Multiplying	Chance Processes
 Apply	by taking from	Multiplying	Arrays
 Apply	by taking from	Dividing	Numbers
 Apply	by taking from	Dividing	Terms
 Apply	by taking from	Dividing	Factors
 Apply	by taking from	Dividing	Angles
 Apply	by taking from	Dividing	Algebraic Expressions
 Apply	by taking from	Dividing	Variables
 Apply	by taking from	Dividing	Functions
 Apply	by taking from	Dividing	Chance Processes
 Apply	by taking from	Dividing	Arrays
 Apply	by taking from	Negating	Numbers
 Apply	by taking from	Negating	Terms
 Apply	by taking from	Negating	Factors
 Apply	by taking from	Negating	Angles
 Apply	by taking from	Negating	Algebraic Expressions
 Apply	by taking from	Negating	Variables
 Apply	by taking from	Negating	Functions
 Apply	by taking from	Negating	Chance Processes
 Apply	by taking from	Negating	Arrays
 Apply	by taking from	Exponentiating	Numbers
 Apply	by taking from	Exponentiating	Terms
 Apply	by taking from	Exponentiating	Factors
 Apply	by taking from	Exponentiating	Angles
 Apply	by taking from	Exponentiating	Algebraic Expressions
 Apply	by taking from	Exponentiating	Variables
 Apply	by taking from	Exponentiating	Functions
 Apply	by taking from	Exponentiating	Chance Processes
 Apply	by taking from	Exponentiating	Arrays
 Apply	by taking from	Grouping	Numbers
 Apply	by taking from	Grouping	Terms
 Apply	by taking from	Grouping	Factors
 Apply	by taking from	Grouping	Angles
 Apply	by taking from	Grouping	Algebraic Expressions
 Apply	by taking from	Grouping	Variables
 Apply	by taking from	Grouping	Functions
 Apply	by taking from	Grouping	Chance Processes
 Apply	by taking from	Grouping	Arrays
 Analyze	by putting together	Naming	Numbers
 Analyze	by putting together	Naming	Terms
 Analyze	by putting together	Naming	Factors
 Analyze	by putting together	Naming	Angles
 Analyze	by putting together	Naming	Algebraic Expressions
 Analyze	by putting together	Naming	Variables
 Analyze	by putting together	Naming	Functions
 Analyze	by putting together	Naming	Chance Processes
 Analyze	by putting together	Naming	Arrays
 Analyze	by putting together	Sequencing	Numbers
 Analyze	by putting together	Sequencing	Terms
 Analyze	by putting together	Sequencing	Factors
 Analyze	by putting together	Sequencing	Angles
 Analyze	by putting together	Sequencing	Algebraic Expressions
 Analyze	by putting together	Sequencing	Variables
 Analyze	by putting together	Sequencing	Functions
 Analyze	by putting together	Sequencing	Chance Processes
 Analyze	by putting together	Sequencing	Arrays
 Analyze	by putting together	Ordering	Numbers
 Analyze	by putting together	Ordering	Terms
 Analyze	by putting together	Ordering	Factors
 Analyze	by putting together	Ordering	Angles
 Analyze	by putting together	Ordering	Algebraic Expressions
 Analyze	by putting together	Ordering	Variables
 Analyze	by putting together	Ordering	Functions
 Analyze	by putting together	Ordering	Chance Processes
 Analyze	by putting together	Ordering	Arrays
 Analyze	by putting together	Adding	Numbers
 Analyze	by putting together	Adding	Terms
 Analyze	by putting together	Adding	Factors
 Analyze	by putting together	Adding	Angles
 Analyze	by putting together	Adding	Algebraic Expressions
 Analyze	by putting together	Adding	Variables
 Analyze	by putting together	Adding	Functions
 Analyze	by putting together	Adding	Chance Processes
 Analyze	by putting together	Adding	Arrays
 Analyze	by putting together	Subtracting	Numbers
 Analyze	by putting together	Subtracting	Terms
 Analyze	by putting together	Subtracting	Factors
 Analyze	by putting together	Subtracting	Angles
 Analyze	by putting together	Subtracting	Algebraic Expressions
 Analyze	by putting together	Subtracting	Variables
 Analyze	by putting together	Subtracting	Functions
 Analyze	by putting together	Subtracting	Chance Processes
 Analyze	by putting together	Subtracting	Arrays
 Analyze	by putting together	Multiplying	Numbers
 Analyze	by putting together	Multiplying	Terms
 Analyze	by putting together	Multiplying	Factors
 Analyze	by putting together	Multiplying	Angles
 Analyze	by putting together	Multiplying	Algebraic Expressions
 Analyze	by putting together	Multiplying	Variables
 Analyze	by putting together	Multiplying	Functions
 Analyze	by putting together	Multiplying	Chance Processes
 Analyze	by putting together	Multiplying	Arrays
 Analyze	by putting together	Dividing	Numbers
 Analyze	by putting together	Dividing	Terms
 Analyze	by putting together	Dividing	Factors
 Analyze	by putting together	Dividing	Angles
 Analyze	by putting together	Dividing	Algebraic Expressions
 Analyze	by putting together	Dividing	Variables
 Analyze	by putting together	Dividing	Functions
 Analyze	by putting together	Dividing	Chance Processes
 Analyze	by putting together	Dividing	Arrays
 Analyze	by putting together	Negating	Numbers
 Analyze	by putting together	Negating	Terms
 Analyze	by putting together	Negating	Factors
 Analyze	by putting together	Negating	Angles
 Analyze	by putting together	Negating	Algebraic Expressions
 Analyze	by putting together	Negating	Variables
 Analyze	by putting together	Negating	Functions
 Analyze	by putting together	Negating	Chance Processes
 Analyze	by putting together	Negating	Arrays
 Analyze	by putting together	Exponentiating	Numbers
 Analyze	by putting together	Exponentiating	Terms
 Analyze	by putting together	Exponentiating	Factors
 Analyze	by putting together	Exponentiating	Angles
 Analyze	by putting together	Exponentiating	Algebraic Expressions
 Analyze	by putting together	Exponentiating	Variables
 Analyze	by putting together	Exponentiating	Functions
 Analyze	by putting together	Exponentiating	Chance Processes
 Analyze	by putting together	Exponentiating	Arrays
 Analyze	by putting together	Grouping	Numbers
 Analyze	by putting together	Grouping	Terms
 Analyze	by putting together	Grouping	Factors
 Analyze	by putting together	Grouping	Angles
 Analyze	by putting together	Grouping	Algebraic Expressions
 Analyze	by putting together	Grouping	Variables
 Analyze	by putting together	Grouping	Functions
 Analyze	by putting together	Grouping	Chance Processes
 Analyze	by putting together	Grouping	Arrays
 Analyze	by adding to	Naming	Numbers
 Analyze	by adding to	Naming	Terms
 Analyze	by adding to	Naming	Factors
 Analyze	by adding to	Naming	Angles
 Analyze	by adding to	Naming	Algebraic Expressions
 Analyze	by adding to	Naming	Variables
 Analyze	by adding to	Naming	Functions
 Analyze	by adding to	Naming	Chance Processes
 Analyze	by adding to	Naming	Arrays
 Analyze	by adding to	Sequencing	Numbers
 Analyze	by adding to	Sequencing	Terms
 Analyze	by adding to	Sequencing	Factors
 Analyze	by adding to	Sequencing	Angles
 Analyze	by adding to	Sequencing	Algebraic Expressions
 Analyze	by adding to	Sequencing	Variables
 Analyze	by adding to	Sequencing	Functions
 Analyze	by adding to	Sequencing	Chance Processes
 Analyze	by adding to	Sequencing	Arrays
 Analyze	by adding to	Ordering	Numbers
 Analyze	by adding to	Ordering	Terms
 Analyze	by adding to	Ordering	Factors
 Analyze	by adding to	Ordering	Angles
 Analyze	by adding to	Ordering	Algebraic Expressions
 Analyze	by adding to	Ordering	Variables
 Analyze	by adding to	Ordering	Functions
 Analyze	by adding to	Ordering	Chance Processes
 Analyze	by adding to	Ordering	Arrays
 Analyze	by adding to	Adding	Numbers
 Analyze	by adding to	Adding	Terms
 Analyze	by adding to	Adding	Factors
 Analyze	by adding to	Adding	Angles
 Analyze	by adding to	Adding	Algebraic Expressions
 Analyze	by adding to	Adding	Variables
 Analyze	by adding to	Adding	Functions
 Analyze	by adding to	Adding	Chance Processes
 Analyze	by adding to	Adding	Arrays
 Analyze	by adding to	Subtracting	Numbers
 Analyze	by adding to	Subtracting	Terms
 Analyze	by adding to	Subtracting	Factors
 Analyze	by adding to	Subtracting	Angles
 Analyze	by adding to	Subtracting	Algebraic Expressions
 Analyze	by adding to	Subtracting	Variables
 Analyze	by adding to	Subtracting	Functions
 Analyze	by adding to	Subtracting	Chance Processes
 Analyze	by adding to	Subtracting	Arrays
 Analyze	by adding to	Multiplying	Numbers
 Analyze	by adding to	Multiplying	Terms
 Analyze	by adding to	Multiplying	Factors
 Analyze	by adding to	Multiplying	Angles
 Analyze	by adding to	Multiplying	Algebraic Expressions
 Analyze	by adding to	Multiplying	Variables
 Analyze	by adding to	Multiplying	Functions
 Analyze	by adding to	Multiplying	Chance Processes
 Analyze	by adding to	Multiplying	Arrays
 Analyze	by adding to	Dividing	Numbers
 Analyze	by adding to	Dividing	Terms
 Analyze	by adding to	Dividing	Factors
 Analyze	by adding to	Dividing	Angles
 Analyze	by adding to	Dividing	Algebraic Expressions
 Analyze	by adding to	Dividing	Variables
 Analyze	by adding to	Dividing	Functions
 Analyze	by adding to	Dividing	Chance Processes
 Analyze	by adding to	Dividing	Arrays
 Analyze	by adding to	Negating	Numbers
 Analyze	by adding to	Negating	Terms
 Analyze	by adding to	Negating	Factors
 Analyze	by adding to	Negating	Angles
 Analyze	by adding to	Negating	Algebraic Expressions
 Analyze	by adding to	Negating	Variables
 Analyze	by adding to	Negating	Functions
 Analyze	by adding to	Negating	Chance Processes
 Analyze	by adding to	Negating	Arrays
 Analyze	by adding to	Exponentiating	Numbers
 Analyze	by adding to	Exponentiating	Terms
 Analyze	by adding to	Exponentiating	Factors
 Analyze	by adding to	Exponentiating	Angles
 Analyze	by adding to	Exponentiating	Algebraic Expressions
 Analyze	by adding to	Exponentiating	Variables
 Analyze	by adding to	Exponentiating	Functions
 Analyze	by adding to	Exponentiating	Chance Processes
 Analyze	by adding to	Exponentiating	Arrays
 Analyze	by adding to	Grouping	Numbers
 Analyze	by adding to	Grouping	Terms
 Analyze	by adding to	Grouping	Factors
 Analyze	by adding to	Grouping	Angles
 Analyze	by adding to	Grouping	Algebraic Expressions
 Analyze	by adding to	Grouping	Variables
 Analyze	by adding to	Grouping	Functions
 Analyze	by adding to	Grouping	Chance Processes
 Analyze	by adding to	Grouping	Arrays
 Analyze	by taking apart	Naming	Numbers
 Analyze	by taking apart	Naming	Terms
 Analyze	by taking apart	Naming	Factors
 Analyze	by taking apart	Naming	Angles
 Analyze	by taking apart	Naming	Algebraic Expressions
 Analyze	by taking apart	Naming	Variables
 Analyze	by taking apart	Naming	Functions
 Analyze	by taking apart	Naming	Chance Processes
 Analyze	by taking apart	Naming	Arrays
 Analyze	by taking apart	Sequencing	Numbers
 Analyze	by taking apart	Sequencing	Terms
 Analyze	by taking apart	Sequencing	Factors
 Analyze	by taking apart	Sequencing	Angles
 Analyze	by taking apart	Sequencing	Algebraic Expressions
 Analyze	by taking apart	Sequencing	Variables
 Analyze	by taking apart	Sequencing	Functions
 Analyze	by taking apart	Sequencing	Chance Processes
 Analyze	by taking apart	Sequencing	Arrays
 Analyze	by taking apart	Ordering	Numbers
 Analyze	by taking apart	Ordering	Terms
 Analyze	by taking apart	Ordering	Factors
 Analyze	by taking apart	Ordering	Angles
 Analyze	by taking apart	Ordering	Algebraic Expressions
 Analyze	by taking apart	Ordering	Variables
 Analyze	by taking apart	Ordering	Functions
 Analyze	by taking apart	Ordering	Chance Processes
 Analyze	by taking apart	Ordering	Arrays
 Analyze	by taking apart	Adding	Numbers
 Analyze	by taking apart	Adding	Terms
 Analyze	by taking apart	Adding	Factors
 Analyze	by taking apart	Adding	Angles
 Analyze	by taking apart	Adding	Algebraic Expressions
 Analyze	by taking apart	Adding	Variables
 Analyze	by taking apart	Adding	Functions
 Analyze	by taking apart	Adding	Chance Processes
 Analyze	by taking apart	Adding	Arrays
 Analyze	by taking apart	Subtracting	Numbers
 Analyze	by taking apart	Subtracting	Terms
 Analyze	by taking apart	Subtracting	Factors
 Analyze	by taking apart	Subtracting	Angles
 Analyze	by taking apart	Subtracting	Algebraic Expressions
 Analyze	by taking apart	Subtracting	Variables
 Analyze	by taking apart	Subtracting	Functions
 Analyze	by taking apart	Subtracting	Chance Processes
 Analyze	by taking apart	Subtracting	Arrays
 Analyze	by taking apart	Multiplying	Numbers
 Analyze	by taking apart	Multiplying	Terms
 Analyze	by taking apart	Multiplying	Factors
 Analyze	by taking apart	Multiplying	Angles
 Analyze	by taking apart	Multiplying	Algebraic Expressions
 Analyze	by taking apart	Multiplying	Variables
 Analyze	by taking apart	Multiplying	Functions
 Analyze	by taking apart	Multiplying	Chance Processes
 Analyze	by taking apart	Multiplying	Arrays
 Analyze	by taking apart	Dividing	Numbers
 Analyze	by taking apart	Dividing	Terms
 Analyze	by taking apart	Dividing	Factors
 Analyze	by taking apart	Dividing	Angles
 Analyze	by taking apart	Dividing	Algebraic Expressions
 Analyze	by taking apart	Dividing	Variables
 Analyze	by taking apart	Dividing	Functions
 Analyze	by taking apart	Dividing	Chance Processes
 Analyze	by taking apart	Dividing	Arrays
 Analyze	by taking apart	Negating	Numbers
 Analyze	by taking apart	Negating	Terms
 Analyze	by taking apart	Negating	Factors
 Analyze	by taking apart	Negating	Angles
 Analyze	by taking apart	Negating	Algebraic Expressions
 Analyze	by taking apart	Negating	Variables
 Analyze	by taking apart	Negating	Functions
 Analyze	by taking apart	Negating	Chance Processes
 Analyze	by taking apart	Negating	Arrays
 Analyze	by taking apart	Exponentiating	Numbers
 Analyze	by taking apart	Exponentiating	Terms
 Analyze	by taking apart	Exponentiating	Factors
 Analyze	by taking apart	Exponentiating	Angles
 Analyze	by taking apart	Exponentiating	Algebraic Expressions
 Analyze	by taking apart	Exponentiating	Variables
 Analyze	by taking apart	Exponentiating	Functions
 Analyze	by taking apart	Exponentiating	Chance Processes
 Analyze	by taking apart	Exponentiating	Arrays
 Analyze	by taking apart	Grouping	Numbers
 Analyze	by taking apart	Grouping	Terms
 Analyze	by taking apart	Grouping	Factors
 Analyze	by taking apart	Grouping	Angles
 Analyze	by taking apart	Grouping	Algebraic Expressions
 Analyze	by taking apart	Grouping	Variables
 Analyze	by taking apart	Grouping	Functions
 Analyze	by taking apart	Grouping	Chance Processes
 Analyze	by taking apart	Grouping	Arrays
 Analyze	by taking from	Naming	Numbers
 Analyze	by taking from	Naming	Terms
 Analyze	by taking from	Naming	Factors
 Analyze	by taking from	Naming	Angles
 Analyze	by taking from	Naming	Algebraic Expressions
 Analyze	by taking from	Naming	Variables
 Analyze	by taking from	Naming	Functions
 Analyze	by taking from	Naming	Chance Processes
 Analyze	by taking from	Naming	Arrays
 Analyze	by taking from	Sequencing	Numbers
 Analyze	by taking from	Sequencing	Terms
 Analyze	by taking from	Sequencing	Factors
 Analyze	by taking from	Sequencing	Angles
 Analyze	by taking from	Sequencing	Algebraic Expressions
 Analyze	by taking from	Sequencing	Variables
 Analyze	by taking from	Sequencing	Functions
 Analyze	by taking from	Sequencing	Chance Processes
 Analyze	by taking from	Sequencing	Arrays
 Analyze	by taking from	Ordering	Numbers
 Analyze	by taking from	Ordering	Terms
 Analyze	by taking from	Ordering	Factors
 Analyze	by taking from	Ordering	Angles
 Analyze	by taking from	Ordering	Algebraic Expressions
 Analyze	by taking from	Ordering	Variables
 Analyze	by taking from	Ordering	Functions
 Analyze	by taking from	Ordering	Chance Processes
 Analyze	by taking from	Ordering	Arrays
 Analyze	by taking from	Adding	Numbers
 Analyze	by taking from	Adding	Terms
 Analyze	by taking from	Adding	Factors
 Analyze	by taking from	Adding	Angles
 Analyze	by taking from	Adding	Algebraic Expressions
 Analyze	by taking from	Adding	Variables
 Analyze	by taking from	Adding	Functions
 Analyze	by taking from	Adding	Chance Processes
 Analyze	by taking from	Adding	Arrays
 Analyze	by taking from	Subtracting	Numbers
 Analyze	by taking from	Subtracting	Terms
 Analyze	by taking from	Subtracting	Factors
 Analyze	by taking from	Subtracting	Angles
 Analyze	by taking from	Subtracting	Algebraic Expressions
 Analyze	by taking from	Subtracting	Variables
 Analyze	by taking from	Subtracting	Functions
 Analyze	by taking from	Subtracting	Chance Processes
 Analyze	by taking from	Subtracting	Arrays
 Analyze	by taking from	Multiplying	Numbers
 Analyze	by taking from	Multiplying	Terms
 Analyze	by taking from	Multiplying	Factors
 Analyze	by taking from	Multiplying	Angles
 Analyze	by taking from	Multiplying	Algebraic Expressions
 Analyze	by taking from	Multiplying	Variables
 Analyze	by taking from	Multiplying	Functions
 Analyze	by taking from	Multiplying	Chance Processes
 Analyze	by taking from	Multiplying	Arrays
 Analyze	by taking from	Dividing	Numbers
 Analyze	by taking from	Dividing	Terms
 Analyze	by taking from	Dividing	Factors
 Analyze	by taking from	Dividing	Angles
 Analyze	by taking from	Dividing	Algebraic Expressions
 Analyze	by taking from	Dividing	Variables
 Analyze	by taking from	Dividing	Functions
 Analyze	by taking from	Dividing	Chance Processes
 Analyze	by taking from	Dividing	Arrays
 Analyze	by taking from	Negating	Numbers
 Analyze	by taking from	Negating	Terms
 Analyze	by taking from	Negating	Factors
 Analyze	by taking from	Negating	Angles
 Analyze	by taking from	Negating	Algebraic Expressions
 Analyze	by taking from	Negating	Variables
 Analyze	by taking from	Negating	Functions
 Analyze	by taking from	Negating	Chance Processes
 Analyze	by taking from	Negating	Arrays
 Analyze	by taking from	Exponentiating	Numbers
 Analyze	by taking from	Exponentiating	Terms
 Analyze	by taking from	Exponentiating	Factors
 Analyze	by taking from	Exponentiating	Angles
 Analyze	by taking from	Exponentiating	Algebraic Expressions
 Analyze	by taking from	Exponentiating	Variables
 Analyze	by taking from	Exponentiating	Functions
 Analyze	by taking from	Exponentiating	Chance Processes
 Analyze	by taking from	Exponentiating	Arrays
 Analyze	by taking from	Grouping	Numbers
 Analyze	by taking from	Grouping	Terms
 Analyze	by taking from	Grouping	Factors
 Analyze	by taking from	Grouping	Angles
 Analyze	by taking from	Grouping	Algebraic Expressions
 Analyze	by taking from	Grouping	Variables
 Analyze	by taking from	Grouping	Functions
 Analyze	by taking from	Grouping	Chance Processes
 Analyze	by taking from	Grouping	Arrays
